<?xml version="1.0"?>
<Settings xmlns:xsd="http://www.w3.org/2001/XMLSchema" xmlns:xsi="http://www.w3.org/2001/XMLSchema-instance">
  <Project customer="Sample Customer" platform="Sample Platform" />
  <SimDevice module="ECU" name="AB1FD" refchannel="DISPLACEMENT" refDir="X" refUnit="cm" firingDelay="0.5" />
  <SimDevice module="ECU" name="AB1FP" refchannel="DISPLACEMENT" refDir="X" refUnit="cm" firingDelay="0.5" />
  <SimDevice module="ECU" name="AB2FD" refchannel="DISPLACEMENT" refDir="X" refUnit="cm" firingDelay="0.5" />
  <SimDevice module="ECU" name="AB2FP" refchannel="DISPLACEMENT" refDir="X" refUnit="cm" firingDelay="0.5" />
  <SimDevice module="ECU" name="BT1FD" refchannel="DISPLACEMENT" refDir="X" refUnit="cm" firingDelay="0.5" />
  <SimDevice module="ECU" name="BT1FP" refchannel="DISPLACEMENT" refDir="X" refUnit="cm" firingDelay="0.5" />
  <SimDevice module="ECU" name="ALLFD" refchannel="DISPLACEMENT" refDir="X" refUnit="cm" firingDelay="0.5" />
  <SimDevice module="ECU" name="ALLFP" refchannel="DISPLACEMENT" refDir="X" refUnit="cm" firingDelay="0.5" />
  <SimDevice module="ECU" name="SA1FD" refchannel="DISPLACEMENT" refDir="X" refUnit="cm" firingDelay="0.5" />
  <SimDevice module="ECU" name="SA1FP" refchannel="DISPLACEMENT" refDir="X" refUnit="cm" firingDelay="0.5" />
  <SimDevice module="ECU" name="KA1FD" refchannel="DISPLACEMENT" refDir="X" refUnit="cm" firingDelay="0.5" />
  <SimDevice module="ECU" name="KA1FP" refchannel="DISPLACEMENT" refDir="X" refUnit="cm" firingDelay="0.5" />
  <SimDevice module="ECU" name="IC1FD" refchannel="DISPLACEMENT" refDir="X" refUnit="cm" firingDelay="0.5" />
  <SimDevice module="ECU" name="IC1FP" refchannel="DISPLACEMENT" refDir="X" refUnit="cm" firingDelay="0.5" />
  <SimDevice module="ECU" name="BT1RD" refchannel="DISPLACEMENT" refDir="X" refUnit="cm" firingDelay="0.5" />
  <SimDevice module="ECU" name="BT1RP" refchannel="DISPLACEMENT" refDir="X" refUnit="cm" firingDelay="0.5" />
  <SimDevice module="ECU" name="SA1RD" refchannel="DISPLACEMENT" refDir="X" refUnit="cm" firingDelay="0.5" />
  <SimDevice module="ECU" name="SA1RP" refchannel="DISPLACEMENT" refDir="X" refUnit="cm" firingDelay="0.5" />
  <SimDevice module="ECU" name="FS1FD" refchannel="DISPLACEMENT" refDir="X" refUnit="cm" firingDelay="0.5" />
  <SimDevice module="ECU" name="ALLRD" refchannel="DISPLACEMENT" refDir="X" refUnit="cm" firingDelay="0.5" />
  <SimDevice module="ECU" name="ALLRP" refchannel="DISPLACEMENT" refDir="X" refUnit="cm" firingDelay="0.5" />
  <SimDevice module="ECU" name="AB1RD" refchannel="DISPLACEMENT" refDir="X" refUnit="cm" firingDelay="0.5" />
  <SimDevice module="ECU" name="AB1RP" refchannel="DISPLACEMENT" refDir="X" refUnit="cm" firingDelay="0.5" />
  <CrashSpecific />
  <Requirements filename="" />
  <Variations>
    <InterruptLevels module="ECU">
      <InterruptLevel name="Algorithm">
        <Variant t="0.25588" />
      </InterruptLevel>
      <InterruptLevel name="Background">
        <Variant t="1.03644" />
      </InterruptLevel>
      <InterruptLevel name="Schedule1ms">
        <Variant t="0.10159" />
      </InterruptLevel>
      <InterruptLevel name="Schedule2ms">
        <Variant t="1.07433" />
      </InterruptLevel>
      <InterruptLevel name="SensorSampling128us">
        <Variant t="0.07651" />
      </InterruptLevel>
      <InterruptLevel name="SensorSampling512us">
        <Variant t="0.04908" />
      </InterruptLevel>
    </InterruptLevels>
    <InterruptLevels module="UFSD">
      <InterruptLevel name="DataAquisition">
        <Variant t="0.01162" />
      </InterruptLevel>
    </InterruptLevels>
    <InterruptLevels module="UFSC">
      <InterruptLevel name="DataAquisition">
        <Variant t="0.0395" />
      </InterruptLevel>
    </InterruptLevels>
    <InterruptLevels module="UFSP">
      <InterruptLevel name="DataAquisition">
        <Variant t="0.09178" />
      </InterruptLevel>
    </InterruptLevels>
    <InterruptLevels module="PASFD">
      <InterruptLevel name="DataAquisition">
        <Variant t="0.08457" />
      </InterruptLevel>
    </InterruptLevels>
    <InterruptLevels module="PASFP">
      <InterruptLevel name="DataAquisition">
        <Variant t="0.06672" />
      </InterruptLevel>
    </InterruptLevels>
    <InterruptLevels module="PASMD">
      <InterruptLevel name="DataAquisition">
        <Variant t="0.06654" />
      </InterruptLevel>
    </InterruptLevels>
    <InterruptLevels module="PASMP">
      <InterruptLevel name="DataAquisition">
        <Variant t="0.00503" />
      </InterruptLevel>
    </InterruptLevels>
    <InterruptLevels module="PPSFD">
      <InterruptLevel name="DataAquisition">
        <Variant t="0.02989" />
      </InterruptLevel>
    </InterruptLevels>
    <InterruptLevels module="PPSFP">
      <InterruptLevel name="DataAquisition">
        <Variant t="0.09371" />
      </InterruptLevel>
    </InterruptLevels>
    <InterruptLevels module="PASRC">
      <InterruptLevel name="DataAquisition">
        <Variant t="0.0955" />
      </InterruptLevel>
    </InterruptLevels>
  </Variations>
</Settings>
