<?xml version="1.0"?>
<UserSettings xmlns:xsd="http://www.w3.org/2001/XMLSchema" xmlns:xsi="http://www.w3.org/2001/XMLSchema-instance">
  <VersionInfo GUI="MDSng 7.6.1.70  64bit" SimCore="7.6.1.70  64bit" />
  <SimulationTime />
  <EnhancementTime />
  <CombinationCrash>
    <DefaultCrash crashset="J30X_SRT_Crashset_Roll" name="Multi_EDR_RollrateSinus_FrontAD_8sec;1" assignmentComment="" />
    <SecondCrash crashset="J30X_SRT_Crashset" name="Single_AB12_EDR_Front_Inflatable_after_32767ms" assignmentComment="" />
  </CombinationCrash>
  <PrintManager paperSize="0" paperOrientation="false" left="0" top="0" right="0" bottom="0" countPages="0" />
  <CrashTime />
  <SimJob name="SRT_A3" />
  <CreisFile name="CreisSetting_SRTR" />
  <GroupOrder />
  <ViewTabOrder>
    <ViewTab name="1000G" />
    <ViewTab name="FrtAB2" />
    <ViewTab name="Plot_FrtRea" />
    <ViewTab name="Plot_Gen" />
    <ViewTab name="Plot_RoSe" />
    <ViewTab name="Plot_Side" />
    <ViewTab name="SAC2_Plot" />
    <ViewTab name="AWD" />
    <ViewTab name="Integration_Test" />
    <ViewTab name="Signal" />
    <ViewTab name="Squib" />
    <ViewTab name="CG_Front" />
    <ViewTab name="Frt_Cal_view" />
    <ViewTab name="Frt_General" />
    <ViewTab name="Frt_UfsFea" />
    <ViewTab name="Frt_UfsOffset" />
    <ViewTab name="Frt_Yoffset" />
    <ViewTab name="FrtStc" />
    <ViewTab name="CG_Side" />
    <ViewTab name="CTL_Side" />
    <ViewTab name="PPS_CalView" />
    <ViewTab name="SAC_IN_MEX" />
    <ViewTab name="SAC2_General" />
    <ViewTab name="SAC2_VPAF_B" />
    <ViewTab name="SAC2_VPAF_C" />
    <ViewTab name="Side_Calview" />
    <ViewTab name="SPR_General" />
    <ViewTab name="SPR_IN_MEX" />
    <ViewTab name="CustDSA" />
    <ViewTab name="Customer DSA Front" />
    <ViewTab name="Customer DSA RearCG" />
    <ViewTab name="Customer DSA Rose" />
    <ViewTab name="Customer DSA Side" />
    <ViewTab name="EDR" />
    <ViewTab name="Frt_SDP" />
    <ViewTab name="PPSSDP" />
    <ViewTab name="SideSDP" />
    <ViewTab name="Rear" />
    <ViewTab name="Rose" />
    <ViewTab name="RoSe_Main" />
  </ViewTabOrder>
  <CrashSetOrder>
    <CrashSet name="J30X_SRT_Crashset" />
    <CrashSet name="SRTR_Fault" expandedInCDMRightView="false" />
    <CrashSet name="J30X_SRT_Addnl" />
    <CrashSet name="J30X_SRT_CN_EDR" />
    <CrashSet name="J30X_SRT_Crashset_Roll" expandedInCDMRightView="false" />
  </CrashSetOrder>
  <CrashList>
    <Field name="CrashCode" />
    <Field name="Description" />
    <Field name="Speed" />
    <Field name="Temperature" />
    <Field name="SpeedXDirection" />
    <Field name="ClosingSpeed" />
    <Field name="Unit" />
    <Field name="Start" />
    <Field name="End" />
    <Field name="Type" />
    <Field name="MappingComment" />
    <Field name="Reliability" />
  </CrashList>
  <CrashList type="Combination">
    <Field name="CrashCode" />
    <Field name="Description" />
    <Field name="Speed" />
    <Field name="Temperature" />
    <Field name="SpeedXDirection" />
    <Field name="ClosingSpeed" />
    <Field name="Unit" />
    <Field name="Start" />
    <Field name="End" />
    <Field name="Type" />
    <Field name="MappingComment" />
    <Field name="Reliability" />
  </CrashList>
  <CrashList type="CDMLeft">
    <Field name="CrashCode" />
    <Field name="Description" />
    <Field name="Speed" />
    <Field name="Temperature" />
    <Field name="SpeedXDirection" />
    <Field name="ClosingSpeed" />
    <Field name="Unit" />
    <Field name="Start" />
    <Field name="End" />
    <Field name="Type" />
    <Field name="MappingComment" />
    <Field name="Reliability" />
  </CrashList>
  <CrashList type="CDMRight">
    <Field name="CrashCode" />
    <Field name="Description" />
    <Field name="Speed" />
    <Field name="Temperature" />
    <Field name="SpeedXDirection" />
    <Field name="ClosingSpeed" />
    <Field name="Unit" />
    <Field name="Start" />
    <Field name="End" />
    <Field name="Type" />
    <Field name="MappingComment" />
    <Field name="Reliability" />
  </CrashList>
  <CrashDBSearchResult>
    <Field name="CrashCode" />
    <Field name="Description" />
    <Field name="Speed" />
    <Field name="Unit" />
    <Field name="Type" />
    <Field name="Manufacturer" />
  </CrashDBSearchResult>
  <SimulationSideBar>
    <Field name="Amplitude1" />
    <Field name="Amplitude2" />
    <Field name="Offset" />
    <Field name="FrequencyFactor" />
    <Field name="TimeShift" />
  </SimulationSideBar>
  <Module name="ECU">
    <AlgFile path="Z:\05_Mazda\003_BM-00058317_J30S\PM\A_App\001_Cal\01.Cal.US.MEX\B.MDS\06_Parameter\Base_Para\J30A-F00S00Re00R00_disStat.alg" />
    <AlgFile path="Z:\05_Mazda\003_BM-00058317_J30S\PM\A_App\001_Cal\01.Cal.US.MEX\B.MDS\06_Parameter\J30A-F00S00Re00R00_Base_UFSCConfigured.alg" />
    <AlgFile path="Z:\05_Mazda\003_BM-00058317_J30S\PM\A_App\001_Cal\01.Cal.US.MEX\B.MDS\02_Front\01_US\Parameter\J30A-F00(sai00.4).alg" />
    <AlgFile path="Z:\05_Mazda\003_BM-00058317_J30S\PM\A_App\001_Cal\01.Cal.US.MEX\B.MDS\02_Front\01_US\Parameter\J30A-F00(sai01).alg" />
    <AlgFile path="Z:\05_Mazda\003_BM-00058317_J30S\PM\A_App\001_Cal\01.Cal.US.MEX\B.MDS\02_Front\01_US\Parameter\J30S-F00(sai07)_Aron_OI_UFSOffset_YOffset_57kph.alg" />
    <AlgFile path="Z:\05_Mazda\003_BM-00058317_J30S\PM\A_App\001_Cal\01.Cal.US.MEX\B.MDS\02_Front\01_US\Parameter\J30S-F00(sai05.04).alg" />
    <AlgFile path="Z:\05_Mazda\003_BM-00058317_J30S\PM\A_App\001_Cal\01.Cal.US.MEX\B.MDS\02_Front\01_US\Parameter\J30S-F00(sai07)_Aron_OI_UFSOffset.alg" />
    <AlgFile path="Z:\05_Mazda\003_BM-00058317_J30S\PM\A_App\001_Cal\01.Cal.US.MEX\B.MDS\02_Front\01_US\Parameter\J30S-F00(sai13)_Aro.alg" />
    <AlgFile path="Z:\05_Mazda\003_BM-00058317_J30S\PM\A_App\001_Cal\01.Cal.US.MEX\B.MDS\03_Side\Parameter\J30S-F00S00(hht11)Re00R00.alg" />
    <AlgFile path="C:\Users\HHT3KOR\Desktop\Working_Dir\2023 CW04-06\Mazda_J30X_SRTR\01-MDSng-Hi_LHD-B0_0002_2R\Parameter\dummy.alg" />
    <AlgFile path="C:\Users\HHT3KOR\Desktop\Working_Dir\2023 CW04-06\Mazda_J30X_SRTR\01-MDSng-Hi_LHD-B0_0002_2R\Parameter\J30S-F01S01Re01R00_J30X_migration.alg" />
    <AlgFile path="C:\Users\HHT3KOR\Desktop\Working_Dir\2023 CW04-06\Mazda_J30X_SRTR\01-MDSng-Hi_LHD-B0_0002_2R\Parameter\J72AAB12_FAFSAFReAFRoAFEAF_SRTR-1R_CP3.alg" />
    <AlgFile path="C:\Users\HHT3KOR\Desktop\Working_Dir\2023 CW04-06\Mazda_J30X_SRTR\01-MDSng-Hi_LHD-B0_0002_2R\Parameter\J30S-SRT_EDR_J30X_adaptTo_054CA6_PASFPMP_FAULT_update_Rear.alg" />
    <AlgFile path="C:\Users\HHT3KOR\Desktop\Working_Dir\2023 CW04-06\Mazda_J30X_SRTR\01-MDSng-Hi_LHD-B0_0002_2R\Parameter\J30S-SRT_EDR_J30X_adaptTo_054CA6_PASFPMP_FAULT_update.alg" />
    <AlgFile path="C:\Users\HHT3KOR\Desktop\Working_Dir\2023 CW04-06\Mazda_J30X_SRTR\01-MDSng-Hi_LHD-B0_0002_2R\Parameter\J30S-SRT_EDR_J30X_adaptTo_054CA6.alg" />
    <AlgFile path="C:\Users\HHT3KOR\Desktop\Working_Dir\2023 CW04-06\Mazda_J30X_SRTR\01-MDSng-Hi_LHD-B0_0002_2R\Parameter\New folder\J30X_FA0SA0ReA0RoA0_1R.alg" />
    <AlgFile path="C:\Users\HHT3KOR\Desktop\Working_Dir\2023 CW04-06\Mazda_J30X_SRTR\01-MDSng-Hi_LHD-B0_0002_2R\Parameter\New folder\J30X_FA1SA1ReA1RoA1_1R.alg" />
    <AlgFile path="C:\Users\HHT3KOR\Desktop\Working_Dir\2023 CW04-06\Mazda_J30X_SRTR\01-MDSng-Hi_LHD-B0_0002_2R\Parameter\054CA5_HighStart2.alg" />
    <AlgFile path="C:\Users\HHT3KOR\Desktop\Working_Dir\2023 CW04-06\Mazda_J30X_SRTR\01-MDSng-Hi_LHD-B0_0002_2R\Parameter\J30X_FA1SA1ReA1RoA1_1R.alg" />
    <AlgFile path="C:\Users\HHT3KOR\Desktop\Working_Dir\2023 CW04-06\Mazda_J30X_SRTR\01-MDSng-Hi_LHD-B0_0002_2R\Parameter\054CA5_HighStart.alg" />
    <AlgFile path="C:\Users\HHT3KOR\Desktop\Working_Dir\2023 CW04-06\Mazda_J30X_SRTR\01-MDSng-Hi_LHD-B0_0002_2R\Parameter\054CA6.alg" />
    <AlgFile path="C:\Users\HHT3KOR\Desktop\Working_Dir\2023 CW04-06\Mazda_J30X_SRTR\01-MDSng-Hi_LHD-B0_0002_2R\Parameter\J34H-FA2SA2ReA2RA2_1R_SRTR.alg" />
    <AlgFile path="C:\Users\HHT3KOR\Desktop\Working_Dir\2023 CW04-06\Mazda_J30X_SRTR\01-MDSng-Hi_LHD-B0_0002_2R\Parameter\J34H-FA1SA1ReA1RA1_1R_SRTR.alg" />
    <AlgFile path="C:\Users\HHT3KOR\Desktop\Working_Dir\2023 CW04-06\Mazda_J30X_SRTR\01-MDSng-Hi_LHD-B0_0002_2R\Parameter\J34H-FA3SA3ReA3RA3_1R_SRTR.alg" />
    <AlgFile path="C:\Users\HHT3KOR\Desktop\Working_Dir\2023 CW04-06\Mazda_J30X_SRTR\01-MDSng-Hi_LHD-B0_0002_2R\Parameter\J30X_FA2SA2ReA2RA2_1R_SRTR.alg" />
    <AlgFile path="C:\Users\HHT3KOR\Desktop\Working_Dir\2023 CW04-06\Mazda_J30X_SRTR\01-MDSng-Hi_LHD-B0_0002_2R\Parameter\J30X_FA4SA4ReA4RoA4_1R.alg" />
    <AlgFile path="C:\Users\HHT3KOR\Desktop\Working_Dir\2023 CW04-06\Mazda_J30X_SRTR\01-MDSng-Hi_LHD-B0_0002_2R\Parameter\J30X_FA3SA3ReA3RoA3_1R.alg" />
    <AlgFile path="C:\Users\HHT3KOR\Desktop\Working_Dir\2023 CW04-06\Mazda_J30X_SRTR\01-MDSng-Hi_LHD-B0_0002_2R\Parameter\J30X_FA2SA2ReA2RA2_1R.alg" />
    <AlgFile path="C:\__Sai\Mazda\J30X\SRT_Support\R01\Parameter\J30X_FA4SA4ReA4RoA4_1R.alg" />
    <AlgFile path="C:\__Sai\Mazda\J30X\SRT_Support\R01\Parameter\J30X_FA0SA0ReA0RoA0_1R.alg" />
    <AlgFile path="C:\__Sai\Mazda\J30X\SRT_Support\R01\Parameter\J30X_FA0SA0ReA0RoA5_1R.alg" />
    <AlgFile path="C:\__Sai\Mazda\J30X\SRT_Support\R01\Parameter\J30X_FA1SA1ReA1RoA1_1R.alg" />
    <AlgFile path="C:\__Sai\Mazda\J30X\SRT_Support\R01\Parameter\J30X_FA2SA2ReA2RA2_1R.alg" />
    <AlgFile path="C:\__Sai\Mazda\J30X\SRT_Support\R01\Parameter\New_paras\J30X_FA2SA2ReA2RA2_2R.alg" />
    <AlgFile path="C:\__Sai\Mazda\J30X\SRT_Support\R01\Parameter\J30X_FA3SA3ReA3RoA3_1R.alg" />
    <AlgFile path="C:\__Sai\Mazda\J30X\SRT_Support\R01\Parameter\J30X_FA4SA4ReA4RoA4_1R-Rev1.alg" />
    <AlgFile path="C:\__Sai\Mazda\J30X\SRT_Support\R01\Parameter\New_paras\J30X_FA1SA1ReA1RoA1_2R.alg" />
    <AlgFile path="C:\__Sai\Mazda\J30X\SRT_Support\R01\Parameter\New_paras\J30X_FA2SA2ReA2RoA2_2R.alg" />
    <AlgFile path="C:\__Sai\Mazda\J30X\SRT_Support\R01\Parameter\New_paras\J30X_FA4SA4ReA4RoA4_2R.alg" />
    <AlgFile path="C:\__Sai\Mazda\J30X\SRT_Support\R01\Parameter\New_paras\J30X_FA0SA0ReA0RoA0_2R.alg" />
    <AlgFile path="C:\__Sai\Mazda\J30X\SRT_Support\R01\Parameter\New_paras\J30X_FA3SA3ReA3RoA3_2R.alg" />
  </Module>
  <FolderPaths OpenProject="C:\__Sai\Mazda\J30X\SRT_Support\R01\MDSng-Hi_LHD-B0_0002_2R\MDSng-J30X_Hi_LHD.mdsng64" SaveResultFile="C:\__Sai\Mazda\J30X\SRT_Support\R01\crash_file\Crashfile_SRTR_EDR_J30X_FA3SA3ReA3RoA3_2R.mdb" EEPROMCode="C:\__Sai\Mazda\J30X\SRT_Support\R01\c_files\A3\DummyFile" />
  <CustomerMDSngSettings EnableProject="true" EnableSimulationSettings="true" EnableOthers="true" EnableEEPROMCode="true" EnableRecentlyOpenedProject="true" EnableCustomerProject="true" EnableCalibration="true" EnableInstrumentation="true" EnableSimulationSideBar="true" EnableView="true" EnableViewTabs="true" EnableParameters="true" EnableSimulation="true" EnableHardware="true" EnableAlgorithm="true" EnableOutput="true" />
  <OutputViewSetting />
</UserSettings>
