<?xml version="1.0"?>
<AssignmentList xmlns:xsd="http://www.w3.org/2001/XMLSchema" xmlns:xsi="http://www.w3.org/2001/XMLSchema-instance">
  <Info />
  <Assignments>
    <crash crashcode="Multi_Front_Front_20190918" crashversion="2019-09-18 03:30:18" assignmentComment="">
      <Assignment channelName="ECUY" direction="Y" channelNumber="2" sensorLocation="ay_highG" />
      <Assignment channelName="ECUX" direction="X" channelNumber="1" sensorLocation="ax_highG" />
      <Assignment channelName="ECUXrd" direction="X" channelNumber="3" sensorLocation="ax_highG_rd" />
      <Assignment channelName="ECUYrd" direction="Y" channelNumber="4" sensorLocation="ay_highG_rd" />
      <Assignment channelName="ECUX_midg" direction="X" channelNumber="5" sensorLocation="ax_midG" />
      <Assignment channelName="ZERO-Emulation" direction="" channelNumber="-1" sensorLocation="az_midG" />
      <Assignment channelName="ZERO-Emulation" direction="" channelNumber="-1" sensorLocation="ax_lowG" />
      <Assignment channelName="ZERO-Emulation" direction="" channelNumber="-1" sensorLocation="ay_lowG" />
      <Assignment channelName="ZERO-Emulation" direction="" channelNumber="-1" sensorLocation="az_lowG" />
      <Assignment channelName="ZERO-Emulation" direction="" channelNumber="-1" sensorLocation="rateX" />
      <Assignment channelName="ZERO-Emulation" direction="" channelNumber="-1" sensorLocation="rateZ" />
      <Assignment channelName="ZERO-Emulation" direction="" channelNumber="-1" sensorLocation="ay_midG" />
      <Assignment channelName="ZERO-Emulation" direction="" channelNumber="-1" sensorLocation="inertial_valid" />
      <Assignment channelName="ZERO-Emulation" direction="" channelNumber="-1" sensorLocation="REF_DIS_X" />
      <Assignment channelName="ZERO-Emulation" direction="" channelNumber="-1" sensorLocation="REF_VEL_X" />
      <Assignment channelName="ZERO-Emulation" direction="" channelNumber="-1" sensorLocation="REF_ACC_X" />
      <Assignment channelName="ZERO-Emulation" direction="" channelNumber="-1" sensorLocation="REF_ACC_Y" />
      <Assignment channelName="ZERO-Emulation" direction="" channelNumber="-1" sensorLocation="REF_ACC_Z" />
      <Assignment channelName="ZERO-Emulation" direction="" channelNumber="-1" sensorLocation="REF_ANG_X" />
      <Assignment channelName="ZERO-Emulation" direction="" channelNumber="-1" sensorLocation="REF_RAT_X" />
      <Assignment channelName="ZERO-Emulation" direction="" channelNumber="-1" sensorLocation="REF_ANG_Y" />
      <Assignment channelName="ZERO-Emulation" direction="" channelNumber="-1" sensorLocation="REF_RAT_Y" />
      <Assignment channelName="UFSL" direction="X" channelNumber="6" sensorLocation="UFSD" />
      <Assignment channelName="ZERO-Emulation" direction="" channelNumber="-1" sensorLocation="UFSM" />
      <Assignment channelName="UFSR" direction="X" channelNumber="7" sensorLocation="UFSP" />
      <Assignment channelName="PASFL" direction="Y" channelNumber="8" sensorLocation="PASFD" />
      <Assignment channelName="PASFR" direction="Y" channelNumber="9" sensorLocation="PASFP" />
      <Assignment channelName="PASML" direction="Y" channelNumber="10" sensorLocation="PASMD" />
      <Assignment channelName="PASMR" direction="Y" channelNumber="11" sensorLocation="PASMP" />
      <Assignment channelName="ZERO-Emulation" direction="" channelNumber="-1" sensorLocation="PPSFD" />
      <Assignment channelName="ZERO-Emulation" direction="" channelNumber="-1" sensorLocation="PPSFP" />
      <Assignment channelName="ZERO-Emulation" direction="" channelNumber="-1" sensorLocation="PASRC" />
    </crash>
    <crash crashcode="Multi_Sideleft_sideleft_20190918" crashversion="2019-09-18 03:44:39" assignmentComment="">
      <Assignment channelName="ECUY" direction="Y" channelNumber="2" sensorLocation="ay_highG" />
      <Assignment channelName="ECUX" direction="X" channelNumber="1" sensorLocation="ax_highG" />
      <Assignment channelName="ECUX_midg" direction="X" channelNumber="5" sensorLocation="ax_midG" />
      <Assignment channelName="ECUXrd" direction="X" channelNumber="3" sensorLocation="ax_highG_rd" />
      <Assignment channelName="ECUYrd" direction="Y" channelNumber="4" sensorLocation="ay_highG_rd" />
      <Assignment channelName="ZERO-Emulation" direction="" channelNumber="-1" sensorLocation="az_midG" />
      <Assignment channelName="ZERO-Emulation" direction="" channelNumber="-1" sensorLocation="ax_lowG" />
      <Assignment channelName="ZERO-Emulation" direction="" channelNumber="-1" sensorLocation="ay_lowG" />
      <Assignment channelName="ZERO-Emulation" direction="" channelNumber="-1" sensorLocation="az_lowG" />
      <Assignment channelName="ZERO-Emulation" direction="" channelNumber="-1" sensorLocation="rateX" />
      <Assignment channelName="ZERO-Emulation" direction="" channelNumber="-1" sensorLocation="rateZ" />
      <Assignment channelName="ZERO-Emulation" direction="" channelNumber="-1" sensorLocation="ay_midG" />
      <Assignment channelName="ZERO-Emulation" direction="" channelNumber="-1" sensorLocation="inertial_valid" />
      <Assignment channelName="ZERO-Emulation" direction="" channelNumber="-1" sensorLocation="REF_DIS_X" />
      <Assignment channelName="ZERO-Emulation" direction="" channelNumber="-1" sensorLocation="REF_VEL_X" />
      <Assignment channelName="ZERO-Emulation" direction="" channelNumber="-1" sensorLocation="REF_ACC_X" />
      <Assignment channelName="ZERO-Emulation" direction="" channelNumber="-1" sensorLocation="REF_ACC_Y" />
      <Assignment channelName="ZERO-Emulation" direction="" channelNumber="-1" sensorLocation="REF_ACC_Z" />
      <Assignment channelName="ZERO-Emulation" direction="" channelNumber="-1" sensorLocation="REF_ANG_X" />
      <Assignment channelName="ZERO-Emulation" direction="" channelNumber="-1" sensorLocation="REF_RAT_X" />
      <Assignment channelName="ZERO-Emulation" direction="" channelNumber="-1" sensorLocation="REF_ANG_Y" />
      <Assignment channelName="ZERO-Emulation" direction="" channelNumber="-1" sensorLocation="REF_RAT_Y" />
      <Assignment channelName="ZERO-Emulation" direction="" channelNumber="-1" sensorLocation="UFSD" />
      <Assignment channelName="ZERO-Emulation" direction="" channelNumber="-1" sensorLocation="UFSM" />
      <Assignment channelName="ZERO-Emulation" direction="" channelNumber="-1" sensorLocation="UFSP" />
      <Assignment channelName="PASFL" direction="Y" channelNumber="8" sensorLocation="PASFD" />
      <Assignment channelName="PASFR" direction="Y" channelNumber="9" sensorLocation="PASFP" />
      <Assignment channelName="PASML" direction="Y" channelNumber="10" sensorLocation="PASMD" />
      <Assignment channelName="PASMR" direction="Y" channelNumber="11" sensorLocation="PASMP" />
      <Assignment channelName="ZERO-Emulation" direction="" channelNumber="-1" sensorLocation="PPSFD" />
      <Assignment channelName="ZERO-Emulation" direction="" channelNumber="-1" sensorLocation="PPSFP" />
      <Assignment channelName="ZERO-Emulation" direction="" channelNumber="-1" sensorLocation="PASRC" />
    </crash>
    <crash crashcode="Multi_FrontAD_SideRightNoise;4" crashversion="2023-02-08 03:31:34" assignmentComment="">
      <Assignment channelName="ZERO-Emulation" direction="" channelNumber="-1" sensorLocation="ax_highG_rd" />
      <Assignment channelName="ZERO-Emulation" direction="" channelNumber="-1" sensorLocation="ay_highG_rd" />
      <Assignment channelName="ZERO-Emulation" direction="" channelNumber="-1" sensorLocation="az_midG" />
      <Assignment channelName="ZERO-Emulation" direction="" channelNumber="-1" sensorLocation="ax_lowG" />
      <Assignment channelName="ZERO-Emulation" direction="" channelNumber="-1" sensorLocation="rateZ" />
      <Assignment channelName="ZERO-Emulation" direction="" channelNumber="-1" sensorLocation="ax_midG" />
      <Assignment channelName="ZERO-Emulation" direction="" channelNumber="-1" sensorLocation="ay_midG" />
      <Assignment channelName="ZERO-Emulation" direction="" channelNumber="-1" sensorLocation="inertial_valid" />
      <Assignment channelName="ZERO-Emulation" direction="" channelNumber="-1" sensorLocation="REF_DIS_X" />
      <Assignment channelName="ZERO-Emulation" direction="" channelNumber="-1" sensorLocation="REF_VEL_X" />
      <Assignment channelName="ZERO-Emulation" direction="" channelNumber="-1" sensorLocation="REF_ACC_X" />
      <Assignment channelName="ZERO-Emulation" direction="" channelNumber="-1" sensorLocation="REF_ACC_Y" />
      <Assignment channelName="ZERO-Emulation" direction="" channelNumber="-1" sensorLocation="REF_ACC_Z" />
      <Assignment channelName="ZERO-Emulation" direction="" channelNumber="-1" sensorLocation="REF_ANG_X" />
      <Assignment channelName="ZERO-Emulation" direction="" channelNumber="-1" sensorLocation="REF_RAT_X" />
      <Assignment channelName="ZERO-Emulation" direction="" channelNumber="-1" sensorLocation="REF_ANG_Y" />
      <Assignment channelName="ZERO-Emulation" direction="" channelNumber="-1" sensorLocation="REF_RAT_Y" />
      <Assignment channelName="ECU Y" direction="Y" channelNumber="11" sensorLocation="ay_highG" />
      <Assignment channelName="ECU X" direction="X" channelNumber="1" sensorLocation="ax_highG" />
      <Assignment channelName="ECUY_lowg" direction="Y" channelNumber="7" sensorLocation="ay_lowG" />
      <Assignment channelName="ECUZ_lowg" direction="Z" channelNumber="8" sensorLocation="az_lowG" />
      <Assignment channelName="Rollrate X" direction="X" channelNumber="5" sensorLocation="rateX" />
      <Assignment channelName="UFS X" direction="X" channelNumber="6" sensorLocation="UFSD" />
      <Assignment channelName="UFS X" direction="X" channelNumber="6" sensorLocation="UFSM" />
      <Assignment channelName="UFS X" direction="X" channelNumber="6" sensorLocation="UFSP" />
      <Assignment channelName="PASL Y" direction="Y" channelNumber="9" sensorLocation="PASFD" />
      <Assignment channelName="PASR Y" direction="Y" channelNumber="12" sensorLocation="PASFP" />
      <Assignment channelName="PASL Y" direction="Y" channelNumber="9" sensorLocation="PASMD" />
      <Assignment channelName="PASR Y" direction="Y" channelNumber="12" sensorLocation="PASMP" />
      <Assignment channelName="PPSL" direction="0" channelNumber="2" sensorLocation="PPSFD" />
      <Assignment channelName="PPSR" direction="0" channelNumber="3" sensorLocation="PPSFP" />
      <Assignment channelName="ZERO-Emulation" direction="" channelNumber="-1" sensorLocation="PASRC" />
    </crash>
  </Assignments>
</AssignmentList>
