<?xml version="1.0"?>
<CrashSetDescription xmlns:xsd="http://www.w3.org/2001/XMLSchema" xmlns:xsi="http://www.w3.org/2001/XMLSchema-instance">
  <Info />
  <CrashSet name="J30X_SRT_Crashset_Roll">
    <crash crashcode="Multi_EDR_RearNAD_SideD_AD_FrtAD_SideP_ND_RollAD" crashversion="2016-10-07 11:36:14" assignmentComment="" />
    <crash crashcode="Multi_EDR_Frt_ND_Rear_NAD_Roll_AD_SideD_ND_Frt_AD" crashversion="2016-10-07 11:36:13" assignmentComment="" />
    <crash crashcode="Multi_EDR_RollrateSinus_FrontAD_8sec;1" crashversion="2018-02-28 16:33:58" assignmentComment="" />
    <crash crashcode="Multi_EDR_Extended_Rollover_ND_Side_AD_Front_AD;5" crashversion="2016-09-08 13:28:49" assignmentComment="" />
    <crash crashcode="Parallel_EDR_SoE_duringFire_EoE_PostFire_RoSe;5" crashversion="2016-09-08 13:22:39" assignmentComment="" />
    <crash crashcode="Parallel_EDR_SoE_beforeFire_EoE_duringFire_RoSe;5" crashversion="2016-09-08 13:22:39" assignmentComment="" />
    <crash crashcode="Parallel_EDR_Rollover_Inflate_Side_NoDeploy;5" crashversion="2016-09-08 13:27:47" assignmentComment="" />
    <crash crashcode="Parallel_EDR_Rollover_Inflate_Front_Inflate;5" crashversion="2016-09-08 13:27:47" assignmentComment="" />
    <crash crashcode="Parallel_EDR_Rollover_Inflate_SideLeft_Inflte;5" crashversion="2016-09-08 13:27:47" assignmentComment="" />
    <crash crashcode="Single_EDR_Rollover_Clip_Rollr_LowGY_Z_aft250ms" crashversion="2018-08-13 10:27:38" assignmentComment="" />
    <crash crashcode="Single_EDR_Rollover_Clip_Rollr_LowGY_Z_bef250ms" crashversion="2018-08-13 09:43:16" assignmentComment="" />
    <crash crashcode="Single_EDR_Rollover_NoDeployment;5" crashversion="2016-09-08 13:25:44" assignmentComment="" />
    <crash crashcode="Single_EDR_Rollover_Inflatable;5" crashversion="2016-09-08 13:25:44" assignmentComment="" />
    <crash crashcode="Multi_EDR_FrtAD_SideP_ND_RollAD" crashversion="2018-11-10 11:04:00" assignmentComment="" />
    <query />
  </CrashSet>
</CrashSetDescription>
