<?xml version="1.0"?>
<AssignmentList xmlns:xsd="http://www.w3.org/2001/XMLSchema" xmlns:xsi="http://www.w3.org/2001/XMLSchema-instance">
  <Info />
  <Assignments>
    <crash crashcode="Single_EDR_China_Front_ND_BoschCurve" crashversion="2019-08-22 11:09:05" assignmentComment="">
      <Assignment channelName="ZERO-Emulation" direction="" channelNumber="-1" sensorLocation="ax_highG_rd" />
      <Assignment channelName="ZERO-Emulation" direction="" channelNumber="-1" sensorLocation="ay_highG_rd" />
      <Assignment channelName="ZERO-Emulation" direction="" channelNumber="-1" sensorLocation="rateZ" />
      <Assignment channelName="ZERO-Emulation" direction="" channelNumber="-1" sensorLocation="inertial_valid" />
      <Assignment channelName="ZERO-Emulation" direction="" channelNumber="-1" sensorLocation="REF_DIS_X" />
      <Assignment channelName="ZERO-Emulation" direction="" channelNumber="-1" sensorLocation="REF_VEL_X" />
      <Assignment channelName="ZERO-Emulation" direction="" channelNumber="-1" sensorLocation="REF_ACC_X" />
      <Assignment channelName="ZERO-Emulation" direction="" channelNumber="-1" sensorLocation="REF_ACC_Y" />
      <Assignment channelName="ZERO-Emulation" direction="" channelNumber="-1" sensorLocation="REF_ACC_Z" />
      <Assignment channelName="ZERO-Emulation" direction="" channelNumber="-1" sensorLocation="REF_ANG_X" />
      <Assignment channelName="ZERO-Emulation" direction="" channelNumber="-1" sensorLocation="REF_RAT_X" />
      <Assignment channelName="ZERO-Emulation" direction="" channelNumber="-1" sensorLocation="REF_ANG_Y" />
      <Assignment channelName="ZERO-Emulation" direction="" channelNumber="-1" sensorLocation="REF_RAT_Y" />
      <Assignment channelName="ECU Y" direction="Y" channelNumber="10" sensorLocation="ay_highG" />
      <Assignment channelName="ECU X" direction="X" channelNumber="5" sensorLocation="ax_highG" />
      <Assignment channelName="ECUZ_lowg" direction="Z" channelNumber="14" sensorLocation="az_midG" />
      <Assignment channelName="ECU X" direction="X" channelNumber="5" sensorLocation="ax_lowG" />
      <Assignment channelName="ECUY_lowg" direction="Y" channelNumber="11" sensorLocation="ay_lowG" />
      <Assignment channelName="ECUZ_lowg" direction="Z" channelNumber="14" sensorLocation="az_lowG" />
      <Assignment channelName="Rollrate X" direction="X" channelNumber="7" sensorLocation="rateX" />
      <Assignment channelName="ECU X" direction="X" channelNumber="5" sensorLocation="ax_midG" />
      <Assignment channelName="ECU Y" direction="Y" channelNumber="10" sensorLocation="ay_midG" />
      <Assignment channelName="UFS X" direction="X" channelNumber="8" sensorLocation="UFSD" />
      <Assignment channelName="ZERO-Emulation" direction="" channelNumber="-1" sensorLocation="UFSM" />
      <Assignment channelName="UFS X" direction="X" channelNumber="8" sensorLocation="UFSP" />
      <Assignment channelName="PASL Y" direction="Y" channelNumber="12" sensorLocation="PASFD" />
      <Assignment channelName="PASR Y" direction="Y" channelNumber="13" sensorLocation="PASFP" />
      <Assignment channelName="PASL Y" direction="Y" channelNumber="12" sensorLocation="PASMD" />
      <Assignment channelName="PASR Y" direction="Y" channelNumber="13" sensorLocation="PASMP" />
      <Assignment channelName="PPSL" direction="0" channelNumber="1" sensorLocation="PPSFD" />
      <Assignment channelName="PPSR" direction="0" channelNumber="2" sensorLocation="PPSFP" />
      <Assignment channelName="ZERO-Emulation" direction="" channelNumber="-1" sensorLocation="PASRC" />
    </crash>
    <crash crashcode="CATARC_Test_Front_Deploy_20190520_Regulation" crashversion="2019-05-22 06:57:44" assignmentComment="">
      <Assignment channelName="ZERO-Emulation" direction="" channelNumber="-1" sensorLocation="ax_highG_rd" />
      <Assignment channelName="ZERO-Emulation" direction="" channelNumber="-1" sensorLocation="ay_highG_rd" />
      <Assignment channelName="ZERO-Emulation" direction="" channelNumber="-1" sensorLocation="az_midG" />
      <Assignment channelName="ZERO-Emulation" direction="" channelNumber="-1" sensorLocation="ax_lowG" />
      <Assignment channelName="ZERO-Emulation" direction="" channelNumber="-1" sensorLocation="ay_lowG" />
      <Assignment channelName="ZERO-Emulation" direction="" channelNumber="-1" sensorLocation="az_lowG" />
      <Assignment channelName="ZERO-Emulation" direction="" channelNumber="-1" sensorLocation="rateX" />
      <Assignment channelName="ZERO-Emulation" direction="" channelNumber="-1" sensorLocation="rateZ" />
      <Assignment channelName="ZERO-Emulation" direction="" channelNumber="-1" sensorLocation="ax_midG" />
      <Assignment channelName="ZERO-Emulation" direction="" channelNumber="-1" sensorLocation="ay_midG" />
      <Assignment channelName="ZERO-Emulation" direction="" channelNumber="-1" sensorLocation="inertial_valid" />
      <Assignment channelName="ZERO-Emulation" direction="" channelNumber="-1" sensorLocation="REF_DIS_X" />
      <Assignment channelName="ZERO-Emulation" direction="" channelNumber="-1" sensorLocation="REF_VEL_X" />
      <Assignment channelName="ZERO-Emulation" direction="" channelNumber="-1" sensorLocation="REF_ACC_X" />
      <Assignment channelName="ZERO-Emulation" direction="" channelNumber="-1" sensorLocation="REF_ACC_Y" />
      <Assignment channelName="ZERO-Emulation" direction="" channelNumber="-1" sensorLocation="REF_ACC_Z" />
      <Assignment channelName="ZERO-Emulation" direction="" channelNumber="-1" sensorLocation="REF_ANG_X" />
      <Assignment channelName="ZERO-Emulation" direction="" channelNumber="-1" sensorLocation="REF_RAT_X" />
      <Assignment channelName="ZERO-Emulation" direction="" channelNumber="-1" sensorLocation="REF_ANG_Y" />
      <Assignment channelName="ZERO-Emulation" direction="" channelNumber="-1" sensorLocation="REF_RAT_Y" />
      <Assignment channelName="ECUX" direction="X" channelNumber="1" sensorLocation="ax_highG" />
      <Assignment channelName="ECUY" direction="Y" channelNumber="2" sensorLocation="ay_highG" />
      <Assignment channelName="ECUX" direction="X" channelNumber="1" sensorLocation="UFSD" />
      <Assignment channelName="ECUX" direction="X" channelNumber="1" sensorLocation="UFSM" />
      <Assignment channelName="ECUX" direction="X" channelNumber="1" sensorLocation="UFSP" />
      <Assignment channelName="ZERO-Emulation" direction="" channelNumber="-1" sensorLocation="PASFD" />
      <Assignment channelName="ZERO-Emulation" direction="" channelNumber="-1" sensorLocation="PASFP" />
      <Assignment channelName="ZERO-Emulation" direction="" channelNumber="-1" sensorLocation="PASMD" />
      <Assignment channelName="ZERO-Emulation" direction="" channelNumber="-1" sensorLocation="PASMP" />
      <Assignment channelName="ZERO-Emulation" direction="" channelNumber="-1" sensorLocation="PPSFD" />
      <Assignment channelName="ZERO-Emulation" direction="" channelNumber="-1" sensorLocation="PPSFP" />
      <Assignment channelName="ZERO-Emulation" direction="" channelNumber="-1" sensorLocation="PASRC" />
    </crash>
    <crash crashcode="CATARC_Test_Front_Deploy_DV25KPH_20200303" crashversion="2020-03-03 08:53:49" assignmentComment="">
      <Assignment channelName="ZERO-Emulation" direction="" channelNumber="-1" sensorLocation="ax_highG_rd" />
      <Assignment channelName="ZERO-Emulation" direction="" channelNumber="-1" sensorLocation="ay_highG_rd" />
      <Assignment channelName="ZERO-Emulation" direction="" channelNumber="-1" sensorLocation="az_midG" />
      <Assignment channelName="ZERO-Emulation" direction="" channelNumber="-1" sensorLocation="ax_lowG" />
      <Assignment channelName="ZERO-Emulation" direction="" channelNumber="-1" sensorLocation="ay_lowG" />
      <Assignment channelName="ZERO-Emulation" direction="" channelNumber="-1" sensorLocation="az_lowG" />
      <Assignment channelName="ZERO-Emulation" direction="" channelNumber="-1" sensorLocation="rateX" />
      <Assignment channelName="ZERO-Emulation" direction="" channelNumber="-1" sensorLocation="rateZ" />
      <Assignment channelName="ZERO-Emulation" direction="" channelNumber="-1" sensorLocation="ax_midG" />
      <Assignment channelName="ZERO-Emulation" direction="" channelNumber="-1" sensorLocation="ay_midG" />
      <Assignment channelName="ZERO-Emulation" direction="" channelNumber="-1" sensorLocation="inertial_valid" />
      <Assignment channelName="ZERO-Emulation" direction="" channelNumber="-1" sensorLocation="REF_DIS_X" />
      <Assignment channelName="ZERO-Emulation" direction="" channelNumber="-1" sensorLocation="REF_VEL_X" />
      <Assignment channelName="ZERO-Emulation" direction="" channelNumber="-1" sensorLocation="REF_ACC_X" />
      <Assignment channelName="ZERO-Emulation" direction="" channelNumber="-1" sensorLocation="REF_ACC_Y" />
      <Assignment channelName="ZERO-Emulation" direction="" channelNumber="-1" sensorLocation="REF_ACC_Z" />
      <Assignment channelName="ZERO-Emulation" direction="" channelNumber="-1" sensorLocation="REF_ANG_X" />
      <Assignment channelName="ZERO-Emulation" direction="" channelNumber="-1" sensorLocation="REF_RAT_X" />
      <Assignment channelName="ZERO-Emulation" direction="" channelNumber="-1" sensorLocation="REF_ANG_Y" />
      <Assignment channelName="ZERO-Emulation" direction="" channelNumber="-1" sensorLocation="REF_RAT_Y" />
      <Assignment channelName="ECU Y" direction="Y" channelNumber="2" sensorLocation="ay_highG" />
      <Assignment channelName="ECU X" direction="X" channelNumber="1" sensorLocation="ax_highG" />
      <Assignment channelName="ECU X" direction="X" channelNumber="1" sensorLocation="UFSD" />
      <Assignment channelName="ECU X" direction="X" channelNumber="1" sensorLocation="UFSM" />
      <Assignment channelName="ECU X" direction="X" channelNumber="1" sensorLocation="UFSP" />
      <Assignment channelName="ZERO-Emulation" direction="" channelNumber="-1" sensorLocation="PASFD" />
      <Assignment channelName="ZERO-Emulation" direction="" channelNumber="-1" sensorLocation="PASFP" />
      <Assignment channelName="ZERO-Emulation" direction="" channelNumber="-1" sensorLocation="PASMD" />
      <Assignment channelName="ZERO-Emulation" direction="" channelNumber="-1" sensorLocation="PASMP" />
      <Assignment channelName="ZERO-Emulation" direction="" channelNumber="-1" sensorLocation="PPSFD" />
      <Assignment channelName="ZERO-Emulation" direction="" channelNumber="-1" sensorLocation="PPSFP" />
      <Assignment channelName="ZERO-Emulation" direction="" channelNumber="-1" sensorLocation="PASRC" />
    </crash>
    <crash crashcode="CATARC_Test_Front_Autarky_20190520_Regulation" crashversion="2019-05-22 06:56:44" assignmentComment="">
      <Assignment channelName="ZERO-Emulation" direction="" channelNumber="-1" sensorLocation="ax_highG_rd" />
      <Assignment channelName="ZERO-Emulation" direction="" channelNumber="-1" sensorLocation="ay_highG_rd" />
      <Assignment channelName="ZERO-Emulation" direction="" channelNumber="-1" sensorLocation="az_midG" />
      <Assignment channelName="ZERO-Emulation" direction="" channelNumber="-1" sensorLocation="ax_lowG" />
      <Assignment channelName="ZERO-Emulation" direction="" channelNumber="-1" sensorLocation="ay_lowG" />
      <Assignment channelName="ZERO-Emulation" direction="" channelNumber="-1" sensorLocation="az_lowG" />
      <Assignment channelName="ZERO-Emulation" direction="" channelNumber="-1" sensorLocation="rateX" />
      <Assignment channelName="ZERO-Emulation" direction="" channelNumber="-1" sensorLocation="rateZ" />
      <Assignment channelName="ZERO-Emulation" direction="" channelNumber="-1" sensorLocation="ax_midG" />
      <Assignment channelName="ZERO-Emulation" direction="" channelNumber="-1" sensorLocation="ay_midG" />
      <Assignment channelName="ZERO-Emulation" direction="" channelNumber="-1" sensorLocation="inertial_valid" />
      <Assignment channelName="ZERO-Emulation" direction="" channelNumber="-1" sensorLocation="REF_DIS_X" />
      <Assignment channelName="ZERO-Emulation" direction="" channelNumber="-1" sensorLocation="REF_VEL_X" />
      <Assignment channelName="ZERO-Emulation" direction="" channelNumber="-1" sensorLocation="REF_ACC_X" />
      <Assignment channelName="ZERO-Emulation" direction="" channelNumber="-1" sensorLocation="REF_ACC_Y" />
      <Assignment channelName="ZERO-Emulation" direction="" channelNumber="-1" sensorLocation="REF_ACC_Z" />
      <Assignment channelName="ZERO-Emulation" direction="" channelNumber="-1" sensorLocation="REF_ANG_X" />
      <Assignment channelName="ZERO-Emulation" direction="" channelNumber="-1" sensorLocation="REF_RAT_X" />
      <Assignment channelName="ZERO-Emulation" direction="" channelNumber="-1" sensorLocation="REF_ANG_Y" />
      <Assignment channelName="ZERO-Emulation" direction="" channelNumber="-1" sensorLocation="REF_RAT_Y" />
      <Assignment channelName="ECUY" direction="Y" channelNumber="2" sensorLocation="ay_highG" />
      <Assignment channelName="ECUX" direction="X" channelNumber="1" sensorLocation="ax_highG" />
      <Assignment channelName="ECUX" direction="X" channelNumber="1" sensorLocation="UFSD" />
      <Assignment channelName="ECUX" direction="X" channelNumber="1" sensorLocation="UFSM" />
      <Assignment channelName="ECUX" direction="X" channelNumber="1" sensorLocation="UFSP" />
      <Assignment channelName="ZERO-Emulation" direction="" channelNumber="-1" sensorLocation="PASFD" />
      <Assignment channelName="ZERO-Emulation" direction="" channelNumber="-1" sensorLocation="PASFP" />
      <Assignment channelName="ZERO-Emulation" direction="" channelNumber="-1" sensorLocation="PASMD" />
      <Assignment channelName="ZERO-Emulation" direction="" channelNumber="-1" sensorLocation="PASMP" />
      <Assignment channelName="ZERO-Emulation" direction="" channelNumber="-1" sensorLocation="PPSFD" />
      <Assignment channelName="ZERO-Emulation" direction="" channelNumber="-1" sensorLocation="PPSFP" />
      <Assignment channelName="ZERO-Emulation" direction="" channelNumber="-1" sensorLocation="PASRC" />
    </crash>
  </Assignments>
</AssignmentList>
