<?xml version="1.0"?>
<CrashSetDescription xmlns:xsd="http://www.w3.org/2001/XMLSchema" xmlns:xsi="http://www.w3.org/2001/XMLSchema-instance">
  <Info />
  <CrashSet name="J30X_SRT_Crashset">
    <crash crashcode="Single_EDR_Front_Inflatable_Stage1;5" crashversion="2016-09-08 13:24:42" assignmentComment="" />
    <crash crashcode="Single_EDR_Front_Inflatable;5" crashversion="2016-09-08 13:24:42" assignmentComment="" />
    <crash crashcode="Single_EDR_SideLeft_Inflatable;5" crashversion="2016-09-08 13:25:45" assignmentComment="" />
    <crash crashcode="Single_EDR_SideRight_Inflatable;5" crashversion="2016-09-08 13:25:45" assignmentComment="" />
    <crash crashcode="Single_EDR_Rear_NonInflatable;5" crashversion="2016-09-08 13:24:44" assignmentComment="" />
    <crash crashcode="Single_EDR_Rear_above_8kph_NoDeployment;5" crashversion="2016-09-08 13:24:43" assignmentComment="" />
    <crash crashcode="Single_EDR_Front_above_8kph_NoDeployment;5" crashversion="2016-09-08 13:22:39" assignmentComment="" />
    <crash crashcode="Single_EDR_Front_NonInflatable;5" crashversion="2016-09-08 13:24:43" assignmentComment="" />
    <crash crashcode="Single_EDR_Front_below_8kph_Noise;5" crashversion="2016-09-08 13:23:40" assignmentComment="" />
    <crash crashcode="Single_EDR_Side_above_8kph_NoDeployment;5" crashversion="2016-09-08 13:25:44" assignmentComment="" />
    <crash crashcode="Single_EDR_Front_Noise_deltaV_7_9kph;5" crashversion="2016-09-08 13:24:43" assignmentComment="" />
    <crash crashcode="Single_EDR_Front_ND_deltaV_8_1kph;5" crashversion="2016-09-08 13:24:43" assignmentComment="" />
    <crash crashcode="Single_EDR_Front_AD_shorter250ms;5" crashversion="2016-09-08 13:23:40" assignmentComment="" />
    <crash crashcode="Single_EDR_Front_AD_250ms_to_300ms;6" crashversion="2020-04-08 16:00:12" assignmentComment="" />
    <crash crashcode="Single_EDR_Front_AD_longer300ms;5" crashversion="2016-09-08 13:23:40" assignmentComment="" />
    <crash crashcode="Single_EDR_Front_ClipEcuX;5" crashversion="2016-09-08 13:23:41" assignmentComment="" />
    <crash crashcode="Single_EDR_SideLeft_ClipEcuY;5" crashversion="2016-09-08 13:25:44" assignmentComment="" />
    <crash crashcode="Single_EDR_SideRight_ClipEcuY;5" crashversion="2016-09-08 13:25:45" assignmentComment="" />
    <crash crashcode="Single_EDR_EventType_Front;5" crashversion="2016-12-09 09:13:55" assignmentComment="" />
    <crash crashcode="Single_EDR_Front_ClipEcuX_after250ms" crashversion="2018-08-13 11:52:23" assignmentComment="" />
    <crash crashcode="Single_EDR_SideLeft_ClipEcuY_after250ms" crashversion="2018-08-14 13:41:24" assignmentComment="" />
    <crash crashcode="Single_EDR_LongRunningEvent" crashversion="2018-08-14 11:52:31" assignmentComment="" />
    <crash crashcode="Single_EDR_Longer_Than_Tend_Range" crashversion="2018-08-14 13:25:18" assignmentComment="" />
    <crash crashcode="Parallel_EDR_Front_Inflate_SideLeft_Inflate;5" crashversion="2016-09-08 13:20:25" assignmentComment="" />
    <crash crashcode="Parallel_EDR_Rear_NonInflate_SideLeft_Inflate;5" crashversion="2016-09-08 13:27:47" assignmentComment="" />
    <crash crashcode="Parallel_EDR_Front_NoDeploy_Side_NoDeploy;5" crashversion="2016-09-08 13:20:30" assignmentComment="" />
    <crash crashcode="Parallel_EDR_Front_ND_Side_Active_beforeFrontSoE;5" crashversion="2016-09-08 13:20:30" assignmentComment="" />
    <crash crashcode="Parallel_EDR_Side_ND_Front_Active_twice;5" crashversion="2016-09-08 13:22:40" assignmentComment="" />
    <crash crashcode="Parallel_EDR_Front_Noise_Side_NoDeploy;5" crashversion="2016-09-08 13:22:38" assignmentComment="" />
    <crash crashcode="Parallel_EDR_Front_Noise_Side_Noise_Front_ND;5" crashversion="2016-09-08 13:32:02" assignmentComment="" />
    <crash crashcode="Parallel_EDR_Front_ND_Side_Noise_Side_Noise;5" crashversion="2016-09-08 13:25:46" assignmentComment="" />
    <crash crashcode="Parallel_EDR_Front_ND_Side_ND;5" crashversion="2016-09-08 13:25:45" assignmentComment="" />
    <crash crashcode="Parallel_EDR_Side_ND_Front_ND;5" crashversion="2016-09-08 13:22:39" assignmentComment="" />
    <crash crashcode="Parallel_EDR_Front_Active_Side_ND_Front_ND;5" crashversion="2016-09-08 13:22:39" assignmentComment="" />
    <crash crashcode="Parallel_EDR_RoSe_SoE_beforeRoSe_EoE_duringND;2" crashversion="2018-02-28 16:37:00" assignmentComment="" />
    <crash crashcode="Parallel_EDR_Noise_SideRtND_FrtAD_FireAfter300ms;5" crashversion="2016-09-08 13:22:38" assignmentComment="" />
    <crash crashcode="Parallel_EDR_AccelerationSensorRange_RearSideR;2" crashversion="2016-11-07 16:27:06" assignmentComment="" />
    <crash crashcode="Parallel_EDR_AccelerationSensorRange_FrontSideL;2" crashversion="2016-11-07 16:27:05" assignmentComment="" />
    <crash crashcode="Single_EDR_SideLeftRight_Inflatable;5" crashversion="2017-05-17 15:52:21" assignmentComment="" />
    <crash crashcode="Multi_EDR_Front_AD_Side_AD;5" crashversion="2016-09-08 13:28:49" assignmentComment="" />
    <crash crashcode="Multi_EDR_Front_Noise_7_9kph_Side_Noise_7_9kph;5" crashversion="2016-09-08 13:29:54" assignmentComment="" />
    <crash crashcode="Multi_EDR_Front_Noise_7_9kph_Side_ND_8_1kph;5" crashversion="2016-09-08 13:29:50" assignmentComment="" />
    <crash crashcode="Multi_EDR_Front_ND_8_1kph_Side_Noise_7_9kph;5" crashversion="2016-09-08 13:29:50" assignmentComment="" />
    <crash crashcode="Multi_EDR_Front_ND_8_1kph_Side_ND_8_1kph;5" crashversion="2016-09-08 13:28:49" assignmentComment="" />
    <crash crashcode="Multi_EDR_Side_afterEoE_Front;5" crashversion="2016-09-08 13:21:31" assignmentComment="" />
    <crash crashcode="Multi_EDR_Side_before5s_Front;5" crashversion="2016-09-08 13:21:31" assignmentComment="" />
    <crash crashcode="Multi_EDR_TwoSingle_Side_after5s_Front;5" crashversion="2016-09-08 13:21:38" assignmentComment="" />
    <crash crashcode="Multi_EDR_Front_AD_Rear_ND;5" crashversion="2016-09-30 17:52:14" assignmentComment="" />
    <crash crashcode="Multi_EDR_Side_ND_Front_AD;5" crashversion="2016-09-08 13:21:32" assignmentComment="" />
    <crash crashcode="Multi_EDR_Extended_Front_ND_Side_AD_Front_AD;6" crashversion="2017-05-24 17:34:58" assignmentComment="" />
    <crash crashcode="Multi_EDR_Ext_Rear_ND_SideD_ND_Front_AD_SideP_AD;5" crashversion="2016-09-08 13:27:48" assignmentComment="" />
    <crash crashcode="Multi_EDR_Ext_Frt_ND_Front_NAD_SideP_AD_Front_AD;5" crashversion="2016-09-08 13:27:47" assignmentComment="" />
    <crash crashcode="Multi_EDR_Ext_Frt_ND_Rear_ND_Rolovr_AD_SideD_AD;5" crashversion="2016-10-27 12:10:34" assignmentComment="" />
    <crash crashcode="Multi_EDR_Rear_AD_Front_Noise_Side_AD;5" crashversion="2016-09-08 13:30:58" assignmentComment="" />
    <crash crashcode="Multi_EDR_Noise_Noise_Front_NAD;5" crashversion="2016-09-08 13:32:00" assignmentComment="" />
    <crash crashcode="Multi_EDR_Noise_Noise_Front_AD;5" crashversion="2016-09-08 13:32:00" assignmentComment="" />
    <crash crashcode="Multi_EDR_Noise_Noise_SideR_ND;5" crashversion="2016-09-08 13:32:02" assignmentComment="" />
    <crash crashcode="Multi_EDR_Noise_Noise_SideL_ND;5" crashversion="2016-09-08 13:32:00" assignmentComment="" />
    <crash crashcode="Multi_EDR_Front_NAD_Noise_Front_AD;5" crashversion="2016-09-08 13:28:49" assignmentComment="" />
    <crash crashcode="Multi_EDR_Front_AD_Noise_Front_AD;5" crashversion="2016-09-08 13:28:49" assignmentComment="" />
    <crash crashcode="Multi_EDR_LeftSide_ND_Noise_RightSide_AD;5" crashversion="2016-09-08 13:32:00" assignmentComment="" />
    <crash crashcode="Multi_EDR_FrontNoise_AnyNoise_SideDriverAD;5" crashversion="2016-09-08 13:20:30" assignmentComment="" />
    <crash crashcode="Multi_EDR_FrontNAD_SideDriverND;5" crashversion="2016-09-08 13:21:38" assignmentComment="" />
    <crash crashcode="Multi_EDR_SidePassengerND_FrontNAD;5" crashversion="2016-09-08 13:32:00" assignmentComment="" />
    <crash crashcode="Multi_EDR_FrontNAD_SidePassengerAD;5" crashversion="2016-09-08 13:22:38" assignmentComment="" />
    <crash crashcode="Multi_EDR_SideDriverAD_FrontNAD;6" crashversion="2017-06-26 11:29:11" assignmentComment="" />
    <crash crashcode="Multi_EDR_SideAD_FrontND;5" crashversion="2016-09-08 13:21:32" assignmentComment="" />
    <crash crashcode="Multi_EDR_RearND_SideAD;5" crashversion="2016-09-08 13:20:31" assignmentComment="" />
    <crash crashcode="Multi_EDR_FrontAD_SideND_FrontNoise;5" crashversion="2016-09-08 13:30:56" assignmentComment="" />
    <crash crashcode="Multi_EDR_SideND_FrontND_SideAD;5" crashversion="2016-09-08 13:21:37" assignmentComment="" />
    <crash crashcode="Multi_EDR_FrontND_SideLeftAD_SideRightND;5" crashversion="2016-09-08 13:30:58" assignmentComment="" />
    <crash crashcode="Multi_EDR_FrontND_SideNoise_FrontAD;5" crashversion="2016-09-08 13:30:59" assignmentComment="" />
    <crash crashcode="Multi_EDR_FrontAD_SideND_FrontND;5" crashversion="2016-09-08 13:30:56" assignmentComment="" />
    <crash crashcode="Multi_EDR_FrontNoise_SideAD_FrontAD;5" crashversion="2016-09-08 13:31:59" assignmentComment="" />
    <crash crashcode="Multi_EDR_SideLeftAD_FrontAD_SideRightAD;5" crashversion="2016-09-08 13:21:32" assignmentComment="" />
    <crash crashcode="Multi_EDR_RearNAD_FrontAD_SideND_FrontNoise;5" crashversion="2016-09-08 13:20:31" assignmentComment="" />
    <crash crashcode="Multi_EDR_FrontAD_SideND_FrontND_SideAD;5" crashversion="2016-09-08 13:30:56" assignmentComment="" />
    <crash crashcode="Multi_EDR_FrontAD_FrontND_SideNoise_FrontAD;5" crashversion="2016-09-08 13:29:55" assignmentComment="" />
    <crash crashcode="Multi_EDR_FrontAD_FrontNoise_SideAD_FrontAD;5" crashversion="2016-09-08 13:30:56" assignmentComment="" />
    <crash crashcode="Multi_EDR_FrontAD_SideLeftAD_FrontAD_SideRightAD;5" crashversion="2016-09-08 13:30:56" assignmentComment="" />
    <crash crashcode="Multi_EDR_FrontSideLeft_Noise_RearSideRight" crashversion="2016-11-07 16:28:06" assignmentComment="" />
    <crash crashcode="Multi_EDR_RearNAD_SideD_ND_SideD_AD_FrtAD_SideP_ND" crashversion="2016-10-07 11:39:15" assignmentComment="" />
    <crash crashcode="Single_AB12_EDR_Front_Inflatable_after_32767ms" crashversion="2023-02-24 11:25:35" assignmentComment="" />
    <query />
  </CrashSet>
</CrashSetDescription>
