<?xml version="1.0"?>
<CrashSetDescription xmlns:xsd="http://www.w3.org/2001/XMLSchema" xmlns:xsi="http://www.w3.org/2001/XMLSchema-instance">
  <Info />
  <CrashSet name="J30X_SRT_CN_EDR">
    <crash crashcode="Single_EDR_China_Front_ND_BoschCurve" crashversion="2019-08-22 11:09:05" assignmentComment="" />
    <crash crashcode="CATARC_Test_Front_Deploy_20190520_Regulation" crashversion="2019-05-22 06:57:44" assignmentComment="" />
    <crash crashcode="CATARC_Test_Front_Deploy_DV25KPH_20200303" crashversion="2020-03-03 08:53:49" assignmentComment="" />
    <crash crashcode="CATARC_Test_Front_Autarky_20190520_Regulation" crashversion="2019-05-22 06:56:44" assignmentComment="" />
    <query />
  </CrashSet>
</CrashSetDescription>
