<?xml version="1.0"?>
<CrashSetProperty xmlns:xsd="http://www.w3.org/2001/XMLSchema" xmlns:xsi="http://www.w3.org/2001/XMLSchema-instance">
  <CrashSet name="J30X_SRT_Crashset">
    <crash assignmentComment="" crashcode="Single_EDR_Front_Inflatable_Stage1;5" crashversion="2016-09-08 13:24:42">
      <properties ampMax="1" ampMin="1" ampStep="0" ampVarFlag="true" color="Black" endTime="199.6" fftMax="199.6" fftMin="0" lineStyle="Solid" lineWidth="Hairline" startTime="0" />
    </crash>
    <crash assignmentComment="" crashcode="Single_EDR_Front_Inflatable;5" crashversion="2016-09-08 13:24:42">
      <properties ampMax="1" ampMin="1" ampStep="0" ampVarFlag="true" color="Black" endTime="199.6" fftMax="199.6" fftMin="0" lineStyle="Solid" lineWidth="Hairline" startTime="0" />
    </crash>
    <crash assignmentComment="" crashcode="Single_EDR_SideLeft_Inflatable;5" crashversion="2016-09-08 13:25:45">
      <properties ampMax="1" ampMin="1" ampStep="0" ampVarFlag="true" color="Black" endTime="199.6" fftMax="199.6" fftMin="0" lineStyle="Solid" lineWidth="Hairline" startTime="0" />
    </crash>
    <crash assignmentComment="" crashcode="Single_EDR_SideRight_Inflatable;5" crashversion="2016-09-08 13:25:45">
      <properties ampMax="1" ampMin="1" ampStep="0" ampVarFlag="true" color="Black" endTime="199.6" fftMax="199.6" fftMin="0" lineStyle="Solid" lineWidth="Hairline" startTime="0" />
    </crash>
    <crash assignmentComment="" crashcode="Single_EDR_Rear_NonInflatable;5" crashversion="2016-09-08 13:24:44">
      <properties ampMax="1" ampMin="1" ampStep="0" ampVarFlag="true" color="Black" endTime="199.6" fftMax="199.6" fftMin="0" lineStyle="Solid" lineWidth="Hairline" startTime="0" />
    </crash>
    <crash assignmentComment="" crashcode="Single_EDR_Rear_above_8kph_NoDeployment;5" crashversion="2016-09-08 13:24:43">
      <properties ampMax="1" ampMin="1" ampStep="0" ampVarFlag="true" color="Black" endTime="199.6" fftMax="199.6" fftMin="0" lineStyle="Solid" lineWidth="Hairline" startTime="0" />
    </crash>
    <crash assignmentComment="" crashcode="Single_EDR_Front_above_8kph_NoDeployment;5" crashversion="2016-09-08 13:22:39">
      <properties ampMax="1" ampMin="1" ampStep="0" ampVarFlag="true" color="Black" endTime="199.6" fftMax="199.6" fftMin="0" lineStyle="Solid" lineWidth="Hairline" startTime="0" />
    </crash>
    <crash assignmentComment="" crashcode="Single_EDR_Front_NonInflatable;5" crashversion="2016-09-08 13:24:43">
      <properties ampMax="1" ampMin="1" ampStep="0" ampVarFlag="true" color="Black" endTime="199.6" fftMax="199.6" fftMin="0" lineStyle="Solid" lineWidth="Hairline" startTime="0" />
    </crash>
    <crash assignmentComment="" crashcode="Single_EDR_Front_below_8kph_Noise;5" crashversion="2016-09-08 13:23:40">
      <properties ampMax="1" ampMin="1" ampStep="0" ampVarFlag="true" color="Black" endTime="199.6" fftMax="199.6" fftMin="0" lineStyle="Solid" lineWidth="Hairline" startTime="0" />
    </crash>
    <crash assignmentComment="" crashcode="Single_EDR_Side_above_8kph_NoDeployment;5" crashversion="2016-09-08 13:25:44">
      <properties ampMax="1" ampMin="1" ampStep="0" ampVarFlag="true" color="Black" endTime="199.6" fftMax="199.6" fftMin="0" lineStyle="Solid" lineWidth="Hairline" startTime="0" />
    </crash>
    <crash assignmentComment="" crashcode="Single_EDR_Front_Noise_deltaV_7_9kph;5" crashversion="2016-09-08 13:24:43">
      <properties ampMax="1" ampMin="1" ampStep="0" ampVarFlag="true" color="Black" endTime="199.6" fftMax="199.6" fftMin="0" lineStyle="Solid" lineWidth="Hairline" startTime="0" />
    </crash>
    <crash assignmentComment="" crashcode="Single_EDR_Front_ND_deltaV_8_1kph;5" crashversion="2016-09-08 13:24:43">
      <properties ampMax="1" ampMin="1" ampStep="0" ampVarFlag="true" color="Black" endTime="199.6" fftMax="199.6" fftMin="0" lineStyle="Solid" lineWidth="Hairline" startTime="0" />
    </crash>
    <crash assignmentComment="" crashcode="Single_EDR_Front_AD_shorter250ms;5" crashversion="2016-09-08 13:23:40">
      <properties ampMax="1" ampMin="1" ampStep="0" ampVarFlag="true" color="Black" endTime="199.6" fftMax="199.6" fftMin="0" lineStyle="Solid" lineWidth="Hairline" startTime="0" />
    </crash>
    <crash assignmentComment="" crashcode="Single_EDR_Front_AD_250ms_to_300ms;6" crashversion="2020-04-08 16:00:12">
      <properties ampMax="1" ampMin="1" ampStep="0" ampVarFlag="true" color="Black" endTime="0" fftMax="450.1" fftMin="0" lineStyle="Solid" lineWidth="Hairline" startTime="0" />
    </crash>
    <crash assignmentComment="" crashcode="Single_EDR_Front_AD_longer300ms;5" crashversion="2016-09-08 13:23:40">
      <properties ampMax="1" ampMin="1" ampStep="0" ampVarFlag="true" color="Black" endTime="349.6" fftMax="349.6" fftMin="0" lineStyle="Solid" lineWidth="Hairline" startTime="0" />
    </crash>
    <crash assignmentComment="" crashcode="Single_EDR_Front_ClipEcuX;5" crashversion="2016-09-08 13:23:41">
      <properties ampMax="1" ampMin="1" ampStep="0" ampVarFlag="true" color="Black" endTime="199.6" fftMax="199.6" fftMin="0" lineStyle="Solid" lineWidth="Hairline" startTime="0" />
    </crash>
    <crash assignmentComment="" crashcode="Single_EDR_SideLeft_ClipEcuY;5" crashversion="2016-09-08 13:25:44">
      <properties ampMax="1" ampMin="1" ampStep="0" ampVarFlag="true" color="Black" endTime="199.6" fftMax="199.6" fftMin="0" lineStyle="Solid" lineWidth="Hairline" startTime="0" />
    </crash>
    <crash assignmentComment="" crashcode="Single_EDR_SideRight_ClipEcuY;5" crashversion="2016-09-08 13:25:45">
      <properties ampMax="1" ampMin="1" ampStep="0" ampVarFlag="true" color="Black" endTime="199.6" fftMax="199.6" fftMin="0" lineStyle="Solid" lineWidth="Hairline" startTime="0" />
    </crash>
    <crash assignmentComment="" crashcode="Single_EDR_EventType_Front;5" crashversion="2016-12-09 09:13:55">
      <properties ampMax="1" ampMin="1" ampStep="0" ampVarFlag="true" color="Black" endTime="200.1" fftMax="200.1" fftMin="0" lineStyle="Solid" lineWidth="Hairline" startTime="0" />
    </crash>
    <crash assignmentComment="" crashcode="Single_EDR_Front_ClipEcuX_after250ms" crashversion="2018-08-13 11:52:23">
      <properties ampMax="1" ampMin="1" ampStep="0" ampVarFlag="true" color="Black" endTime="0" fftMax="499.6" fftMin="0" lineStyle="Solid" lineWidth="Hairline" startTime="0" />
    </crash>
    <crash assignmentComment="" crashcode="Single_EDR_SideLeft_ClipEcuY_after250ms" crashversion="2018-08-14 13:41:24">
      <properties ampMax="1" ampMin="1" ampStep="0" ampVarFlag="true" color="Black" endTime="0" fftMax="499.6" fftMin="0" lineStyle="Solid" lineWidth="Hairline" startTime="0" />
    </crash>
    <crash assignmentComment="" crashcode="Single_EDR_LongRunningEvent" crashversion="2018-08-14 11:52:31">
      <properties ampMax="1" ampMin="1" ampStep="0" ampVarFlag="true" color="Black" endTime="0" fftMax="32999.6" fftMin="0" lineStyle="Solid" lineWidth="Hairline" startTime="0" />
    </crash>
    <crash assignmentComment="" crashcode="Single_EDR_Longer_Than_Tend_Range" crashversion="2018-08-14 13:25:18">
      <properties ampMax="1" ampMin="1" ampStep="0" ampVarFlag="true" color="Black" endTime="0" fftMax="32999.6" fftMin="0" lineStyle="Solid" lineWidth="Hairline" startTime="0" />
    </crash>
    <crash assignmentComment="" crashcode="Parallel_EDR_Front_Inflate_SideLeft_Inflate;5" crashversion="2016-09-08 13:20:25">
      <properties ampMax="1" ampMin="1" ampStep="0" ampVarFlag="true" color="Black" endTime="219.5" fftMax="219.5" fftMin="0" lineStyle="Solid" lineWidth="Hairline" startTime="0" />
    </crash>
    <crash assignmentComment="" crashcode="Parallel_EDR_Rear_NonInflate_SideLeft_Inflate;5" crashversion="2016-09-08 13:27:47">
      <properties ampMax="1" ampMin="1" ampStep="0" ampVarFlag="true" color="Black" endTime="199.5" fftMax="199.5" fftMin="0" lineStyle="Solid" lineWidth="Hairline" startTime="0" />
    </crash>
    <crash assignmentComment="" crashcode="Parallel_EDR_Front_NoDeploy_Side_NoDeploy;5" crashversion="2016-09-08 13:20:30">
      <properties ampMax="1" ampMin="1" ampStep="0" ampVarFlag="true" color="Black" endTime="219.5" fftMax="219.5" fftMin="0" lineStyle="Solid" lineWidth="Hairline" startTime="0" />
    </crash>
    <crash assignmentComment="" crashcode="Parallel_EDR_Front_ND_Side_Active_beforeFrontSoE;5" crashversion="2016-09-08 13:20:30">
      <properties ampMax="1" ampMin="1" ampStep="0" ampVarFlag="true" color="Black" endTime="274.6" fftMax="274.6" fftMin="0" lineStyle="Solid" lineWidth="Hairline" startTime="0" />
    </crash>
    <crash assignmentComment="" crashcode="Parallel_EDR_Side_ND_Front_Active_twice;5" crashversion="2016-09-08 13:22:40">
      <properties ampMax="1" ampMin="1" ampStep="0" ampVarFlag="true" color="Black" endTime="500.1" fftMax="500.1" fftMin="0" lineStyle="Solid" lineWidth="Hairline" startTime="0" />
    </crash>
    <crash assignmentComment="" crashcode="Parallel_EDR_Front_Noise_Side_NoDeploy;5" crashversion="2016-09-08 13:22:38">
      <properties ampMax="1" ampMin="1" ampStep="0" ampVarFlag="true" color="Black" endTime="199.5" fftMax="199.5" fftMin="0" lineStyle="Solid" lineWidth="Hairline" startTime="0" />
    </crash>
    <crash assignmentComment="" crashcode="Parallel_EDR_Front_Noise_Side_Noise_Front_ND;5" crashversion="2016-09-08 13:32:02">
      <properties ampMax="1" ampMin="1" ampStep="0" ampVarFlag="true" color="Black" endTime="450.2" fftMax="450.2" fftMin="0" lineStyle="Solid" lineWidth="Hairline" startTime="0" />
    </crash>
    <crash assignmentComment="" crashcode="Parallel_EDR_Front_ND_Side_Noise_Side_Noise;5" crashversion="2016-09-08 13:25:46">
      <properties ampMax="1" ampMin="1" ampStep="0" ampVarFlag="true" color="Black" endTime="350.1" fftMax="350.1" fftMin="0" lineStyle="Solid" lineWidth="Hairline" startTime="0" />
    </crash>
    <crash assignmentComment="" crashcode="Parallel_EDR_Front_ND_Side_ND;5" crashversion="2016-09-08 13:25:45">
      <properties ampMax="1" ampMin="1" ampStep="0" ampVarFlag="true" color="Black" endTime="200.1" fftMax="200.1" fftMin="0" lineStyle="Solid" lineWidth="Hairline" startTime="0" />
    </crash>
    <crash assignmentComment="" crashcode="Parallel_EDR_Side_ND_Front_ND;5" crashversion="2016-09-08 13:22:39">
      <properties ampMax="1" ampMin="1" ampStep="0" ampVarFlag="true" color="Black" endTime="300.1" fftMax="300.1" fftMin="0" lineStyle="Solid" lineWidth="Hairline" startTime="0" />
    </crash>
    <crash assignmentComment="" crashcode="Parallel_EDR_Front_Active_Side_ND_Front_ND;5" crashversion="2016-09-08 13:22:39">
      <properties ampMax="1" ampMin="1" ampStep="0" ampVarFlag="true" color="Black" endTime="600.1" fftMax="600.1" fftMin="0" lineStyle="Solid" lineWidth="Hairline" startTime="0" />
    </crash>
    <crash assignmentComment="" crashcode="Parallel_EDR_RoSe_SoE_beforeRoSe_EoE_duringND;2" crashversion="2018-02-28 16:37:00">
      <properties ampMax="1" ampMin="1" ampStep="0" ampVarFlag="true" color="Black" endTime="1000.1" fftMax="1000.1" fftMin="0" lineStyle="Solid" lineWidth="Hairline" startTime="0" />
    </crash>
    <crash assignmentComment="" crashcode="Parallel_EDR_Noise_SideRtND_FrtAD_FireAfter300ms;5" crashversion="2016-09-08 13:22:38">
      <properties ampMax="1" ampMin="1" ampStep="0" ampVarFlag="true" color="Black" endTime="700.1" fftMax="700.1" fftMin="0" lineStyle="Solid" lineWidth="Hairline" startTime="0" />
    </crash>
    <crash assignmentComment="" crashcode="Parallel_EDR_AccelerationSensorRange_RearSideR;2" crashversion="2016-11-07 16:27:06">
      <properties ampMax="1" ampMin="1" ampStep="0" ampVarFlag="true" color="Black" endTime="640.4" fftMax="640.4" fftMin="0" lineStyle="Solid" lineWidth="Hairline" startTime="0" />
    </crash>
    <crash assignmentComment="" crashcode="Parallel_EDR_AccelerationSensorRange_FrontSideL;2" crashversion="2016-11-07 16:27:05">
      <properties ampMax="1" ampMin="1" ampStep="0" ampVarFlag="true" color="Black" endTime="640.4" fftMax="640.4" fftMin="0" lineStyle="Solid" lineWidth="Hairline" startTime="0" />
    </crash>
    <crash assignmentComment="" crashcode="Single_EDR_SideLeftRight_Inflatable;5" crashversion="2017-05-17 15:52:21">
      <properties ampMax="1" ampMin="1" ampStep="0" ampVarFlag="true" color="Black" endTime="199.6" fftMax="199.6" fftMin="0" lineStyle="Solid" lineWidth="Hairline" startTime="0" />
    </crash>
    <crash assignmentComment="" crashcode="Multi_EDR_Front_AD_Side_AD;5" crashversion="2016-09-08 13:28:49">
      <properties ampMax="1" ampMin="1" ampStep="0" ampVarFlag="true" color="Black" endTime="499.3" fftMax="499.3" fftMin="0" lineStyle="Solid" lineWidth="Hairline" startTime="0" />
    </crash>
    <crash assignmentComment="" crashcode="Multi_EDR_Front_Noise_7_9kph_Side_Noise_7_9kph;5" crashversion="2016-09-08 13:29:54">
      <properties ampMax="1" ampMin="1" ampStep="0" ampVarFlag="true" color="Black" endTime="349.6" fftMax="349.6" fftMin="0" lineStyle="Solid" lineWidth="Hairline" startTime="0" />
    </crash>
    <crash assignmentComment="" crashcode="Multi_EDR_Front_Noise_7_9kph_Side_ND_8_1kph;5" crashversion="2016-09-08 13:29:50">
      <properties ampMax="1" ampMin="1" ampStep="0" ampVarFlag="true" color="Black" endTime="349.6" fftMax="349.6" fftMin="0" lineStyle="Solid" lineWidth="Hairline" startTime="0" />
    </crash>
    <crash assignmentComment="" crashcode="Multi_EDR_Front_ND_8_1kph_Side_Noise_7_9kph;5" crashversion="2016-09-08 13:29:50">
      <properties ampMax="1" ampMin="1" ampStep="0" ampVarFlag="true" color="Black" endTime="300.1" fftMax="300.1" fftMin="0" lineStyle="Solid" lineWidth="Hairline" startTime="0" />
    </crash>
    <crash assignmentComment="" crashcode="Multi_EDR_Front_ND_8_1kph_Side_ND_8_1kph;5" crashversion="2016-09-08 13:28:49">
      <properties ampMax="1" ampMin="1" ampStep="0" ampVarFlag="true" color="Black" endTime="300.1" fftMax="300.1" fftMin="0" lineStyle="Solid" lineWidth="Hairline" startTime="0" />
    </crash>
    <crash assignmentComment="" crashcode="Multi_EDR_Side_afterEoE_Front;5" crashversion="2016-09-08 13:21:31">
      <properties ampMax="1" ampMin="1" ampStep="0" ampVarFlag="true" color="Black" endTime="300.1" fftMax="300.1" fftMin="0" lineStyle="Solid" lineWidth="Hairline" startTime="0" />
    </crash>
    <crash assignmentComment="" crashcode="Multi_EDR_Side_before5s_Front;5" crashversion="2016-09-08 13:21:31">
      <properties ampMax="1" ampMin="1" ampStep="0" ampVarFlag="true" color="Black" endTime="5024.2" fftMax="5024.2" fftMin="0" lineStyle="Solid" lineWidth="Hairline" startTime="0" />
    </crash>
    <crash assignmentComment="" crashcode="Multi_EDR_TwoSingle_Side_after5s_Front;5" crashversion="2016-09-08 13:21:38">
      <properties ampMax="1" ampMin="1" ampStep="0" ampVarFlag="true" color="Black" endTime="5299.6" fftMax="5299.6" fftMin="0" lineStyle="Solid" lineWidth="Hairline" startTime="0" />
    </crash>
    <crash assignmentComment="" crashcode="Multi_EDR_Front_AD_Rear_ND;5" crashversion="2016-09-30 17:52:14">
      <properties ampMax="1" ampMin="1" ampStep="0" ampVarFlag="true" color="Black" endTime="379.6" fftMax="379.6" fftMin="0" lineStyle="Solid" lineWidth="Hairline" startTime="0" />
    </crash>
    <crash assignmentComment="" crashcode="Multi_EDR_Side_ND_Front_AD;5" crashversion="2016-09-08 13:21:32">
      <properties ampMax="1" ampMin="1" ampStep="0" ampVarFlag="true" color="Black" endTime="374.7" fftMax="374.7" fftMin="0" lineStyle="Solid" lineWidth="Hairline" startTime="0" />
    </crash>
    <crash assignmentComment="" crashcode="Multi_EDR_Extended_Front_ND_Side_AD_Front_AD;6" crashversion="2017-05-24 17:34:58">
      <properties ampMax="1" ampMin="1" ampStep="0" ampVarFlag="true" color="Black" endTime="408" fftMax="408" fftMin="0" lineStyle="Solid" lineWidth="Hairline" startTime="0" />
    </crash>
    <crash assignmentComment="" crashcode="Multi_EDR_Ext_Rear_ND_SideD_ND_Front_AD_SideP_AD;5" crashversion="2016-09-08 13:27:48">
      <properties ampMax="1" ampMin="1" ampStep="0" ampVarFlag="true" color="Black" endTime="1800.1" fftMax="1800.1" fftMin="0" lineStyle="Solid" lineWidth="Hairline" startTime="0" />
    </crash>
    <crash assignmentComment="" crashcode="Multi_EDR_Ext_Frt_ND_Front_NAD_SideP_AD_Front_AD;5" crashversion="2016-09-08 13:27:47">
      <properties ampMax="1" ampMin="1" ampStep="0" ampVarFlag="true" color="Black" endTime="3000.1" fftMax="3000.1" fftMin="0" lineStyle="Solid" lineWidth="Hairline" startTime="0" />
    </crash>
    <crash assignmentComment="" crashcode="Multi_EDR_Ext_Frt_ND_Rear_ND_Rolovr_AD_SideD_AD;5" crashversion="2016-10-27 12:10:34">
      <properties ampMax="1" ampMin="1" ampStep="0" ampVarFlag="true" color="Black" endTime="0" fftMax="4400.1" fftMin="0" lineStyle="Solid" lineWidth="Hairline" startTime="0" />
    </crash>
    <crash assignmentComment="" crashcode="Multi_EDR_Rear_AD_Front_Noise_Side_AD;5" crashversion="2016-09-08 13:30:58">
      <properties ampMax="1" ampMin="1" ampStep="0" ampVarFlag="true" color="Black" endTime="400.2" fftMax="400.2" fftMin="0" lineStyle="Solid" lineWidth="Hairline" startTime="0" />
    </crash>
    <crash assignmentComment="" crashcode="Multi_EDR_Noise_Noise_Front_NAD;5" crashversion="2016-09-08 13:32:00">
      <properties ampMax="1" ampMin="1" ampStep="0" ampVarFlag="true" color="Black" endTime="2699.7" fftMax="2699.7" fftMin="0" lineStyle="Solid" lineWidth="Hairline" startTime="0" />
    </crash>
    <crash assignmentComment="" crashcode="Multi_EDR_Noise_Noise_Front_AD;5" crashversion="2016-09-08 13:32:00">
      <properties ampMax="1" ampMin="1" ampStep="0" ampVarFlag="true" color="Black" endTime="1324.7" fftMax="1324.7" fftMin="0" lineStyle="Solid" lineWidth="Hairline" startTime="0" />
    </crash>
    <crash assignmentComment="" crashcode="Multi_EDR_Noise_Noise_SideR_ND;5" crashversion="2016-09-08 13:32:02">
      <properties ampMax="1" ampMin="1" ampStep="0" ampVarFlag="true" color="Black" endTime="1750.1" fftMax="1750.1" fftMin="0" lineStyle="Solid" lineWidth="Hairline" startTime="0" />
    </crash>
    <crash assignmentComment="" crashcode="Multi_EDR_Noise_Noise_SideL_ND;5" crashversion="2016-09-08 13:32:00">
      <properties ampMax="1" ampMin="1" ampStep="0" ampVarFlag="true" color="Black" endTime="300.1" fftMax="300.1" fftMin="0" lineStyle="Solid" lineWidth="Hairline" startTime="0" />
    </crash>
    <crash assignmentComment="" crashcode="Multi_EDR_Front_NAD_Noise_Front_AD;5" crashversion="2016-09-08 13:28:49">
      <properties ampMax="1" ampMin="1" ampStep="0" ampVarFlag="true" color="Black" endTime="2800.1" fftMax="2800.1" fftMin="0" lineStyle="Solid" lineWidth="Hairline" startTime="0" />
    </crash>
    <crash assignmentComment="" crashcode="Multi_EDR_Front_AD_Noise_Front_AD;5" crashversion="2016-09-08 13:28:49">
      <properties ampMax="1" ampMin="1" ampStep="0" ampVarFlag="true" color="Black" endTime="2800.1" fftMax="2800.1" fftMin="0" lineStyle="Solid" lineWidth="Hairline" startTime="0" />
    </crash>
    <crash assignmentComment="" crashcode="Multi_EDR_LeftSide_ND_Noise_RightSide_AD;5" crashversion="2016-09-08 13:32:00">
      <properties ampMax="1" ampMin="1" ampStep="0" ampVarFlag="true" color="Black" endTime="2700.1" fftMax="2700.1" fftMin="0" lineStyle="Solid" lineWidth="Hairline" startTime="0" />
    </crash>
    <crash assignmentComment="" crashcode="Multi_EDR_FrontNoise_AnyNoise_SideDriverAD;5" crashversion="2016-09-08 13:20:30">
      <properties ampMax="1" ampMin="1" ampStep="0" ampVarFlag="true" color="Black" endTime="5199.6" fftMax="5199.6" fftMin="0" lineStyle="Solid" lineWidth="Hairline" startTime="0" />
    </crash>
    <crash assignmentComment="" crashcode="Multi_EDR_FrontNAD_SideDriverND;5" crashversion="2016-09-08 13:21:38">
      <properties ampMax="1" ampMin="1" ampStep="0" ampVarFlag="true" color="Black" endTime="389.8" fftMax="389.8" fftMin="0" lineStyle="Solid" lineWidth="Hairline" startTime="0" />
    </crash>
    <crash assignmentComment="" crashcode="Multi_EDR_SidePassengerND_FrontNAD;5" crashversion="2016-09-08 13:32:00">
      <properties ampMax="1" ampMin="1" ampStep="0" ampVarFlag="true" color="Black" endTime="380.4" fftMax="380.4" fftMin="0" lineStyle="Solid" lineWidth="Hairline" startTime="0" />
    </crash>
    <crash assignmentComment="" crashcode="Multi_EDR_FrontNAD_SidePassengerAD;5" crashversion="2016-09-08 13:22:38">
      <properties ampMax="1" ampMin="1" ampStep="0" ampVarFlag="true" color="Black" endTime="389.8" fftMax="389.8" fftMin="0" lineStyle="Solid" lineWidth="Hairline" startTime="0" />
    </crash>
    <crash assignmentComment="" crashcode="Multi_EDR_SideDriverAD_FrontNAD;6" crashversion="2017-06-26 11:29:11">
      <properties ampMax="1" ampMin="1" ampStep="0" ampVarFlag="true" color="Black" endTime="395.1" fftMax="395.1" fftMin="0" lineStyle="Solid" lineWidth="Hairline" startTime="0" />
    </crash>
    <crash assignmentComment="" crashcode="Multi_EDR_SideAD_FrontND;5" crashversion="2016-09-08 13:21:32">
      <properties ampMax="1" ampMin="1" ampStep="0" ampVarFlag="true" color="Black" endTime="599.6" fftMax="599.6" fftMin="0" lineStyle="Solid" lineWidth="Hairline" startTime="0" />
    </crash>
    <crash assignmentComment="" crashcode="Multi_EDR_RearND_SideAD;5" crashversion="2016-09-08 13:20:31">
      <properties ampMax="1" ampMin="1" ampStep="0" ampVarFlag="true" color="Black" endTime="699.6" fftMax="699.6" fftMin="0" lineStyle="Solid" lineWidth="Hairline" startTime="0" />
    </crash>
    <crash assignmentComment="" crashcode="Multi_EDR_FrontAD_SideND_FrontNoise;5" crashversion="2016-09-08 13:30:56">
      <properties ampMax="1" ampMin="1" ampStep="0" ampVarFlag="true" color="Black" endTime="1400.1" fftMax="1400.1" fftMin="0" lineStyle="Solid" lineWidth="Hairline" startTime="0" />
    </crash>
    <crash assignmentComment="" crashcode="Multi_EDR_SideND_FrontND_SideAD;5" crashversion="2016-09-08 13:21:37">
      <properties ampMax="1" ampMin="1" ampStep="0" ampVarFlag="true" color="Black" endTime="1500.1" fftMax="1500.1" fftMin="0" lineStyle="Solid" lineWidth="Hairline" startTime="0" />
    </crash>
    <crash assignmentComment="" crashcode="Multi_EDR_FrontND_SideLeftAD_SideRightND;5" crashversion="2016-09-08 13:30:58">
      <properties ampMax="1" ampMin="1" ampStep="0" ampVarFlag="true" color="Black" endTime="1100.1" fftMax="1100.1" fftMin="0" lineStyle="Solid" lineWidth="Hairline" startTime="0" />
    </crash>
    <crash assignmentComment="" crashcode="Multi_EDR_FrontND_SideNoise_FrontAD;5" crashversion="2016-09-08 13:30:59">
      <properties ampMax="1" ampMin="1" ampStep="0" ampVarFlag="true" color="Black" endTime="2300.1" fftMax="2300.1" fftMin="0" lineStyle="Solid" lineWidth="Hairline" startTime="0" />
    </crash>
    <crash assignmentComment="" crashcode="Multi_EDR_FrontAD_SideND_FrontND;5" crashversion="2016-09-08 13:30:56">
      <properties ampMax="1" ampMin="1" ampStep="0" ampVarFlag="true" color="Black" endTime="2400.1" fftMax="2400.1" fftMin="0" lineStyle="Solid" lineWidth="Hairline" startTime="0" />
    </crash>
    <crash assignmentComment="" crashcode="Multi_EDR_FrontNoise_SideAD_FrontAD;5" crashversion="2016-09-08 13:31:59">
      <properties ampMax="1" ampMin="1" ampStep="0" ampVarFlag="true" color="Black" endTime="4189.1" fftMax="4189.1" fftMin="0" lineStyle="Solid" lineWidth="Hairline" startTime="0" />
    </crash>
    <crash assignmentComment="" crashcode="Multi_EDR_SideLeftAD_FrontAD_SideRightAD;5" crashversion="2016-09-08 13:21:32">
      <properties ampMax="1" ampMin="1" ampStep="0" ampVarFlag="true" color="Black" endTime="4300.1" fftMax="4300.1" fftMin="0" lineStyle="Solid" lineWidth="Hairline" startTime="0" />
    </crash>
    <crash assignmentComment="" crashcode="Multi_EDR_RearNAD_FrontAD_SideND_FrontNoise;5" crashversion="2016-09-08 13:20:31">
      <properties ampMax="1" ampMin="1" ampStep="0" ampVarFlag="true" color="Black" endTime="1400.1" fftMax="1400.1" fftMin="0" lineStyle="Solid" lineWidth="Hairline" startTime="0" />
    </crash>
    <crash assignmentComment="" crashcode="Multi_EDR_FrontAD_SideND_FrontND_SideAD;5" crashversion="2016-09-08 13:30:56">
      <properties ampMax="1" ampMin="1" ampStep="0" ampVarFlag="true" color="Black" endTime="1500.1" fftMax="1500.1" fftMin="0" lineStyle="Solid" lineWidth="Hairline" startTime="0" />
    </crash>
    <crash assignmentComment="" crashcode="Multi_EDR_FrontAD_FrontND_SideNoise_FrontAD;5" crashversion="2016-09-08 13:29:55">
      <properties ampMax="1" ampMin="1" ampStep="0" ampVarFlag="true" color="Black" endTime="2300.1" fftMax="2300.1" fftMin="0" lineStyle="Solid" lineWidth="Hairline" startTime="0" />
    </crash>
    <crash assignmentComment="" crashcode="Multi_EDR_FrontAD_FrontNoise_SideAD_FrontAD;5" crashversion="2016-09-08 13:30:56">
      <properties ampMax="1" ampMin="1" ampStep="0" ampVarFlag="true" color="Black" endTime="3300.1" fftMax="3300.1" fftMin="0" lineStyle="Solid" lineWidth="Hairline" startTime="0" />
    </crash>
    <crash assignmentComment="" crashcode="Multi_EDR_FrontAD_SideLeftAD_FrontAD_SideRightAD;5" crashversion="2016-09-08 13:30:56">
      <properties ampMax="1" ampMin="1" ampStep="0" ampVarFlag="true" color="Black" endTime="4300.1" fftMax="4300.1" fftMin="0" lineStyle="Solid" lineWidth="Hairline" startTime="0" />
    </crash>
    <crash assignmentComment="" crashcode="Multi_EDR_FrontSideLeft_Noise_RearSideRight" crashversion="2016-11-07 16:28:06">
      <properties ampMax="1" ampMin="1" ampStep="0" ampVarFlag="true" color="Black" endTime="3640.3" fftMax="3640.3" fftMin="0" lineStyle="Solid" lineWidth="Hairline" startTime="0" />
    </crash>
    <crash assignmentComment="" crashcode="Multi_EDR_RearNAD_SideD_ND_SideD_AD_FrtAD_SideP_ND" crashversion="2016-10-07 11:39:15">
      <properties ampMax="1" ampMin="1" ampStep="0" ampVarFlag="true" color="Black" endTime="1500.1" fftMax="1500.1" fftMin="0" lineStyle="Solid" lineWidth="Hairline" startTime="0" />
    </crash>
    <crash assignmentComment="" crashcode="Single_AB12_EDR_Front_Inflatable_after_32767ms" crashversion="2023-02-24 11:25:35">
      <properties ampMax="1" ampMin="1" ampStep="0" ampVarFlag="true" color="Black" endTime="0" fftMax="32966.6" fftMin="0" lineStyle="Solid" lineWidth="Hairline" startTime="0" />
    </crash>
  </CrashSet>
</CrashSetProperty>
