<?xml version="1.0"?>
<AssignmentList xmlns:xsd="http://www.w3.org/2001/XMLSchema" xmlns:xsi="http://www.w3.org/2001/XMLSchema-instance">
  <Info />
  <Assignments>
    <crash crashcode="Multi_EDR_RearNAD_SideD_AD_FrtAD_SideP_ND_RollAD" crashversion="2016-10-07 11:36:14" assignmentComment="">
      <Assignment channelName="ZERO-Emulation" direction="" channelNumber="-1" sensorLocation="REF_DIS_X" />
      <Assignment channelName="ZERO-Emulation" direction="" channelNumber="-1" sensorLocation="REF_VEL_X" />
      <Assignment channelName="ZERO-Emulation" direction="" channelNumber="-1" sensorLocation="REF_ACC_X" />
      <Assignment channelName="ZERO-Emulation" direction="" channelNumber="-1" sensorLocation="REF_ACC_Y" />
      <Assignment channelName="ZERO-Emulation" direction="" channelNumber="-1" sensorLocation="REF_ACC_Z" />
      <Assignment channelName="ZERO-Emulation" direction="" channelNumber="-1" sensorLocation="REF_ANG_X" />
      <Assignment channelName="ZERO-Emulation" direction="" channelNumber="-1" sensorLocation="REF_RAT_X" />
      <Assignment channelName="ZERO-Emulation" direction="" channelNumber="-1" sensorLocation="REF_ANG_Y" />
      <Assignment channelName="ZERO-Emulation" direction="" channelNumber="-1" sensorLocation="REF_RAT_Y" />
      <Assignment channelName="ECU X" direction="X" channelNumber="1" sensorLocation="ax_highG" />
      <Assignment channelName="ECU Y" direction="Y" channelNumber="5" sensorLocation="ay_highG" />
      <Assignment channelName="ECU X" direction="X" channelNumber="1" sensorLocation="ax_highG_rd" />
      <Assignment channelName="ECU Y" direction="Y" channelNumber="5" sensorLocation="ay_highG_rd" />
      <Assignment channelName="ECUZ_lowg" direction="Z" channelNumber="7" sensorLocation="az_midG" />
      <Assignment channelName="ECU X" direction="X" channelNumber="1" sensorLocation="ax_lowG" />
      <Assignment channelName="ECUY_lowg" direction="Y" channelNumber="6" sensorLocation="ay_lowG" />
      <Assignment channelName="ECUZ_lowg" direction="Z" channelNumber="7" sensorLocation="az_lowG" />
      <Assignment channelName="Rollrate X" direction="X" channelNumber="3" sensorLocation="rateX" />
      <Assignment channelName="ECU X" direction="X" channelNumber="1" sensorLocation="ax_midG" />
      <Assignment channelName="ECU Y" direction="Y" channelNumber="5" sensorLocation="ay_midG" />
      <Assignment channelName="ZERO-Emulation" direction="" channelNumber="-1" sensorLocation="rateZ" />
      <Assignment channelName="ZERO-Emulation" direction="" channelNumber="-1" sensorLocation="inertial_valid" />
      <Assignment channelName="UFS X" direction="X" channelNumber="4" sensorLocation="UFSD" />
      <Assignment channelName="UFS X" direction="X" channelNumber="4" sensorLocation="UFSP" />
      <Assignment channelName="PASL Y" direction="Y" channelNumber="8" sensorLocation="PASFD" />
      <Assignment channelName="PASR Y" direction="Y" channelNumber="9" sensorLocation="PASFP" />
      <Assignment channelName="PASR Y" direction="Y" channelNumber="9" sensorLocation="PASMP" />
      <Assignment channelName="PASL Y" direction="Y" channelNumber="8" sensorLocation="PASMD" />
      <Assignment channelName="PPSL" direction="0" channelNumber="11" sensorLocation="PPSFD" />
      <Assignment channelName="PPSR" direction="0" channelNumber="12" sensorLocation="PPSFP" />
      <Assignment channelName="ZERO-Emulation" direction="" channelNumber="-1" sensorLocation="UFSM" />
      <Assignment channelName="ZERO-Emulation" direction="" channelNumber="-1" sensorLocation="PASRC" />
    </crash>
    <crash crashcode="Multi_EDR_Frt_ND_Rear_NAD_Roll_AD_SideD_ND_Frt_AD" crashversion="2016-10-07 11:36:13" assignmentComment="">
      <Assignment channelName="ECU X" direction="X" channelNumber="1" sensorLocation="ax_highG" />
      <Assignment channelName="ECU Y" direction="Y" channelNumber="5" sensorLocation="ay_highG" />
      <Assignment channelName="ECUZ_lowg" direction="Z" channelNumber="7" sensorLocation="az_midG" />
      <Assignment channelName="Rollrate X" direction="X" channelNumber="3" sensorLocation="rateX" />
      <Assignment channelName="ZERO-Emulation" direction="" channelNumber="-1" sensorLocation="ay_highG_rd" />
      <Assignment channelName="ZERO-Emulation" direction="" channelNumber="-1" sensorLocation="ax_lowG" />
      <Assignment channelName="ZERO-Emulation" direction="" channelNumber="-1" sensorLocation="ay_lowG" />
      <Assignment channelName="ZERO-Emulation" direction="" channelNumber="-1" sensorLocation="rateZ" />
      <Assignment channelName="ZERO-Emulation" direction="" channelNumber="-1" sensorLocation="ax_midG" />
      <Assignment channelName="ZERO-Emulation" direction="" channelNumber="-1" sensorLocation="ay_midG" />
      <Assignment channelName="ZERO-Emulation" direction="" channelNumber="-1" sensorLocation="REF_DIS_X" />
      <Assignment channelName="ZERO-Emulation" direction="" channelNumber="-1" sensorLocation="REF_VEL_X" />
      <Assignment channelName="ZERO-Emulation" direction="" channelNumber="-1" sensorLocation="REF_ACC_X" />
      <Assignment channelName="ZERO-Emulation" direction="" channelNumber="-1" sensorLocation="REF_ACC_Y" />
      <Assignment channelName="ZERO-Emulation" direction="" channelNumber="-1" sensorLocation="REF_ACC_Z" />
      <Assignment channelName="ZERO-Emulation" direction="" channelNumber="-1" sensorLocation="REF_ANG_X" />
      <Assignment channelName="ZERO-Emulation" direction="" channelNumber="-1" sensorLocation="REF_RAT_X" />
      <Assignment channelName="ZERO-Emulation" direction="" channelNumber="-1" sensorLocation="REF_ANG_Y" />
      <Assignment channelName="ZERO-Emulation" direction="" channelNumber="-1" sensorLocation="REF_RAT_Y" />
      <Assignment channelName="ECU X" direction="X" channelNumber="1" sensorLocation="ax_highG_rd" />
      <Assignment channelName="ZERO-Emulation" direction="" channelNumber="-1" sensorLocation="inertial_valid" />
      <Assignment channelName="ECUZ_lowg" direction="Z" channelNumber="7" sensorLocation="az_lowG" />
      <Assignment channelName="UFS X" direction="X" channelNumber="4" sensorLocation="UFSD" />
      <Assignment channelName="UFS X" direction="X" channelNumber="4" sensorLocation="UFSP" />
      <Assignment channelName="PASL Y" direction="Y" channelNumber="8" sensorLocation="PASFD" />
      <Assignment channelName="PASR Y" direction="Y" channelNumber="9" sensorLocation="PASFP" />
      <Assignment channelName="PASR Y" direction="Y" channelNumber="9" sensorLocation="PASMP" />
      <Assignment channelName="PASL Y" direction="Y" channelNumber="8" sensorLocation="PASMD" />
      <Assignment channelName="PPSL" direction="0" channelNumber="11" sensorLocation="PPSFD" />
      <Assignment channelName="PPSR" direction="0" channelNumber="12" sensorLocation="PPSFP" />
      <Assignment channelName="UFS X" direction="X" channelNumber="4" sensorLocation="UFSM" />
      <Assignment channelName="ZERO-Emulation" direction="" channelNumber="-1" sensorLocation="PASRC" />
    </crash>
    <crash crashcode="Multi_EDR_RollrateSinus_FrontAD_8sec;1" crashversion="2018-02-28 16:33:58" assignmentComment="">
      <Assignment channelName="ZERO-Emulation" direction="" channelNumber="-1" sensorLocation="REF_DIS_X" />
      <Assignment channelName="ZERO-Emulation" direction="" channelNumber="-1" sensorLocation="REF_VEL_X" />
      <Assignment channelName="ZERO-Emulation" direction="" channelNumber="-1" sensorLocation="REF_ACC_X" />
      <Assignment channelName="ZERO-Emulation" direction="" channelNumber="-1" sensorLocation="REF_ACC_Y" />
      <Assignment channelName="ZERO-Emulation" direction="" channelNumber="-1" sensorLocation="REF_ACC_Z" />
      <Assignment channelName="ZERO-Emulation" direction="" channelNumber="-1" sensorLocation="REF_ANG_X" />
      <Assignment channelName="ZERO-Emulation" direction="" channelNumber="-1" sensorLocation="REF_RAT_X" />
      <Assignment channelName="ZERO-Emulation" direction="" channelNumber="-1" sensorLocation="REF_ANG_Y" />
      <Assignment channelName="ZERO-Emulation" direction="" channelNumber="-1" sensorLocation="REF_RAT_Y" />
      <Assignment channelName="ECU X" direction="X" channelNumber="1" sensorLocation="ax_highG" />
      <Assignment channelName="ECU Y" direction="Y" channelNumber="2" sensorLocation="ay_highG" />
      <Assignment channelName="ECU X" direction="X" channelNumber="1" sensorLocation="ax_highG_rd" />
      <Assignment channelName="ECU Y" direction="Y" channelNumber="2" sensorLocation="ay_highG_rd" />
      <Assignment channelName="ECUZ_lowg" direction="Z" channelNumber="4" sensorLocation="az_midG" />
      <Assignment channelName="ECU X" direction="X" channelNumber="1" sensorLocation="ax_lowG" />
      <Assignment channelName="ECUY_lowg" direction="Y" channelNumber="3" sensorLocation="ay_lowG" />
      <Assignment channelName="ECUZ_lowg" direction="Z" channelNumber="4" sensorLocation="az_lowG" />
      <Assignment channelName="Rollrate X" direction="X" channelNumber="5" sensorLocation="rateX" />
      <Assignment channelName="ECU X" direction="X" channelNumber="1" sensorLocation="ax_midG" />
      <Assignment channelName="ECU Y" direction="Y" channelNumber="2" sensorLocation="ay_midG" />
      <Assignment channelName="ZERO-Emulation" direction="" channelNumber="-1" sensorLocation="rateZ" />
      <Assignment channelName="ZERO-Emulation" direction="" channelNumber="-1" sensorLocation="inertial_valid" />
      <Assignment channelName="UFS X" direction="X" channelNumber="10" sensorLocation="UFSD" />
      <Assignment channelName="UFS X" direction="X" channelNumber="10" sensorLocation="UFSP" />
      <Assignment channelName="PASL Y" direction="Y" channelNumber="6" sensorLocation="PASFD" />
      <Assignment channelName="PASR Y" direction="Y" channelNumber="7" sensorLocation="PASFP" />
      <Assignment channelName="PASR Y" direction="Y" channelNumber="7" sensorLocation="PASMP" />
      <Assignment channelName="PASL Y" direction="Y" channelNumber="6" sensorLocation="PASMD" />
      <Assignment channelName="PPSL" direction="0" channelNumber="8" sensorLocation="PPSFD" />
      <Assignment channelName="PPSR" direction="0" channelNumber="9" sensorLocation="PPSFP" />
      <Assignment channelName="ZERO-Emulation" direction="" channelNumber="-1" sensorLocation="UFSM" />
      <Assignment channelName="ZERO-Emulation" direction="" channelNumber="-1" sensorLocation="PASRC" />
    </crash>
    <crash crashcode="Multi_EDR_Extended_Rollover_ND_Side_AD_Front_AD;5" crashversion="2016-09-08 13:28:49" assignmentComment="">
      <Assignment channelName="ECU X" direction="X" channelNumber="1" sensorLocation="ax_highG" />
      <Assignment channelName="ECU Y" direction="Y" channelNumber="2" sensorLocation="ay_highG" />
      <Assignment channelName="ECUZ_lowg" direction="Z" channelNumber="4" sensorLocation="az_midG" />
      <Assignment channelName="Rollrate X" direction="X" channelNumber="11" sensorLocation="rateX" />
      <Assignment channelName="ZERO-Emulation" direction="" channelNumber="-1" sensorLocation="ay_highG_rd" />
      <Assignment channelName="ZERO-Emulation" direction="" channelNumber="-1" sensorLocation="ax_lowG" />
      <Assignment channelName="ZERO-Emulation" direction="" channelNumber="-1" sensorLocation="ay_lowG" />
      <Assignment channelName="ZERO-Emulation" direction="" channelNumber="-1" sensorLocation="az_lowG" />
      <Assignment channelName="ZERO-Emulation" direction="" channelNumber="-1" sensorLocation="rateZ" />
      <Assignment channelName="ZERO-Emulation" direction="" channelNumber="-1" sensorLocation="ax_midG" />
      <Assignment channelName="ZERO-Emulation" direction="" channelNumber="-1" sensorLocation="ay_midG" />
      <Assignment channelName="ZERO-Emulation" direction="" channelNumber="-1" sensorLocation="REF_DIS_X" />
      <Assignment channelName="ZERO-Emulation" direction="" channelNumber="-1" sensorLocation="REF_VEL_X" />
      <Assignment channelName="ZERO-Emulation" direction="" channelNumber="-1" sensorLocation="REF_ACC_X" />
      <Assignment channelName="ZERO-Emulation" direction="" channelNumber="-1" sensorLocation="REF_ACC_Y" />
      <Assignment channelName="ZERO-Emulation" direction="" channelNumber="-1" sensorLocation="REF_ACC_Z" />
      <Assignment channelName="ZERO-Emulation" direction="" channelNumber="-1" sensorLocation="REF_ANG_X" />
      <Assignment channelName="ZERO-Emulation" direction="" channelNumber="-1" sensorLocation="REF_RAT_X" />
      <Assignment channelName="ZERO-Emulation" direction="" channelNumber="-1" sensorLocation="REF_ANG_Y" />
      <Assignment channelName="ZERO-Emulation" direction="" channelNumber="-1" sensorLocation="REF_RAT_Y" />
      <Assignment channelName="ECU X" direction="X" channelNumber="1" sensorLocation="ax_highG_rd" />
      <Assignment channelName="ZERO-Emulation" direction="" channelNumber="-1" sensorLocation="inertial_valid" />
      <Assignment channelName="UFS X" direction="X" channelNumber="12" sensorLocation="UFSD" />
      <Assignment channelName="UFS X" direction="X" channelNumber="12" sensorLocation="UFSP" />
      <Assignment channelName="PASL Y" direction="Y" channelNumber="5" sensorLocation="PASFD" />
      <Assignment channelName="PASR Y" direction="Y" channelNumber="6" sensorLocation="PASFP" />
      <Assignment channelName="PASR Y" direction="Y" channelNumber="6" sensorLocation="PASMP" />
      <Assignment channelName="PASL Y" direction="Y" channelNumber="5" sensorLocation="PASMD" />
      <Assignment channelName="PPSL" direction="0" channelNumber="8" sensorLocation="PPSFD" />
      <Assignment channelName="PPSR" direction="0" channelNumber="9" sensorLocation="PPSFP" />
      <Assignment channelName="UFS X" direction="X" channelNumber="12" sensorLocation="UFSM" />
      <Assignment channelName="ZERO-Emulation" direction="" channelNumber="-1" sensorLocation="PASRC" />
    </crash>
    <crash crashcode="Parallel_EDR_SoE_duringFire_EoE_PostFire_RoSe;5" crashversion="2016-09-08 13:22:39" assignmentComment="">
      <Assignment channelName="ECUY_lowg" direction="Y" channelNumber="6" sensorLocation="ay_lowG" />
      <Assignment channelName="ECUZ_lowg" direction="Z" channelNumber="7" sensorLocation="az_lowG" />
      <Assignment channelName="Rollrate X" direction="X" channelNumber="3" sensorLocation="rateX" />
      <Assignment channelName="ECU X" direction="X" channelNumber="1" sensorLocation="ax_highG" />
      <Assignment channelName="ZERO-Emulation" direction="" channelNumber="-1" sensorLocation="REF_DIS_X" />
      <Assignment channelName="ZERO-Emulation" direction="" channelNumber="-1" sensorLocation="REF_VEL_X" />
      <Assignment channelName="ZERO-Emulation" direction="" channelNumber="-1" sensorLocation="REF_ACC_X" />
      <Assignment channelName="ZERO-Emulation" direction="" channelNumber="-1" sensorLocation="REF_ACC_Y" />
      <Assignment channelName="ZERO-Emulation" direction="" channelNumber="-1" sensorLocation="REF_ACC_Z" />
      <Assignment channelName="ZERO-Emulation" direction="" channelNumber="-1" sensorLocation="REF_ANG_X" />
      <Assignment channelName="ZERO-Emulation" direction="" channelNumber="-1" sensorLocation="REF_RAT_X" />
      <Assignment channelName="ECU Y" direction="Y" channelNumber="5" sensorLocation="ay_highG" />
      <Assignment channelName="ECU X" direction="X" channelNumber="1" sensorLocation="ax_highG_rd" />
      <Assignment channelName="ZERO-Emulation" direction="" channelNumber="-1" sensorLocation="rateZ" />
      <Assignment channelName="ECU X" direction="X" channelNumber="1" sensorLocation="ax_midG" />
      <Assignment channelName="ECU Y" direction="Y" channelNumber="5" sensorLocation="ay_midG" />
      <Assignment channelName="ECUZ_lowg" direction="Z" channelNumber="7" sensorLocation="az_midG" />
      <Assignment channelName="ZERO-Emulation" direction="" channelNumber="-1" sensorLocation="ax_lowG" />
      <Assignment channelName="ZERO-Emulation" direction="" channelNumber="-1" sensorLocation="REF_ANG_Y" />
      <Assignment channelName="ZERO-Emulation" direction="" channelNumber="-1" sensorLocation="REF_RAT_Y" />
      <Assignment channelName="ZERO-Emulation" direction="" channelNumber="-1" sensorLocation="ay_highG_rd" />
      <Assignment channelName="ZERO-Emulation" direction="" channelNumber="-1" sensorLocation="inertial_valid" />
      <Assignment channelName="UFS X" direction="X" channelNumber="4" sensorLocation="UFSD" />
      <Assignment channelName="UFS X" direction="X" channelNumber="4" sensorLocation="UFSP" />
      <Assignment channelName="PASL Y" direction="Y" channelNumber="8" sensorLocation="PASFD" />
      <Assignment channelName="PASR Y" direction="Y" channelNumber="9" sensorLocation="PASFP" />
      <Assignment channelName="PASR Y" direction="Y" channelNumber="9" sensorLocation="PASMP" />
      <Assignment channelName="PASL Y" direction="Y" channelNumber="8" sensorLocation="PASMD" />
      <Assignment channelName="PPSL" direction="0" channelNumber="11" sensorLocation="PPSFD" />
      <Assignment channelName="PPSR" direction="0" channelNumber="12" sensorLocation="PPSFP" />
      <Assignment channelName="ZERO-Emulation" direction="" channelNumber="-1" sensorLocation="UFSM" />
      <Assignment channelName="ZERO-Emulation" direction="" channelNumber="-1" sensorLocation="PASRC" />
    </crash>
    <crash crashcode="Parallel_EDR_SoE_beforeFire_EoE_duringFire_RoSe;5" crashversion="2016-09-08 13:22:39" assignmentComment="">
      <Assignment channelName="ECU X" direction="X" channelNumber="1" sensorLocation="ax_highG" />
      <Assignment channelName="ECU Y" direction="Y" channelNumber="5" sensorLocation="ay_highG" />
      <Assignment channelName="ECUZ_lowg" direction="Z" channelNumber="7" sensorLocation="az_midG" />
      <Assignment channelName="Rollrate X" direction="X" channelNumber="3" sensorLocation="rateX" />
      <Assignment channelName="ZERO-Emulation" direction="" channelNumber="-1" sensorLocation="ay_highG_rd" />
      <Assignment channelName="ZERO-Emulation" direction="" channelNumber="-1" sensorLocation="ax_lowG" />
      <Assignment channelName="ZERO-Emulation" direction="" channelNumber="-1" sensorLocation="ay_lowG" />
      <Assignment channelName="ZERO-Emulation" direction="" channelNumber="-1" sensorLocation="az_lowG" />
      <Assignment channelName="ZERO-Emulation" direction="" channelNumber="-1" sensorLocation="rateZ" />
      <Assignment channelName="ZERO-Emulation" direction="" channelNumber="-1" sensorLocation="ax_midG" />
      <Assignment channelName="ZERO-Emulation" direction="" channelNumber="-1" sensorLocation="ay_midG" />
      <Assignment channelName="ZERO-Emulation" direction="" channelNumber="-1" sensorLocation="REF_DIS_X" />
      <Assignment channelName="ZERO-Emulation" direction="" channelNumber="-1" sensorLocation="REF_VEL_X" />
      <Assignment channelName="ZERO-Emulation" direction="" channelNumber="-1" sensorLocation="REF_ACC_X" />
      <Assignment channelName="ZERO-Emulation" direction="" channelNumber="-1" sensorLocation="REF_ACC_Y" />
      <Assignment channelName="ZERO-Emulation" direction="" channelNumber="-1" sensorLocation="REF_ACC_Z" />
      <Assignment channelName="ZERO-Emulation" direction="" channelNumber="-1" sensorLocation="REF_ANG_X" />
      <Assignment channelName="ZERO-Emulation" direction="" channelNumber="-1" sensorLocation="REF_RAT_X" />
      <Assignment channelName="ZERO-Emulation" direction="" channelNumber="-1" sensorLocation="REF_ANG_Y" />
      <Assignment channelName="ZERO-Emulation" direction="" channelNumber="-1" sensorLocation="REF_RAT_Y" />
      <Assignment channelName="ECU X" direction="X" channelNumber="1" sensorLocation="ax_highG_rd" />
      <Assignment channelName="ZERO-Emulation" direction="" channelNumber="-1" sensorLocation="inertial_valid" />
      <Assignment channelName="UFS X" direction="X" channelNumber="4" sensorLocation="UFSD" />
      <Assignment channelName="UFS X" direction="X" channelNumber="4" sensorLocation="UFSP" />
      <Assignment channelName="PASL Y" direction="Y" channelNumber="8" sensorLocation="PASFD" />
      <Assignment channelName="PASR Y" direction="Y" channelNumber="9" sensorLocation="PASFP" />
      <Assignment channelName="PASR Y" direction="Y" channelNumber="9" sensorLocation="PASMP" />
      <Assignment channelName="PASL Y" direction="Y" channelNumber="8" sensorLocation="PASMD" />
      <Assignment channelName="PPSL" direction="0" channelNumber="11" sensorLocation="PPSFD" />
      <Assignment channelName="PPSR" direction="0" channelNumber="12" sensorLocation="PPSFP" />
      <Assignment channelName="UFS X" direction="X" channelNumber="4" sensorLocation="UFSM" />
      <Assignment channelName="ZERO-Emulation" direction="" channelNumber="-1" sensorLocation="PASRC" />
    </crash>
    <crash crashcode="Parallel_EDR_Rollover_Inflate_Side_NoDeploy;5" crashversion="2016-09-08 13:27:47" assignmentComment="">
      <Assignment channelName="ECUY_lowg" direction="Y" channelNumber="6" sensorLocation="ay_lowG" />
      <Assignment channelName="ECUZ_lowg" direction="Z" channelNumber="7" sensorLocation="az_lowG" />
      <Assignment channelName="Rollrate X" direction="X" channelNumber="3" sensorLocation="rateX" />
      <Assignment channelName="ECU X" direction="X" channelNumber="1" sensorLocation="ax_highG" />
      <Assignment channelName="ZERO-Emulation" direction="" channelNumber="-1" sensorLocation="REF_DIS_X" />
      <Assignment channelName="ZERO-Emulation" direction="" channelNumber="-1" sensorLocation="REF_VEL_X" />
      <Assignment channelName="ZERO-Emulation" direction="" channelNumber="-1" sensorLocation="REF_ACC_X" />
      <Assignment channelName="ZERO-Emulation" direction="" channelNumber="-1" sensorLocation="REF_ACC_Y" />
      <Assignment channelName="ZERO-Emulation" direction="" channelNumber="-1" sensorLocation="REF_ACC_Z" />
      <Assignment channelName="ZERO-Emulation" direction="" channelNumber="-1" sensorLocation="REF_ANG_X" />
      <Assignment channelName="ZERO-Emulation" direction="" channelNumber="-1" sensorLocation="REF_RAT_X" />
      <Assignment channelName="ECU Y" direction="Y" channelNumber="5" sensorLocation="ay_highG" />
      <Assignment channelName="ECU X" direction="X" channelNumber="1" sensorLocation="ax_highG_rd" />
      <Assignment channelName="ZERO-Emulation" direction="" channelNumber="-1" sensorLocation="rateZ" />
      <Assignment channelName="ECU X" direction="X" channelNumber="1" sensorLocation="ax_midG" />
      <Assignment channelName="ECU Y" direction="Y" channelNumber="5" sensorLocation="ay_midG" />
      <Assignment channelName="ECUZ_lowg" direction="Z" channelNumber="7" sensorLocation="az_midG" />
      <Assignment channelName="ZERO-Emulation" direction="" channelNumber="-1" sensorLocation="ax_lowG" />
      <Assignment channelName="ZERO-Emulation" direction="" channelNumber="-1" sensorLocation="REF_ANG_Y" />
      <Assignment channelName="ZERO-Emulation" direction="" channelNumber="-1" sensorLocation="REF_RAT_Y" />
      <Assignment channelName="ZERO-Emulation" direction="" channelNumber="-1" sensorLocation="ay_highG_rd" />
      <Assignment channelName="ZERO-Emulation" direction="" channelNumber="-1" sensorLocation="inertial_valid" />
      <Assignment channelName="UFS X" direction="X" channelNumber="4" sensorLocation="UFSD" />
      <Assignment channelName="UFS X" direction="X" channelNumber="4" sensorLocation="UFSP" />
      <Assignment channelName="PASL Y" direction="Y" channelNumber="8" sensorLocation="PASFD" />
      <Assignment channelName="PASR Y" direction="Y" channelNumber="9" sensorLocation="PASFP" />
      <Assignment channelName="PASR Y" direction="Y" channelNumber="9" sensorLocation="PASMP" />
      <Assignment channelName="PASL Y" direction="Y" channelNumber="8" sensorLocation="PASMD" />
      <Assignment channelName="PPSL" direction="0" channelNumber="11" sensorLocation="PPSFD" />
      <Assignment channelName="PPSR" direction="0" channelNumber="12" sensorLocation="PPSFP" />
      <Assignment channelName="ZERO-Emulation" direction="" channelNumber="-1" sensorLocation="UFSM" />
      <Assignment channelName="ZERO-Emulation" direction="" channelNumber="-1" sensorLocation="PASRC" />
    </crash>
    <crash crashcode="Parallel_EDR_Rollover_Inflate_Front_Inflate;5" crashversion="2016-09-08 13:27:47" assignmentComment="">
      <Assignment channelName="ZERO-Emulation" direction="" channelNumber="-1" sensorLocation="ax_lowG" />
      <Assignment channelName="ZERO-Emulation" direction="" channelNumber="-1" sensorLocation="REF_DIS_X" />
      <Assignment channelName="ZERO-Emulation" direction="" channelNumber="-1" sensorLocation="REF_VEL_X" />
      <Assignment channelName="ZERO-Emulation" direction="" channelNumber="-1" sensorLocation="REF_ACC_X" />
      <Assignment channelName="ZERO-Emulation" direction="" channelNumber="-1" sensorLocation="REF_ACC_Y" />
      <Assignment channelName="ZERO-Emulation" direction="" channelNumber="-1" sensorLocation="REF_ACC_Z" />
      <Assignment channelName="ZERO-Emulation" direction="" channelNumber="-1" sensorLocation="REF_ANG_X" />
      <Assignment channelName="ZERO-Emulation" direction="" channelNumber="-1" sensorLocation="REF_RAT_X" />
      <Assignment channelName="ZERO-Emulation" direction="" channelNumber="-1" sensorLocation="REF_ANG_Y" />
      <Assignment channelName="ZERO-Emulation" direction="" channelNumber="-1" sensorLocation="REF_RAT_Y" />
      <Assignment channelName="ECU Y" direction="Y" channelNumber="5" sensorLocation="ay_highG" />
      <Assignment channelName="ECU X" direction="X" channelNumber="1" sensorLocation="ax_highG" />
      <Assignment channelName="ECUZ_lowg" direction="Z" channelNumber="7" sensorLocation="az_midG" />
      <Assignment channelName="Rollrate X" direction="X" channelNumber="3" sensorLocation="rateX" />
      <Assignment channelName="ZERO-Emulation" direction="" channelNumber="-1" sensorLocation="ay_highG_rd" />
      <Assignment channelName="ZERO-Emulation" direction="" channelNumber="-1" sensorLocation="ay_lowG" />
      <Assignment channelName="ZERO-Emulation" direction="" channelNumber="-1" sensorLocation="az_lowG" />
      <Assignment channelName="ZERO-Emulation" direction="" channelNumber="-1" sensorLocation="rateZ" />
      <Assignment channelName="ZERO-Emulation" direction="" channelNumber="-1" sensorLocation="ax_midG" />
      <Assignment channelName="ZERO-Emulation" direction="" channelNumber="-1" sensorLocation="ay_midG" />
      <Assignment channelName="ECU X" direction="X" channelNumber="1" sensorLocation="ax_highG_rd" />
      <Assignment channelName="ZERO-Emulation" direction="" channelNumber="-1" sensorLocation="inertial_valid" />
      <Assignment channelName="UFS X" direction="X" channelNumber="4" sensorLocation="UFSM" />
      <Assignment channelName="UFS X" direction="X" channelNumber="4" sensorLocation="UFSD" />
      <Assignment channelName="UFS X" direction="X" channelNumber="4" sensorLocation="UFSP" />
      <Assignment channelName="PASL Y" direction="Y" channelNumber="8" sensorLocation="PASFD" />
      <Assignment channelName="PASR Y" direction="Y" channelNumber="9" sensorLocation="PASFP" />
      <Assignment channelName="PASR Y" direction="Y" channelNumber="9" sensorLocation="PASMP" />
      <Assignment channelName="PASL Y" direction="Y" channelNumber="8" sensorLocation="PASMD" />
      <Assignment channelName="PPSL" direction="0" channelNumber="11" sensorLocation="PPSFD" />
      <Assignment channelName="PPSR" direction="0" channelNumber="12" sensorLocation="PPSFP" />
      <Assignment channelName="ZERO-Emulation" direction="" channelNumber="-1" sensorLocation="PASRC" />
    </crash>
    <crash crashcode="Parallel_EDR_Rollover_Inflate_SideLeft_Inflte;5" crashversion="2016-09-08 13:27:47" assignmentComment="">
      <Assignment channelName="ECUY_lowg" direction="Y" channelNumber="6" sensorLocation="ay_lowG" />
      <Assignment channelName="ECUZ_lowg" direction="Z" channelNumber="7" sensorLocation="az_lowG" />
      <Assignment channelName="Rollrate X" direction="X" channelNumber="3" sensorLocation="rateX" />
      <Assignment channelName="ECU X" direction="X" channelNumber="1" sensorLocation="ax_highG" />
      <Assignment channelName="ZERO-Emulation" direction="" channelNumber="-1" sensorLocation="REF_DIS_X" />
      <Assignment channelName="ZERO-Emulation" direction="" channelNumber="-1" sensorLocation="REF_VEL_X" />
      <Assignment channelName="ZERO-Emulation" direction="" channelNumber="-1" sensorLocation="REF_ACC_X" />
      <Assignment channelName="ZERO-Emulation" direction="" channelNumber="-1" sensorLocation="REF_ACC_Y" />
      <Assignment channelName="ZERO-Emulation" direction="" channelNumber="-1" sensorLocation="REF_ACC_Z" />
      <Assignment channelName="ZERO-Emulation" direction="" channelNumber="-1" sensorLocation="REF_ANG_X" />
      <Assignment channelName="ZERO-Emulation" direction="" channelNumber="-1" sensorLocation="REF_RAT_X" />
      <Assignment channelName="ECU Y" direction="Y" channelNumber="5" sensorLocation="ay_highG" />
      <Assignment channelName="ECU X" direction="X" channelNumber="1" sensorLocation="ax_highG_rd" />
      <Assignment channelName="ZERO-Emulation" direction="" channelNumber="-1" sensorLocation="rateZ" />
      <Assignment channelName="ECU X" direction="X" channelNumber="1" sensorLocation="ax_midG" />
      <Assignment channelName="ECU Y" direction="Y" channelNumber="5" sensorLocation="ay_midG" />
      <Assignment channelName="ECUZ_lowg" direction="Z" channelNumber="7" sensorLocation="az_midG" />
      <Assignment channelName="ZERO-Emulation" direction="" channelNumber="-1" sensorLocation="ax_lowG" />
      <Assignment channelName="ZERO-Emulation" direction="" channelNumber="-1" sensorLocation="REF_ANG_Y" />
      <Assignment channelName="ZERO-Emulation" direction="" channelNumber="-1" sensorLocation="REF_RAT_Y" />
      <Assignment channelName="ZERO-Emulation" direction="" channelNumber="-1" sensorLocation="ay_highG_rd" />
      <Assignment channelName="ZERO-Emulation" direction="" channelNumber="-1" sensorLocation="inertial_valid" />
      <Assignment channelName="UFS X" direction="X" channelNumber="4" sensorLocation="UFSD" />
      <Assignment channelName="UFS X" direction="X" channelNumber="4" sensorLocation="UFSP" />
      <Assignment channelName="PASL Y" direction="Y" channelNumber="8" sensorLocation="PASFD" />
      <Assignment channelName="PASR Y" direction="Y" channelNumber="9" sensorLocation="PASFP" />
      <Assignment channelName="PASR Y" direction="Y" channelNumber="9" sensorLocation="PASMP" />
      <Assignment channelName="PASL Y" direction="Y" channelNumber="8" sensorLocation="PASMD" />
      <Assignment channelName="PPSL" direction="0" channelNumber="11" sensorLocation="PPSFD" />
      <Assignment channelName="PPSR" direction="0" channelNumber="12" sensorLocation="PPSFP" />
      <Assignment channelName="ZERO-Emulation" direction="" channelNumber="-1" sensorLocation="UFSM" />
      <Assignment channelName="ZERO-Emulation" direction="" channelNumber="-1" sensorLocation="PASRC" />
    </crash>
    <crash crashcode="Single_EDR_Rollover_Clip_Rollr_LowGY_Z_aft250ms" crashversion="2018-08-13 10:27:38" assignmentComment="">
      <Assignment channelName="X zero signal" direction="X" channelNumber="1" sensorLocation="REF_DIS_X" />
      <Assignment channelName="X zero signal" direction="X" channelNumber="1" sensorLocation="REF_VEL_X" />
      <Assignment channelName="X zero signal" direction="X" channelNumber="1" sensorLocation="REF_ACC_X" />
      <Assignment channelName="X zero signal" direction="X" channelNumber="1" sensorLocation="REF_ANG_X" />
      <Assignment channelName="X zero signal" direction="X" channelNumber="1" sensorLocation="ax_highG_rd" />
      <Assignment channelName="X zero signal" direction="X" channelNumber="1" sensorLocation="REF_RAT_X" />
      <Assignment channelName="X zero signal" direction="X" channelNumber="1" sensorLocation="ax_highG" />
      <Assignment channelName="X zero signal" direction="X" channelNumber="1" sensorLocation="ax_midG" />
      <Assignment channelName="X zero signal" direction="X" channelNumber="1" sensorLocation="ax_lowG" />
      <Assignment channelName="Rollrate X clipping 380deg per s" direction="X" channelNumber="6" sensorLocation="rateX" />
      <Assignment channelName="Y - zero signal" direction="Y" channelNumber="3" sensorLocation="REF_ACC_Y" />
      <Assignment channelName="Y - zero signal" direction="Y" channelNumber="3" sensorLocation="ay_midG" />
      <Assignment channelName="ECU Y - 1g for plausi" direction="Y" channelNumber="7" sensorLocation="ay_highG" />
      <Assignment channelName="ECUY_lowg clipping 150g" direction="Y" channelNumber="8" sensorLocation="ay_lowG" />
      <Assignment channelName="ZERO-Emulation" direction="" channelNumber="-1" sensorLocation="rateZ" />
      <Assignment channelName="Z - zero signal" direction="Z" channelNumber="4" sensorLocation="az_midG" />
      <Assignment channelName="Z - zero signal" direction="Z" channelNumber="4" sensorLocation="REF_ACC_Z" />
      <Assignment channelName="ECUZ_lowg clipping 150g" direction="Z" channelNumber="2" sensorLocation="az_lowG" />
      <Assignment channelName="ZERO-Emulation" direction="" channelNumber="-1" sensorLocation="REF_ANG_Y" />
      <Assignment channelName="ZERO-Emulation" direction="" channelNumber="-1" sensorLocation="REF_RAT_Y" />
      <Assignment channelName="ZERO-Emulation" direction="" channelNumber="-1" sensorLocation="ay_highG_rd" />
      <Assignment channelName="ZERO-Emulation" direction="" channelNumber="-1" sensorLocation="inertial_valid" />
      <Assignment channelName="X zero signal" direction="X" channelNumber="1" sensorLocation="UFSD" />
      <Assignment channelName="X zero signal" direction="X" channelNumber="1" sensorLocation="UFSP" />
      <Assignment channelName="Y - zero signal" direction="Y" channelNumber="3" sensorLocation="PASFD" />
      <Assignment channelName="Y - zero signal" direction="Y" channelNumber="3" sensorLocation="PASFP" />
      <Assignment channelName="Y - zero signal" direction="Y" channelNumber="3" sensorLocation="PASMP" />
      <Assignment channelName="Y - zero signal" direction="Y" channelNumber="3" sensorLocation="PASMD" />
      <Assignment channelName="Pressure - zero signal" direction="0" channelNumber="5" sensorLocation="PPSFD" />
      <Assignment channelName="Pressure - zero signal" direction="0" channelNumber="5" sensorLocation="PPSFP" />
      <Assignment channelName="ZERO-Emulation" direction="" channelNumber="-1" sensorLocation="UFSM" />
      <Assignment channelName="ZERO-Emulation" direction="" channelNumber="-1" sensorLocation="PASRC" />
    </crash>
    <crash crashcode="Single_EDR_Rollover_Clip_Rollr_LowGY_Z_bef250ms" crashversion="2018-08-13 09:43:16" assignmentComment="">
      <Assignment channelName="X zero signal" direction="X" channelNumber="1" sensorLocation="REF_DIS_X" />
      <Assignment channelName="X zero signal" direction="X" channelNumber="1" sensorLocation="REF_VEL_X" />
      <Assignment channelName="X zero signal" direction="X" channelNumber="1" sensorLocation="REF_ACC_X" />
      <Assignment channelName="X zero signal" direction="X" channelNumber="1" sensorLocation="REF_ANG_X" />
      <Assignment channelName="X zero signal" direction="X" channelNumber="1" sensorLocation="ax_highG_rd" />
      <Assignment channelName="X zero signal" direction="X" channelNumber="1" sensorLocation="REF_RAT_X" />
      <Assignment channelName="X zero signal" direction="X" channelNumber="1" sensorLocation="ax_highG" />
      <Assignment channelName="X zero signal" direction="X" channelNumber="1" sensorLocation="ax_midG" />
      <Assignment channelName="X zero signal" direction="X" channelNumber="1" sensorLocation="ax_lowG" />
      <Assignment channelName="Rollrate X clipping 380deg per s" direction="X" channelNumber="6" sensorLocation="rateX" />
      <Assignment channelName="Y - zero signal" direction="Y" channelNumber="3" sensorLocation="REF_ACC_Y" />
      <Assignment channelName="Y - zero signal" direction="Y" channelNumber="3" sensorLocation="ay_midG" />
      <Assignment channelName="ECU Y - 1g for plausi" direction="Y" channelNumber="7" sensorLocation="ay_highG" />
      <Assignment channelName="ECUY_lowg clipping 150g" direction="Y" channelNumber="8" sensorLocation="ay_lowG" />
      <Assignment channelName="ZERO-Emulation" direction="" channelNumber="-1" sensorLocation="rateZ" />
      <Assignment channelName="Z - zero signal" direction="Z" channelNumber="4" sensorLocation="az_midG" />
      <Assignment channelName="Z - zero signal" direction="Z" channelNumber="4" sensorLocation="REF_ACC_Z" />
      <Assignment channelName="ECUZ_lowg clipping 150g" direction="Z" channelNumber="2" sensorLocation="az_lowG" />
      <Assignment channelName="ZERO-Emulation" direction="" channelNumber="-1" sensorLocation="REF_ANG_Y" />
      <Assignment channelName="ZERO-Emulation" direction="" channelNumber="-1" sensorLocation="REF_RAT_Y" />
      <Assignment channelName="ZERO-Emulation" direction="" channelNumber="-1" sensorLocation="ay_highG_rd" />
      <Assignment channelName="ZERO-Emulation" direction="" channelNumber="-1" sensorLocation="inertial_valid" />
      <Assignment channelName="X zero signal" direction="X" channelNumber="1" sensorLocation="UFSD" />
      <Assignment channelName="X zero signal" direction="X" channelNumber="1" sensorLocation="UFSP" />
      <Assignment channelName="Y - zero signal" direction="Y" channelNumber="3" sensorLocation="PASFD" />
      <Assignment channelName="Y - zero signal" direction="Y" channelNumber="3" sensorLocation="PASFP" />
      <Assignment channelName="Y - zero signal" direction="Y" channelNumber="3" sensorLocation="PASMP" />
      <Assignment channelName="Y - zero signal" direction="Y" channelNumber="3" sensorLocation="PASMD" />
      <Assignment channelName="Pressure - zero signal" direction="0" channelNumber="5" sensorLocation="PPSFD" />
      <Assignment channelName="Pressure - zero signal" direction="0" channelNumber="5" sensorLocation="PPSFP" />
      <Assignment channelName="ZERO-Emulation" direction="" channelNumber="-1" sensorLocation="UFSM" />
      <Assignment channelName="ZERO-Emulation" direction="" channelNumber="-1" sensorLocation="PASRC" />
    </crash>
    <crash crashcode="Single_EDR_Rollover_NoDeployment;5" crashversion="2016-09-08 13:25:44" assignmentComment="">
      <Assignment channelName="ZERO-Emulation" direction="" channelNumber="-1" sensorLocation="ax_lowG" />
      <Assignment channelName="ZERO-Emulation" direction="" channelNumber="-1" sensorLocation="REF_DIS_X" />
      <Assignment channelName="ZERO-Emulation" direction="" channelNumber="-1" sensorLocation="REF_VEL_X" />
      <Assignment channelName="ZERO-Emulation" direction="" channelNumber="-1" sensorLocation="REF_ACC_X" />
      <Assignment channelName="ZERO-Emulation" direction="" channelNumber="-1" sensorLocation="REF_ACC_Y" />
      <Assignment channelName="ZERO-Emulation" direction="" channelNumber="-1" sensorLocation="REF_ACC_Z" />
      <Assignment channelName="ZERO-Emulation" direction="" channelNumber="-1" sensorLocation="REF_ANG_X" />
      <Assignment channelName="ZERO-Emulation" direction="" channelNumber="-1" sensorLocation="REF_RAT_X" />
      <Assignment channelName="ZERO-Emulation" direction="" channelNumber="-1" sensorLocation="REF_ANG_Y" />
      <Assignment channelName="ZERO-Emulation" direction="" channelNumber="-1" sensorLocation="REF_RAT_Y" />
      <Assignment channelName="ECU Y" direction="Y" channelNumber="5" sensorLocation="ay_highG" />
      <Assignment channelName="ECU X" direction="X" channelNumber="1" sensorLocation="ax_highG" />
      <Assignment channelName="ECUZ_lowg" direction="Z" channelNumber="7" sensorLocation="az_midG" />
      <Assignment channelName="Rollrate X" direction="X" channelNumber="3" sensorLocation="rateX" />
      <Assignment channelName="ZERO-Emulation" direction="" channelNumber="-1" sensorLocation="ay_highG_rd" />
      <Assignment channelName="ZERO-Emulation" direction="" channelNumber="-1" sensorLocation="ay_lowG" />
      <Assignment channelName="ZERO-Emulation" direction="" channelNumber="-1" sensorLocation="rateZ" />
      <Assignment channelName="ZERO-Emulation" direction="" channelNumber="-1" sensorLocation="ax_midG" />
      <Assignment channelName="ZERO-Emulation" direction="" channelNumber="-1" sensorLocation="ay_midG" />
      <Assignment channelName="ECU X" direction="X" channelNumber="1" sensorLocation="ax_highG_rd" />
      <Assignment channelName="ECUZ_lowg" direction="Z" channelNumber="7" sensorLocation="az_lowG" />
      <Assignment channelName="ZERO-Emulation" direction="" channelNumber="-1" sensorLocation="inertial_valid" />
      <Assignment channelName="ZERO-Emulation" direction="" channelNumber="-1" sensorLocation="UFSM" />
      <Assignment channelName="UFS X" direction="X" channelNumber="4" sensorLocation="UFSD" />
      <Assignment channelName="UFS X" direction="X" channelNumber="4" sensorLocation="UFSP" />
      <Assignment channelName="PASL Y" direction="Y" channelNumber="8" sensorLocation="PASFD" />
      <Assignment channelName="PASR Y" direction="Y" channelNumber="9" sensorLocation="PASFP" />
      <Assignment channelName="PASR Y" direction="Y" channelNumber="9" sensorLocation="PASMP" />
      <Assignment channelName="PASL Y" direction="Y" channelNumber="8" sensorLocation="PASMD" />
      <Assignment channelName="PPSL" direction="0" channelNumber="11" sensorLocation="PPSFD" />
      <Assignment channelName="PPSR" direction="0" channelNumber="12" sensorLocation="PPSFP" />
      <Assignment channelName="ZERO-Emulation" direction="" channelNumber="-1" sensorLocation="PASRC" />
    </crash>
    <crash crashcode="Single_EDR_Rollover_Inflatable;5" crashversion="2016-09-08 13:25:44" assignmentComment="">
      <Assignment channelName="ZERO-Emulation" direction="" channelNumber="-1" sensorLocation="ax_lowG" />
      <Assignment channelName="ZERO-Emulation" direction="" channelNumber="-1" sensorLocation="REF_DIS_X" />
      <Assignment channelName="ZERO-Emulation" direction="" channelNumber="-1" sensorLocation="REF_VEL_X" />
      <Assignment channelName="ZERO-Emulation" direction="" channelNumber="-1" sensorLocation="REF_ACC_X" />
      <Assignment channelName="ZERO-Emulation" direction="" channelNumber="-1" sensorLocation="REF_ACC_Y" />
      <Assignment channelName="ZERO-Emulation" direction="" channelNumber="-1" sensorLocation="REF_ACC_Z" />
      <Assignment channelName="ZERO-Emulation" direction="" channelNumber="-1" sensorLocation="REF_ANG_X" />
      <Assignment channelName="ZERO-Emulation" direction="" channelNumber="-1" sensorLocation="REF_RAT_X" />
      <Assignment channelName="ZERO-Emulation" direction="" channelNumber="-1" sensorLocation="REF_ANG_Y" />
      <Assignment channelName="ZERO-Emulation" direction="" channelNumber="-1" sensorLocation="REF_RAT_Y" />
      <Assignment channelName="ZERO-Emulation" direction="" channelNumber="-1" sensorLocation="ay_highG_rd" />
      <Assignment channelName="ZERO-Emulation" direction="" channelNumber="-1" sensorLocation="ay_lowG" />
      <Assignment channelName="ZERO-Emulation" direction="" channelNumber="-1" sensorLocation="rateZ" />
      <Assignment channelName="ZERO-Emulation" direction="" channelNumber="-1" sensorLocation="ax_midG" />
      <Assignment channelName="ZERO-Emulation" direction="" channelNumber="-1" sensorLocation="ay_midG" />
      <Assignment channelName="ECU X" direction="X" channelNumber="1" sensorLocation="ax_highG" />
      <Assignment channelName="ECUZ_lowg" direction="Z" channelNumber="7" sensorLocation="az_midG" />
      <Assignment channelName="Rollrate X" direction="X" channelNumber="3" sensorLocation="rateX" />
      <Assignment channelName="ECU X" direction="X" channelNumber="1" sensorLocation="ax_highG_rd" />
      <Assignment channelName="ECUZ_lowg" direction="Z" channelNumber="7" sensorLocation="az_lowG" />
      <Assignment channelName="ZERO-Emulation" direction="" channelNumber="-1" sensorLocation="inertial_valid" />
      <Assignment channelName="ECUY_lowg" direction="Y" channelNumber="6" sensorLocation="ay_highG" />
      <Assignment channelName="UFS X" direction="X" channelNumber="4" sensorLocation="UFSM" />
      <Assignment channelName="UFS X" direction="X" channelNumber="4" sensorLocation="UFSD" />
      <Assignment channelName="UFS X" direction="X" channelNumber="4" sensorLocation="UFSP" />
      <Assignment channelName="PASL Y" direction="Y" channelNumber="8" sensorLocation="PASFD" />
      <Assignment channelName="PASR Y" direction="Y" channelNumber="9" sensorLocation="PASFP" />
      <Assignment channelName="PASR Y" direction="Y" channelNumber="9" sensorLocation="PASMP" />
      <Assignment channelName="PASL Y" direction="Y" channelNumber="8" sensorLocation="PASMD" />
      <Assignment channelName="PPSL" direction="0" channelNumber="11" sensorLocation="PPSFD" />
      <Assignment channelName="PPSR" direction="0" channelNumber="12" sensorLocation="PPSFP" />
      <Assignment channelName="ZERO-Emulation" direction="" channelNumber="-1" sensorLocation="PASRC" />
    </crash>
    <crash crashcode="Multi_EDR_FrtAD_SideP_ND_RollAD" crashversion="2018-11-10 11:04:00" assignmentComment="">
      <Assignment channelName="ZERO-Emulation" direction="" channelNumber="-1" sensorLocation="REF_DIS_X" />
      <Assignment channelName="ZERO-Emulation" direction="" channelNumber="-1" sensorLocation="REF_VEL_X" />
      <Assignment channelName="ZERO-Emulation" direction="" channelNumber="-1" sensorLocation="REF_ACC_X" />
      <Assignment channelName="ZERO-Emulation" direction="" channelNumber="-1" sensorLocation="REF_ACC_Y" />
      <Assignment channelName="ZERO-Emulation" direction="" channelNumber="-1" sensorLocation="REF_ACC_Z" />
      <Assignment channelName="ZERO-Emulation" direction="" channelNumber="-1" sensorLocation="REF_ANG_X" />
      <Assignment channelName="ZERO-Emulation" direction="" channelNumber="-1" sensorLocation="REF_RAT_X" />
      <Assignment channelName="ZERO-Emulation" direction="" channelNumber="-1" sensorLocation="REF_ANG_Y" />
      <Assignment channelName="ZERO-Emulation" direction="" channelNumber="-1" sensorLocation="REF_RAT_Y" />
      <Assignment channelName="ECU X" direction="X" channelNumber="1" sensorLocation="ax_highG" />
      <Assignment channelName="ECU Y" direction="Y" channelNumber="5" sensorLocation="ay_highG" />
      <Assignment channelName="ECU X" direction="X" channelNumber="1" sensorLocation="ax_highG_rd" />
      <Assignment channelName="ECU Y" direction="Y" channelNumber="5" sensorLocation="ay_highG_rd" />
      <Assignment channelName="ECUZ_lowg" direction="Z" channelNumber="7" sensorLocation="az_midG" />
      <Assignment channelName="ECU X" direction="X" channelNumber="1" sensorLocation="ax_lowG" />
      <Assignment channelName="ECUY_lowg" direction="Y" channelNumber="6" sensorLocation="ay_lowG" />
      <Assignment channelName="ECUZ_lowg" direction="Z" channelNumber="7" sensorLocation="az_lowG" />
      <Assignment channelName="Rollrate X" direction="X" channelNumber="3" sensorLocation="rateX" />
      <Assignment channelName="ECU X" direction="X" channelNumber="1" sensorLocation="ax_midG" />
      <Assignment channelName="ECU Y" direction="Y" channelNumber="5" sensorLocation="ay_midG" />
      <Assignment channelName="ZERO-Emulation" direction="" channelNumber="-1" sensorLocation="rateZ" />
      <Assignment channelName="ZERO-Emulation" direction="" channelNumber="-1" sensorLocation="inertial_valid" />
      <Assignment channelName="UFS X" direction="X" channelNumber="4" sensorLocation="UFSD" />
      <Assignment channelName="UFS X" direction="X" channelNumber="4" sensorLocation="UFSP" />
      <Assignment channelName="PASL Y" direction="Y" channelNumber="8" sensorLocation="PASFD" />
      <Assignment channelName="PASR Y" direction="Y" channelNumber="9" sensorLocation="PASFP" />
      <Assignment channelName="PASR Y" direction="Y" channelNumber="9" sensorLocation="PASMP" />
      <Assignment channelName="PASL Y" direction="Y" channelNumber="8" sensorLocation="PASMD" />
      <Assignment channelName="PPSL" direction="0" channelNumber="11" sensorLocation="PPSFD" />
      <Assignment channelName="PPSR" direction="0" channelNumber="12" sensorLocation="PPSFP" />
      <Assignment channelName="ZERO-Emulation" direction="" channelNumber="-1" sensorLocation="UFSM" />
      <Assignment channelName="ZERO-Emulation" direction="" channelNumber="-1" sensorLocation="PASRC" />
    </crash>
  </Assignments>
</AssignmentList>
