<?xml version="1.0"?>
<CrashSetProperty xmlns:xsd="http://www.w3.org/2001/XMLSchema" xmlns:xsi="http://www.w3.org/2001/XMLSchema-instance">
  <CrashSet name="J30X_SRT_CN_EDR">
    <crash assignmentComment="" crashcode="Single_EDR_China_Front_ND_BoschCurve" crashversion="2019-08-22 11:09:05">
      <properties ampMax="1" ampMin="1" ampStep="0" ampVarFlag="true" color="Black" endTime="0" fftMax="275.1" fftMin="0" lineStyle="Solid" lineWidth="Hairline" startTime="0" />
    </crash>
    <crash assignmentComment="" crashcode="CATARC_Test_Front_Deploy_20190520_Regulation" crashversion="2019-05-22 06:57:44">
      <properties ampMax="1" ampMin="1" ampStep="0" ampVarFlag="true" color="Black" endTime="0" fftMax="120" fftMin="0" lineStyle="Solid" lineWidth="Hairline" startTime="0" />
    </crash>
    <crash assignmentComment="" crashcode="CATARC_Test_Front_Deploy_DV25KPH_20200303" crashversion="2020-03-03 08:53:49">
      <properties ampMax="1" ampMin="1" ampStep="0" ampVarFlag="true" color="Black" endTime="0" fftMax="178.2" fftMin="0" lineStyle="Solid" lineWidth="Hairline" startTime="0" />
    </crash>
    <crash assignmentComment="" crashcode="CATARC_Test_Front_Autarky_20190520_Regulation" crashversion="2019-05-22 06:56:44">
      <properties ampMax="1" ampMin="1" ampStep="0" ampVarFlag="true" color="Black" endTime="0" fftMax="210.1" fftMin="0" lineStyle="Solid" lineWidth="Hairline" startTime="0" />
    </crash>
  </CrashSet>
</CrashSetProperty>
