<?xml version="1.0"?>
<CrashSetProperty xmlns:xsd="http://www.w3.org/2001/XMLSchema" xmlns:xsi="http://www.w3.org/2001/XMLSchema-instance">
  <CrashSet name="J30X_SRT_Crashset_Roll">
    <crash assignmentComment="" crashcode="Multi_EDR_RearNAD_SideD_AD_FrtAD_SideP_ND_RollAD" crashversion="2016-10-07 11:36:14">
      <properties ampMax="1" ampMin="1" ampStep="0" ampVarFlag="true" color="Black" endTime="2200.1" fftMax="2200.1" fftMin="0" lineStyle="Solid" lineWidth="Hairline" startTime="0" />
    </crash>
    <crash assignmentComment="" crashcode="Multi_EDR_Frt_ND_Rear_NAD_Roll_AD_SideD_ND_Frt_AD" crashversion="2016-10-07 11:36:13">
      <properties ampMax="1" ampMin="1" ampStep="0" ampVarFlag="true" color="Black" endTime="0" fftMax="2100.1" fftMin="0" lineStyle="Solid" lineWidth="Hairline" startTime="0" />
    </crash>
    <crash assignmentComment="" crashcode="Multi_EDR_RollrateSinus_FrontAD_8sec;1" crashversion="2018-02-28 16:33:58">
      <properties ampMax="1" ampMin="1" ampStep="0" ampVarFlag="true" color="Black" endTime="8005.1" fftMax="8005.1" fftMin="0" lineStyle="Solid" lineWidth="Hairline" startTime="0" />
    </crash>
    <crash assignmentComment="" crashcode="Multi_EDR_Extended_Rollover_ND_Side_AD_Front_AD;5" crashversion="2016-09-08 13:28:49">
      <properties ampMax="1" ampMin="1" ampStep="0" ampVarFlag="true" color="Black" endTime="0" fftMax="1000.1" fftMin="0" lineStyle="Solid" lineWidth="Hairline" startTime="0" />
    </crash>
    <crash assignmentComment="" crashcode="Parallel_EDR_SoE_duringFire_EoE_PostFire_RoSe;5" crashversion="2016-09-08 13:22:39">
      <properties ampMax="1" ampMin="1" ampStep="0" ampVarFlag="true" color="Black" endTime="1600.1" fftMax="1600.1" fftMin="0" lineStyle="Solid" lineWidth="Hairline" startTime="0" />
    </crash>
    <crash assignmentComment="" crashcode="Parallel_EDR_SoE_beforeFire_EoE_duringFire_RoSe;5" crashversion="2016-09-08 13:22:39">
      <properties ampMax="1" ampMin="1" ampStep="0" ampVarFlag="true" color="Black" endTime="0" fftMax="1300.1" fftMin="0" lineStyle="Solid" lineWidth="Hairline" startTime="0" />
    </crash>
    <crash assignmentComment="" crashcode="Parallel_EDR_Rollover_Inflate_Side_NoDeploy;5" crashversion="2016-09-08 13:27:47">
      <properties ampMax="1" ampMin="1" ampStep="0" ampVarFlag="true" color="Black" endTime="1000" fftMax="1000" fftMin="0" lineStyle="Solid" lineWidth="Hairline" startTime="0" />
    </crash>
    <crash assignmentComment="" crashcode="Parallel_EDR_Rollover_Inflate_Front_Inflate;5" crashversion="2016-09-08 13:27:47">
      <properties ampMax="1" ampMin="1" ampStep="0" ampVarFlag="true" color="Black" endTime="1000" fftMax="1000" fftMin="0" lineStyle="Solid" lineWidth="Hairline" startTime="0" />
    </crash>
    <crash assignmentComment="" crashcode="Parallel_EDR_Rollover_Inflate_SideLeft_Inflte;5" crashversion="2016-09-08 13:27:47">
      <properties ampMax="1" ampMin="1" ampStep="0" ampVarFlag="true" color="Black" endTime="1000" fftMax="1000" fftMin="0" lineStyle="Solid" lineWidth="Hairline" startTime="0" />
    </crash>
    <crash assignmentComment="" crashcode="Single_EDR_Rollover_Clip_Rollr_LowGY_Z_aft250ms" crashversion="2018-08-13 10:27:38">
      <properties ampMax="1" ampMin="1" ampStep="0" ampVarFlag="true" color="Black" endTime="0" fftMax="2000.1" fftMin="0" lineStyle="Solid" lineWidth="Hairline" startTime="0" />
    </crash>
    <crash assignmentComment="" crashcode="Single_EDR_Rollover_Clip_Rollr_LowGY_Z_bef250ms" crashversion="2018-08-13 09:43:16">
      <properties ampMax="1" ampMin="1" ampStep="0" ampVarFlag="true" color="Black" endTime="0" fftMax="2000.1" fftMin="0" lineStyle="Solid" lineWidth="Hairline" startTime="0" />
    </crash>
    <crash assignmentComment="" crashcode="Single_EDR_Rollover_NoDeployment;5" crashversion="2016-09-08 13:25:44">
      <properties ampMax="1" ampMin="1" ampStep="0" ampVarFlag="true" color="Black" endTime="1000.1" fftMax="1000.1" fftMin="0" lineStyle="Solid" lineWidth="Hairline" startTime="0" />
    </crash>
    <crash assignmentComment="" crashcode="Single_EDR_Rollover_Inflatable;5" crashversion="2016-09-08 13:25:44">
      <properties ampMax="1" ampMin="1" ampStep="0" ampVarFlag="true" color="Black" endTime="1000.1" fftMax="1000.1" fftMin="0" lineStyle="Solid" lineWidth="Hairline" startTime="0" />
    </crash>
    <crash assignmentComment="" crashcode="Multi_EDR_FrtAD_SideP_ND_RollAD" crashversion="2018-11-10 11:04:00">
      <properties ampMax="1" ampMin="1" ampStep="0" ampVarFlag="true" color="Black" endTime="1510" fftMax="1510" fftMin="0" lineStyle="Solid" lineWidth="Hairline" startTime="0" />
    </crash>
  </CrashSet>
</CrashSetProperty>
