<?xml version="1.0"?>
<AssignmentList xmlns:xsd="http://www.w3.org/2001/XMLSchema" xmlns:xsi="http://www.w3.org/2001/XMLSchema-instance">
  <Info />
  <Assignments>
    <crash crashcode="Single_EDR_Rear_NonInflatable;5_J72A" crashversion="2022-11-23 16:31:45" assignmentComment="">
      <Assignment channelName="ECU Y" direction="Y" channelNumber="12" sensorLocation="ay_highG" />
      <Assignment channelName="ECU X" direction="X" channelNumber="1" sensorLocation="ax_highG" />
      <Assignment channelName="Rollrate X" direction="X" channelNumber="6" sensorLocation="rateX" />
      <Assignment channelName="ECUZ_lowg" direction="Z" channelNumber="9" sensorLocation="az_lowG" />
      <Assignment channelName="ZERO-Emulation" direction="" channelNumber="-1" sensorLocation="ax_highG_rd" />
      <Assignment channelName="ZERO-Emulation" direction="" channelNumber="-1" sensorLocation="ay_highG_rd" />
      <Assignment channelName="ZERO-Emulation" direction="" channelNumber="-1" sensorLocation="az_midG" />
      <Assignment channelName="ZERO-Emulation" direction="" channelNumber="-1" sensorLocation="ax_lowG" />
      <Assignment channelName="ZERO-Emulation" direction="" channelNumber="-1" sensorLocation="ay_lowG" />
      <Assignment channelName="ZERO-Emulation" direction="" channelNumber="-1" sensorLocation="rateZ" />
      <Assignment channelName="ZERO-Emulation" direction="" channelNumber="-1" sensorLocation="ax_midG" />
      <Assignment channelName="ZERO-Emulation" direction="" channelNumber="-1" sensorLocation="ay_midG" />
      <Assignment channelName="ZERO-Emulation" direction="" channelNumber="-1" sensorLocation="inertial_valid" />
      <Assignment channelName="ZERO-Emulation" direction="" channelNumber="-1" sensorLocation="REF_DIS_X" />
      <Assignment channelName="ZERO-Emulation" direction="" channelNumber="-1" sensorLocation="REF_VEL_X" />
      <Assignment channelName="ZERO-Emulation" direction="" channelNumber="-1" sensorLocation="REF_ACC_X" />
      <Assignment channelName="ZERO-Emulation" direction="" channelNumber="-1" sensorLocation="REF_ACC_Y" />
      <Assignment channelName="ZERO-Emulation" direction="" channelNumber="-1" sensorLocation="REF_ACC_Z" />
      <Assignment channelName="ZERO-Emulation" direction="" channelNumber="-1" sensorLocation="REF_ANG_X" />
      <Assignment channelName="ZERO-Emulation" direction="" channelNumber="-1" sensorLocation="REF_RAT_X" />
      <Assignment channelName="ZERO-Emulation" direction="" channelNumber="-1" sensorLocation="REF_ANG_Y" />
      <Assignment channelName="ZERO-Emulation" direction="" channelNumber="-1" sensorLocation="REF_RAT_Y" />
      <Assignment channelName="UFS X" direction="X" channelNumber="7" sensorLocation="UFSD" />
      <Assignment channelName="ZERO-Emulation" direction="" channelNumber="-1" sensorLocation="UFSM" />
      <Assignment channelName="UFS X" direction="X" channelNumber="7" sensorLocation="UFSP" />
      <Assignment channelName="PASL Y" direction="Y" channelNumber="10" sensorLocation="PASFD" />
      <Assignment channelName="PASR Y" direction="Y" channelNumber="11" sensorLocation="PASFP" />
      <Assignment channelName="PASL Y" direction="Y" channelNumber="10" sensorLocation="PASMD" />
      <Assignment channelName="PASR Y" direction="Y" channelNumber="11" sensorLocation="PASMP" />
      <Assignment channelName="ZERO-Emulation" direction="" channelNumber="-1" sensorLocation="PPSFD" />
      <Assignment channelName="ZERO-Emulation" direction="" channelNumber="-1" sensorLocation="PPSFP" />
      <Assignment channelName="ZERO-Emulation" direction="" channelNumber="-1" sensorLocation="PASRC" />
    </crash>
  </Assignments>
</AssignmentList>
