<?xml version="1.0"?>
<MappingRules xmlns:xsd="http://www.w3.org/2001/XMLSchema" xmlns:xsi="http://www.w3.org/2001/XMLSchema-instance" xmlns="http://mdsng.bosch.com">
  <MappingRule sensorlocation="UFSD">
    <MappingCondition boolOp="OR" />
  </MappingRule>
  <MappingRule sensorlocation="UFSM">
    <MappingCondition boolOp="OR" />
  </MappingRule>
  <MappingRule sensorlocation="UFSP">
    <MappingCondition boolOp="OR" />
  </MappingRule>
  <MappingRule sensorlocation="PASFD">
    <MappingCondition boolOp="OR" />
  </MappingRule>
  <MappingRule sensorlocation="PASFP">
    <MappingCondition boolOp="OR" />
  </MappingRule>
  <MappingRule sensorlocation="PASMD">
    <MappingCondition boolOp="OR" />
  </MappingRule>
  <MappingRule sensorlocation="PASMP">
    <MappingCondition boolOp="OR" />
  </MappingRule>
  <MappingRule sensorlocation="PPSFD">
    <MappingCondition boolOp="OR" />
  </MappingRule>
  <MappingRule sensorlocation="PPSFP">
    <MappingCondition boolOp="OR" />
  </MappingRule>
  <MappingRule sensorlocation="REF_DIS_X">
    <MappingCondition boolOp="OR" />
  </MappingRule>
  <MappingRule sensorlocation="REF_VEL_X">
    <MappingCondition boolOp="OR" />
  </MappingRule>
  <MappingRule sensorlocation="REF_ACC_X">
    <MappingCondition boolOp="OR" />
  </MappingRule>
  <MappingRule sensorlocation="REF_ACC_Y">
    <MappingCondition boolOp="OR" />
  </MappingRule>
  <MappingRule sensorlocation="REF_ACC_Z">
    <MappingCondition boolOp="OR" />
  </MappingRule>
  <MappingRule sensorlocation="REF_ANG_X">
    <MappingCondition boolOp="OR" />
  </MappingRule>
  <MappingRule sensorlocation="REF_RAT_X">
    <MappingCondition boolOp="OR" />
  </MappingRule>
  <MappingRule sensorlocation="REF_ANG_Y">
    <MappingCondition boolOp="OR" />
  </MappingRule>
  <MappingRule sensorlocation="REF_RAT_Y">
    <MappingCondition boolOp="OR" />
  </MappingRule>
  <MappingRule sensorlocation="ay_highG">
    <MappingCondition boolOp="OR" />
  </MappingRule>
  <MappingRule sensorlocation="ax_highG">
    <MappingCondition boolOp="OR" />
  </MappingRule>
  <MappingRule sensorlocation="ax_highG_rd">
    <MappingCondition boolOp="OR" />
  </MappingRule>
  <MappingRule sensorlocation="ay_highG_rd">
    <MappingCondition boolOp="OR" />
  </MappingRule>
  <MappingRule sensorlocation="az_midG">
    <MappingCondition boolOp="OR" />
  </MappingRule>
  <MappingRule sensorlocation="ax_lowG">
    <MappingCondition boolOp="OR" />
  </MappingRule>
  <MappingRule sensorlocation="ay_lowG">
    <MappingCondition boolOp="OR" />
  </MappingRule>
  <MappingRule sensorlocation="az_lowG">
    <MappingCondition boolOp="OR" />
  </MappingRule>
  <MappingRule sensorlocation="rateX">
    <MappingCondition boolOp="OR" />
  </MappingRule>
  <MappingRule sensorlocation="rateZ">
    <MappingCondition boolOp="OR" />
  </MappingRule>
  <MappingRule sensorlocation="ax_midG">
    <MappingCondition boolOp="OR" />
  </MappingRule>
  <MappingRule sensorlocation="ay_midG">
    <MappingCondition boolOp="OR" />
  </MappingRule>
  <MappingRule sensorlocation="inertial_valid">
    <MappingCondition boolOp="OR" />
  </MappingRule>
  <MappingRule sensorlocation="PASRC">
    <MappingCondition boolOp="OR" />
  </MappingRule>
</MappingRules>
