<?xml version="1.0"?>
<MappingRules xmlns:xsd="http://www.w3.org/2001/XMLSchema" xmlns:xsi="http://www.w3.org/2001/XMLSchema-instance" xmlns="http://mdsng.bosch.com">
  <MappingRule sensorlocation="ECUY">
    <MappingCondition boolOp="OR" />
  </MappingRule>
  <MappingRule sensorlocation="ECUX">
    <MappingCondition boolOp="OR" />
  </MappingRule>
  <MappingRule sensorlocation="ECUX_RHG">
    <MappingCondition boolOp="OR" />
  </MappingRule>
  <MappingRule sensorlocation="ECUY_RHG">
    <MappingCondition boolOp="OR" />
  </MappingRule>
  <MappingRule sensorlocation="ECUZ_RHG">
    <MappingCondition boolOp="OR" />
  </MappingRule>
  <MappingRule sensorlocation="ECUX_lowg">
    <MappingCondition boolOp="OR" />
  </MappingRule>
  <MappingRule sensorlocation="ECUY_lowg">
    <MappingCondition boolOp="OR" />
  </MappingRule>
  <MappingRule sensorlocation="ECUZ_lowg">
    <MappingCondition boolOp="OR" />
  </MappingRule>
  <MappingRule sensorlocation="RollrateX">
    <MappingCondition boolOp="OR" />
  </MappingRule>
  <MappingRule sensorlocation="YawrateZ">
    <MappingCondition boolOp="OR" />
  </MappingRule>
  <MappingRule sensorlocation="ECUX_midg">
    <MappingCondition boolOp="OR" />
  </MappingRule>
  <MappingRule sensorlocation="ECUY_midg">
    <MappingCondition boolOp="OR" />
  </MappingRule>
  <MappingRule sensorlocation="SMI7Valid">
    <MappingCondition boolOp="OR" />
  </MappingRule>
  <MappingRule sensorlocation="UFSD">
    <MappingCondition boolOp="OR" />
  </MappingRule>
  <MappingRule sensorlocation="UFSP">
    <MappingCondition boolOp="OR" />
  </MappingRule>
  <MappingRule sensorlocation="PASFD">
    <MappingCondition boolOp="OR" />
  </MappingRule>
  <MappingRule sensorlocation="PASFP">
    <MappingCondition boolOp="OR" />
  </MappingRule>
  <MappingRule sensorlocation="PASMP">
    <MappingCondition boolOp="OR" />
  </MappingRule>
  <MappingRule sensorlocation="PASMD">
    <MappingCondition boolOp="OR" />
  </MappingRule>
  <MappingRule sensorlocation="PPSFD">
    <MappingCondition boolOp="OR" />
  </MappingRule>
  <MappingRule sensorlocation="PPSFP">
    <MappingCondition boolOp="OR" />
  </MappingRule>
  <MappingRule sensorlocation="UFSM">
    <MappingCondition boolOp="OR" />
  </MappingRule>
  <MappingRule sensorlocation="REF_DIS_X">
    <MappingCondition boolOp="OR" />
  </MappingRule>
  <MappingRule sensorlocation="REF_VEL_X">
    <MappingCondition boolOp="OR" />
  </MappingRule>
  <MappingRule sensorlocation="REF_ACC_X">
    <MappingCondition boolOp="OR" />
  </MappingRule>
  <MappingRule sensorlocation="REF_ACC_Y">
    <MappingCondition boolOp="OR" />
  </MappingRule>
  <MappingRule sensorlocation="REF_ACC_Z">
    <MappingCondition boolOp="OR" />
  </MappingRule>
  <MappingRule sensorlocation="REF_ANG_X">
    <MappingCondition boolOp="OR" />
  </MappingRule>
  <MappingRule sensorlocation="REF_RAT_X">
    <MappingCondition boolOp="OR" />
  </MappingRule>
  <MappingRule sensorlocation="REF_ANG_Y">
    <MappingCondition boolOp="OR" />
  </MappingRule>
  <MappingRule sensorlocation="REF_RAT_Y">
    <MappingCondition boolOp="OR" />
  </MappingRule>
</MappingRules>
