<?xml version="1.0"?>
<CREIS xmlns:xsd="http://www.w3.org/2001/XMLSchema" xmlns:xsi="http://www.w3.org/2001/XMLSchema-instance" creisNoise="false">
  <Module name="ECU">
    <SimDevice name="FCFF_FrtFireFlagBT" />
    <SimDevice name="FCFF_FrtFireFlagAB1" />
    <SimDevice name="FCFF_FrtFireFlagAB2UB" />
    <SimDevice name="FCFF_FrtFireFlagAB2B" />
    <SimDevice name="FCFF_FrtFireFlagALL" />
    <SimDevice name="FCFF_SideFireFlagDr" />
    <SimDevice name="FCFF_SideFireFlagPa" />
    <SimDevice name="FCFF_ReaFireFlag1" />
    <SimDevice name="FCFF_ReaFireFlag2" />
    <SimDevice name="FCFF_RoseFireFlag1" />
    <SimDevice name="FCFF_RoseFireFlag2" />
    <SimDevice name="FCFF_CG1FrontFireFlag" />
    <SimDevice name="FCFF_CG1RearFireFlag" />
    <SimDevice name="FCFF_CG1EcuYDrFireFlag" />
    <SimDevice name="FCFF_CG1EcuYPaFireFlag" />
    <SimDevice name="FCFF_RoseNearCrashFlag" />
    <SimDevice name="FCFF_RollStatFireFlag" />
    <SimDevice name="AB1FD" />
    <SimDevice name="AB1FP" />
    <SimDevice name="AB2FD" />
    <SimDevice name="AB2FP" />
    <SimDevice name="BT1FD" />
    <SimDevice name="BT1FP" />
    <SimDevice name="ALLFD" />
    <SimDevice name="ALLFP" />
    <SimDevice name="SA1FD" />
    <SimDevice name="SA1FP" />
    <SimDevice name="KA1FD" />
    <SimDevice name="KA1FP" />
    <SimDevice name="IC1FD" />
    <SimDevice name="IC1FP" />
    <SimDevice name="BT1RD" />
    <SimDevice name="BT1RP" />
    <SimDevice name="SA1RD" />
    <SimDevice name="SA1RP" />
    <SimDevice name="FS1FD" />
    <SimDevice name="ALLRD" />
    <SimDevice name="ALLRP" />
    <SimDevice name="AB1RD" />
    <SimDevice name="AB1RP" />
  </Module>
  <Module name="UFSD" />
  <Module name="UFSC" />
  <Module name="UFSP" />
  <Module name="PASFD" />
  <Module name="PASFP" />
  <Module name="PASMD" />
  <Module name="PASMP" />
  <Module name="PPSFD" />
  <Module name="PPSFP" />
  <Module name="PASRC" />
  <InputChannel sensorLocation="UFSD" />
  <InputChannel sensorLocation="UFSM" />
  <InputChannel sensorLocation="UFSP" />
  <InputChannel sensorLocation="PASFD" />
  <InputChannel sensorLocation="PASFP" />
  <InputChannel sensorLocation="PASMD" />
  <InputChannel sensorLocation="PASMP" />
  <InputChannel sensorLocation="PPSFD" />
  <InputChannel sensorLocation="PPSFP" />
</CREIS>
