<?xml version="1.0"?>
<CREIS xmlns:xsd="http://www.w3.org/2001/XMLSchema" xmlns:xsi="http://www.w3.org/2001/XMLSchema-instance" creisNoise="false">
  <Module name="ECU">
    <SimDevice name="FCFF_FrtFireFlagBT" />
    <SimDevice name="FCFF_FrtFireFlagAB1" />
    <SimDevice name="FCFF_FrtFireFlagAB2UB" />
    <SimDevice name="FCFF_FrtFireFlagAB2B" />
    <SimDevice name="FCFF_FrtFireFlagALL" />
    <SimDevice name="FCFF_SideFireFlagDr" />
    <SimDevice name="FCFF_SideFireFlagPa" />
    <SimDevice name="FCFF_ReaFireFlag1" />
    <SimDevice name="FCFF_ReaFireFlag2" />
    <SimDevice name="FCFF_RoseFireFlag1" />
    <SimDevice name="FCFF_RoseFireFlag2" />
    <SimDevice name="FCFF_CG1FrontFireFlag" />
    <SimDevice name="FCFF_RoseNearCrashFlag" />
    <SimDevice name="FCFF_RollStatFireFlag" />
    <SimDevice name="AB1FD" />
    <SimDevice name="AB1FP" />
    <SimDevice name="AB2FD" />
    <SimDevice name="AB2FP" />
    <SimDevice name="BT1FD" />
    <SimDevice name="BT1FP" />
    <SimDevice name="SA1FD" />
    <SimDevice name="SA1FP" />
    <SimDevice name="IC1FD" />
    <SimDevice name="IC1FP" />
    <SimDevice name="BT1RD" />
    <SimDevice name="BT1RP" />
    <SimDevice name="FCO_FuelCutFrontTrigger" />
    <SimDevice name="FCO_FuelCutSideDrTrigger" />
    <SimDevice name="FCO_FuelCutSidePaTrigger" />
    <SimDevice name="FCO_FuelCutRearTrigger" />
    <SimDevice name="FCO_FuelCutRolloverTrigger" />
    <SimDevice name="FCO_CrashOutputFrontTrigger" />
    <SimDevice name="FCO_CrashOutputSideDrTrigger" />
    <SimDevice name="FCO_CrashOutputSidePaTrigger" />
    <SimDevice name="FCO_CrashOutputRearTrigger" />
    <SimDevice name="FCO_CrashOutputRolloverTrigger" />
    <SimDevice name="FCO_CrashOutputRolloverStatTrigger" />
  </Module>
  <Module name="UFSD" />
  <Module name="UFSC" />
  <Module name="UFSP" />
  <Module name="PASFD" />
  <Module name="PASFP" />
  <Module name="PASMD" />
  <Module name="PASMP" />
  <Module name="PPSFD" />
  <Module name="PPSFP" />
  <Module name="PASRC" />
  <InputChannel sensorLocation="ax_highG" />
  <InputChannel sensorLocation="ay_highG" />
  <InputChannel sensorLocation="ax_highG_rd" />
  <InputChannel sensorLocation="az_midG" />
  <InputChannel sensorLocation="ax_lowG" />
  <InputChannel sensorLocation="ay_lowG" />
  <InputChannel sensorLocation="az_lowG" />
  <InputChannel sensorLocation="rateX" />
  <InputChannel sensorLocation="rateZ" />
  <InputChannel sensorLocation="UFSD" />
  <InputChannel sensorLocation="UFSC" />
  <InputChannel sensorLocation="UFSP" />
  <InputChannel sensorLocation="PASFD" />
  <InputChannel sensorLocation="PASFP" />
  <InputChannel sensorLocation="PASMD" />
  <InputChannel sensorLocation="PASMP" />
  <InputChannel sensorLocation="PPSFD" />
  <InputChannel sensorLocation="PPSFP" />
</CREIS>
