<?xml version="1.0"?>
<EnvironmentValues xmlns:xsd="http://www.w3.org/2001/XMLSchema" xmlns:xsi="http://www.w3.org/2001/XMLSchema-instance" xmlns="http://tempuri.org/MDSng_EnvironmentValues.xsd">
  <Module name="ECU">
    <Environment name="AsmFile_Selection" value="0" />
    <Environment name="ActivateExtReset" value="0" />
    <Environment name="ActivateExtResetStartTime" value="0" />
    <Environment name="ActivateExtResetEndTime" value="0" />
    <Environment name="AlgoFctDisableAll" value="0" />
    <Environment name="AlgoFctFrtReaEnable" value="1" />
    <Environment name="AlgoFctSideEnable" value="1" />
    <Environment name="AlgoFctRoseEnable" value="1" />
    <Environment name="AlgoFctRollStatEnable" value="1" />
    <Environment name="AlgoFctLowgOffsetCorrEnable" value="1" />
    <Environment name="AlgoFctHighgOffsetCorrEnable" value="1" />
    <Environment name="AlgoFctRotaryOffsetCorrEnable" value="1" />
    <Environment name="AlgoFctMainMigZOffsetCorrEnable" value="1" />
    <Environment name="EnvEgoVelocity_Source" value="1" />
    <Environment name="EnvEgoVelocity" value="50" />
    <Environment name="EnvVehicleDrivingDir" value="0" />
    <Environment name="EnvVehicleDrivingDirValid" value="1" />
    <Environment name="EnvVehicleDrivingDirSource" value="0" />
    <Environment name="EnvEgoVelocityValid" value="1" />
    <Environment name="EnvAmbientTemp_Source" value="0" />
    <Environment name="EnvAmbientTemp" value="20" />
    <Environment name="EnvAmbientTempValid" value="1" />
    <Environment name="EnvEdrDcsCTFull_R" value="0" />
    <Environment name="EnvEdrDcsCTFullStartT_R" value="0" />
    <Environment name="EnvEdrDcsCTFullEndT_R" value="0" />
    <Environment name="FCLConfSystem_FS1FDConfigured" value="1" />
    <Environment name="FCLConfSystem_DriverRight" value="1" />
    <Environment name="FCLConfigAlgoPars_Source" value="0" />
    <Environment name="FCLConfAlgo_SAxICDeployInOfsCrash" value="1" />
    <Environment name="FCLDynEnv_LastValidBLFD" value="1" />
    <Environment name="FCLDynEnv_LastValidBLFP" value="1" />
    <Environment name="FCLDynEnv_LastValidSPSFD" value="0" />
    <Environment name="FCLDynEnv_LastValidSPSFP" value="0" />
    <Environment name="FCLDynEnv_LastValidPADS" value="1" />
    <Environment name="FCLDynEnv_LastValidOCSEmpty" value="0" />
    <Environment name="FCLDynEnv_LastValidOCSChild" value="0" />
    <Environment name="FCLDynEnv_LastValidOCSSmallAdult" value="0" />
    <Environment name="FCLDynEnv_LastValidOCSLargeAdult" value="1" />
    <Environment name="FCLDynEnv_LastValidOCSIndeterminate" value="0" />
    <Environment name="Switch_BLFD_Diagnosable" value="0" />
    <Environment name="Switch_BLFD_Configured" value="1" />
    <Environment name="Switch_BLFD_State" value="1" />
    <Environment name="Switch_BLFP_Diagnosable" value="1" />
    <Environment name="Switch_BLFP_Configured" value="1" />
    <Environment name="Switch_BLFP_State" value="1" />
    <Environment name="Switch_PADS_Diagnosable" value="1" />
    <Environment name="Switch_PADS_Configured" value="0" />
    <Environment name="Switch_PADS_State" value="1" />
    <Environment name="Switch_SPSFD_Diagnosable" value="1" />
    <Environment name="Switch_SPSFD_Configured" value="1" />
    <Environment name="Switch_SPSFD_State" value="0" />
    <Environment name="Switch_SPSFP_Diagnosable" value="1" />
    <Environment name="Switch_SPSFP_Configured" value="0" />
    <Environment name="Switch_SPSFP_State" value="0" />
    <Environment name="Switch_OCS_Configured" value="0" />
    <Environment name="Switch_OCS_State" value="5" />
    <Environment name="CsASICMainConfigured" value="1" />
    <Environment name="CsMainAccXErrBehaviour" value="1" />
    <Environment name="CsMainAccXErrStart" value="0" />
    <Environment name="CsMainAccXErrEnd" value="0" />
    <Environment name="CsMainAccYErrBehaviour" value="1" />
    <Environment name="CsMainAccYErrStart" value="0" />
    <Environment name="CsMainAccYErrEnd" value="0" />
    <Environment name="CsASICPlausiConfigured" value="1" />
    <Environment name="CsPlausiAccXrdErrBehaviour" value="1" />
    <Environment name="CsPlausiAccXrdErrStart" value="0" />
    <Environment name="CsPlausiAccXrdErrEnd" value="0" />
    <Environment name="CsPlausiAccYrdErrBehaviour" value="1" />
    <Environment name="CsPlausiAccYrdErrStart" value="0" />
    <Environment name="CsPlausiAccYrdErrEnd" value="0" />
    <Environment name="CsPlausiAccZErrBehaviour" value="1" />
    <Environment name="CsPlausiAccZErrStart" value="0" />
    <Environment name="CsPlausiAccZErrEnd" value="0" />
    <Environment name="CsASICInertialSensor1Configured" value="1" />
    <Environment name="CsEcuLowGXErrBehaviour" value="1" />
    <Environment name="CsEcuLowGXErrStart" value="0" />
    <Environment name="CsEcuLowGXErrEnd" value="0" />
    <Environment name="CsEcuLowGXOverloadBhvr" value="0" />
    <Environment name="CsEcuLowGXOverloadStart" value="0" />
    <Environment name="CsEcuLowGXOverloadEnd" value="0" />
    <Environment name="CsEcuLowGYErrBehaviour" value="1" />
    <Environment name="CsEcuLowGYErrStart" value="0" />
    <Environment name="CsEcuLowGYErrEnd" value="0" />
    <Environment name="CsEcuLowGYOverloadBhvr" value="0" />
    <Environment name="CsEcuLowGYOverloadStart" value="0" />
    <Environment name="CsEcuLowGYOverloadEnd" value="0" />
    <Environment name="CsEcuLowGZErrBehaviour" value="1" />
    <Environment name="CsEcuLowGZErrStart" value="0" />
    <Environment name="CsEcuLowGZErrEnd" value="0" />
    <Environment name="CsEcuLowGZOverloadBhvr" value="0" />
    <Environment name="CsEcuLowGZOverloadStart" value="0" />
    <Environment name="CsEcuLowGZOverloadEnd" value="0" />
    <Environment name="CsEcuRollRateErrBehaviour" value="1" />
    <Environment name="CsEcuRollRateErrStart" value="0" />
    <Environment name="CsEcuRollRateErrEnd" value="0" />
    <Environment name="CsEcuRollRateOverloadBhvr" value="0" />
    <Environment name="CsEcuRollRateOverloadStart" value="0" />
    <Environment name="CsEcuRollRateOverloadEnd" value="0" />
    <Environment name="CsEcuYawRateErrBehaviour" value="1" />
    <Environment name="CsEcuYawRateErrStart" value="0" />
    <Environment name="CsEcuYawRateErrEnd" value="0" />
    <Environment name="CsEcuYawRateOverloadBhvr" value="0" />
    <Environment name="CsEcuYawRateOverloadStart" value="0" />
    <Environment name="CsEcuYawRateOverloadEnd" value="0" />
    <Environment name="PsUfsDConfigured" value="1" />
    <Environment name="PsUfsDErrBehaviour" value="1" />
    <Environment name="PsUfsDErrStart" value="0" />
    <Environment name="PsUfsDErrEnd" value="0" />
    <Environment name="PsUfsPConfigured" value="1" />
    <Environment name="PsUfsPErrBehaviour" value="1" />
    <Environment name="PsUfsPErrStart" value="0" />
    <Environment name="PsUfsPErrEnd" value="0" />
    <Environment name="PsUfsCConfigured" value="1" />
    <Environment name="PsUfsCErrBehaviour" value="1" />
    <Environment name="PsUfsCErrStart" value="0" />
    <Environment name="PsUfsCErrEnd" value="0" />
    <Environment name="PsPasFDConfigured" value="1" />
    <Environment name="PsPasFDErrBehaviour" value="1" />
    <Environment name="PsPasFDErrStart" value="0" />
    <Environment name="PsPasFDErrEnd" value="0" />
    <Environment name="PsPasFPConfigured" value="1" />
    <Environment name="PsPasFPErrBehaviour" value="1" />
    <Environment name="PsPasFPErrStart" value="0" />
    <Environment name="PsPasFPErrEnd" value="0" />
    <Environment name="PsPasMDConfigured" value="1" />
    <Environment name="PsPasMDErrBehaviour" value="1" />
    <Environment name="PsPasMDErrStart" value="0" />
    <Environment name="PsPasMDErrEnd" value="0" />
    <Environment name="PsPasMPConfigured" value="1" />
    <Environment name="PsPasMPErrBehaviour" value="1" />
    <Environment name="PsPasMPErrStart" value="0" />
    <Environment name="PsPasMPErrEnd" value="0" />
    <Environment name="PsPpsFDConfigured" value="1" />
    <Environment name="PsPpsFDErrBehaviour" value="1" />
    <Environment name="PsPpsFDErrStart" value="0" />
    <Environment name="PsPpsFDErrEnd" value="0" />
    <Environment name="PsPpsFPConfigured" value="1" />
    <Environment name="PsPpsFPErrBehaviour" value="1" />
    <Environment name="PsPpsFPErrStart" value="0" />
    <Environment name="PsPpsFPErrEnd" value="0" />
    <Environment name="PsRearConfigured" value="0" />
    <Environment name="PsRearErrBehaviour" value="1" />
    <Environment name="PsRearErrStart" value="0" />
    <Environment name="PsRearErrEnd" value="0" />
    <Environment name="CsSimcInitialOffsetCheck" value="0" />
    <Environment name="Clip_ax_highG" value="0" />
    <Environment name="Rotator_ax_highG" value="0" />
    <Environment name="Clip_ay_highG" value="0" />
    <Environment name="Rotator_ay_highG" value="0" />
    <Environment name="Clip_ax_highG_rd" value="0" />
    <Environment name="Clip_ay_highG_rd" value="0" />
    <Environment name="Clip_az_midG" value="0" />
    <Environment name="Clip_ax_midG" value="0" />
    <Environment name="Clip_ay_midG" value="0" />
    <Environment name="Clip_ax_lowG" value="0" />
    <Environment name="Clip_ay_lowG" value="0" />
    <Environment name="Clip_az_lowG" value="0" />
    <Environment name="Clip_rateX" value="0" />
    <Environment name="Clip_rateZ" value="0" />
    <Environment name="Clip_inertial_valid" value="0" />
    <Environment name="SCON_CH_SWITCH" value="0" />
  </Module>
  <Module name="UFSD">
    <Environment name="Clip_UFSD" value="0" />
  </Module>
  <Module name="UFSC">
    <Environment name="Clip_UFSC" value="0" />
  </Module>
  <Module name="UFSP">
    <Environment name="Clip_UFSP" value="0" />
  </Module>
  <Module name="PASFD">
    <Environment name="Clip_PASFD" value="0" />
  </Module>
  <Module name="PASFP">
    <Environment name="Clip_PASFP" value="0" />
  </Module>
  <Module name="PASMD">
    <Environment name="Clip_PASMD" value="0" />
  </Module>
  <Module name="PASMP">
    <Environment name="Clip_PASMP" value="0" />
  </Module>
  <Module name="PPSFD">
    <Environment name="Clip_PPSFD" value="0" />
  </Module>
  <Module name="PPSFP">
    <Environment name="Clip_PPSFP" value="0" />
  </Module>
  <Module name="PASRC">
    <Environment name="Clip_PASRC" value="0" />
  </Module>
</EnvironmentValues>
