<?xml version="1.0"?>
<AssignmentList xmlns:xsd="http://www.w3.org/2001/XMLSchema" xmlns:xsi="http://www.w3.org/2001/XMLSchema-instance">
  <Info />
  <Assignments>
    <crash crashcode="ZJ03F20148011-1_OUT;1" crashversion="2023-02-16 11:41:15" assignmentComment="ID_22-1_122_55">
      <Assignment channelName="ZERO-Emulation" direction="" channelNumber="-1" sensorLocation="ay_highG_rd" />
      <Assignment channelName="ZERO-Emulation" direction="" channelNumber="-1" sensorLocation="az_midG" />
      <Assignment channelName="ZERO-Emulation" direction="" channelNumber="-1" sensorLocation="az_lowG" />
      <Assignment channelName="ZERO-Emulation" direction="" channelNumber="-1" sensorLocation="rateX" />
      <Assignment channelName="ZERO-Emulation" direction="" channelNumber="-1" sensorLocation="rateZ" />
      <Assignment channelName="ZERO-Emulation" direction="" channelNumber="-1" sensorLocation="inertial_valid" />
      <Assignment channelName="ZERO-Emulation" direction="" channelNumber="-1" sensorLocation="REF_DIS_X" />
      <Assignment channelName="ZERO-Emulation" direction="" channelNumber="-1" sensorLocation="REF_VEL_X" />
      <Assignment channelName="ZERO-Emulation" direction="" channelNumber="-1" sensorLocation="REF_ACC_X" />
      <Assignment channelName="ZERO-Emulation" direction="" channelNumber="-1" sensorLocation="REF_ACC_Y" />
      <Assignment channelName="ZERO-Emulation" direction="" channelNumber="-1" sensorLocation="REF_ACC_Z" />
      <Assignment channelName="ZERO-Emulation" direction="" channelNumber="-1" sensorLocation="REF_ANG_X" />
      <Assignment channelName="ZERO-Emulation" direction="" channelNumber="-1" sensorLocation="REF_RAT_X" />
      <Assignment channelName="ZERO-Emulation" direction="" channelNumber="-1" sensorLocation="REF_ANG_Y" />
      <Assignment channelName="ZERO-Emulation" direction="" channelNumber="-1" sensorLocation="REF_RAT_Y" />
      <Assignment channelName="SAS-OUT-GX" direction="X" channelNumber="4" sensorLocation="ax_highG" />
      <Assignment channelName="SAS-OUT-GY" direction="Y" channelNumber="5" sensorLocation="ay_highG" />
      <Assignment channelName="SAS-OUT-GX" direction="X" channelNumber="4" sensorLocation="ax_highG_rd" />
      <Assignment channelName="ZERO-Emulation" direction="" channelNumber="-1" sensorLocation="ax_midG" />
      <Assignment channelName="ZERO-Emulation" direction="" channelNumber="-1" sensorLocation="ay_midG" />
      <Assignment channelName="SAS-OUT-GX" direction="X" channelNumber="4" sensorLocation="ax_lowG" />
      <Assignment channelName="SAS-OUT-GY" direction="Y" channelNumber="5" sensorLocation="ay_lowG" />
      <Assignment channelName="CZS-CNT-OUT-" direction="X" channelNumber="1" sensorLocation="UFSD" />
      <Assignment channelName="ZERO-Emulation" direction="" channelNumber="-1" sensorLocation="UFSC" />
      <Assignment channelName="CZS-L-OUT-" direction="X" channelNumber="2" sensorLocation="UFSP" />
      <Assignment channelName="ZERO-Emulation" direction="" channelNumber="-1" sensorLocation="PASFD" />
      <Assignment channelName="ZERO-Emulation" direction="" channelNumber="-1" sensorLocation="PASFP" />
      <Assignment channelName="ZERO-Emulation" direction="" channelNumber="-1" sensorLocation="PASMD" />
      <Assignment channelName="ZERO-Emulation" direction="" channelNumber="-1" sensorLocation="PASMP" />
      <Assignment channelName="ZERO-Emulation" direction="" channelNumber="-1" sensorLocation="PPSFD" />
      <Assignment channelName="ZERO-Emulation" direction="" channelNumber="-1" sensorLocation="PPSFP" />
      <Assignment channelName="ZERO-Emulation" direction="" channelNumber="-1" sensorLocation="PASRC" />
    </crash>
    <crash crashcode="ZJ03F20138332-1_OUT;1" crashversion="2023-02-24 11:26:10" assignmentComment="ID_22-2to8_168-1_182-1">
      <Assignment channelName="ZERO-Emulation" direction="" channelNumber="-1" sensorLocation="ay_highG_rd" />
      <Assignment channelName="ZERO-Emulation" direction="" channelNumber="-1" sensorLocation="az_midG" />
      <Assignment channelName="ZERO-Emulation" direction="" channelNumber="-1" sensorLocation="az_lowG" />
      <Assignment channelName="ZERO-Emulation" direction="" channelNumber="-1" sensorLocation="rateX" />
      <Assignment channelName="ZERO-Emulation" direction="" channelNumber="-1" sensorLocation="rateZ" />
      <Assignment channelName="ZERO-Emulation" direction="" channelNumber="-1" sensorLocation="inertial_valid" />
      <Assignment channelName="ZERO-Emulation" direction="" channelNumber="-1" sensorLocation="REF_DIS_X" />
      <Assignment channelName="ZERO-Emulation" direction="" channelNumber="-1" sensorLocation="REF_VEL_X" />
      <Assignment channelName="ZERO-Emulation" direction="" channelNumber="-1" sensorLocation="REF_ACC_X" />
      <Assignment channelName="ZERO-Emulation" direction="" channelNumber="-1" sensorLocation="REF_ACC_Y" />
      <Assignment channelName="ZERO-Emulation" direction="" channelNumber="-1" sensorLocation="REF_ACC_Z" />
      <Assignment channelName="ZERO-Emulation" direction="" channelNumber="-1" sensorLocation="REF_ANG_X" />
      <Assignment channelName="ZERO-Emulation" direction="" channelNumber="-1" sensorLocation="REF_RAT_X" />
      <Assignment channelName="ZERO-Emulation" direction="" channelNumber="-1" sensorLocation="REF_ANG_Y" />
      <Assignment channelName="ZERO-Emulation" direction="" channelNumber="-1" sensorLocation="REF_RAT_Y" />
      <Assignment channelName="SAS-OUT-GX" direction="X" channelNumber="4" sensorLocation="ax_highG" />
      <Assignment channelName="SAS-OUT-GY" direction="Y" channelNumber="5" sensorLocation="ay_highG" />
      <Assignment channelName="SAS-OUT-GX" direction="X" channelNumber="4" sensorLocation="ax_highG_rd" />
      <Assignment channelName="ZERO-Emulation" direction="" channelNumber="-1" sensorLocation="ax_midG" />
      <Assignment channelName="ZERO-Emulation" direction="" channelNumber="-1" sensorLocation="ay_midG" />
      <Assignment channelName="SAS-OUT-GX" direction="X" channelNumber="4" sensorLocation="ax_lowG" />
      <Assignment channelName="SAS-OUT-GY" direction="Y" channelNumber="5" sensorLocation="ay_lowG" />
      <Assignment channelName="CZS-CNT-OUT-cut" direction="X" channelNumber="2" sensorLocation="UFSD" />
      <Assignment channelName="ZERO-Emulation" direction="" channelNumber="-1" sensorLocation="UFSC" />
      <Assignment channelName="CZS-CNT-OUT-cut-1msShift" direction="X" channelNumber="3" sensorLocation="UFSP" />
      <Assignment channelName="ZERO-Emulation" direction="" channelNumber="-1" sensorLocation="PASFD" />
      <Assignment channelName="ZERO-Emulation" direction="" channelNumber="-1" sensorLocation="PASFP" />
      <Assignment channelName="ZERO-Emulation" direction="" channelNumber="-1" sensorLocation="PASMD" />
      <Assignment channelName="ZERO-Emulation" direction="" channelNumber="-1" sensorLocation="PASMP" />
      <Assignment channelName="ZERO-Emulation" direction="" channelNumber="-1" sensorLocation="PPSFD" />
      <Assignment channelName="ZERO-Emulation" direction="" channelNumber="-1" sensorLocation="PPSFP" />
      <Assignment channelName="ZERO-Emulation" direction="" channelNumber="-1" sensorLocation="PASRC" />
    </crash>
    <crash crashcode="ZJ03A20148006-1_OUT;1" crashversion="2023-02-16 11:31:06" assignmentComment="ID_22-8">
      <Assignment channelName="ZERO-Emulation" direction="" channelNumber="-1" sensorLocation="ay_highG_rd" />
      <Assignment channelName="ZERO-Emulation" direction="" channelNumber="-1" sensorLocation="az_midG" />
      <Assignment channelName="ZERO-Emulation" direction="" channelNumber="-1" sensorLocation="az_lowG" />
      <Assignment channelName="ZERO-Emulation" direction="" channelNumber="-1" sensorLocation="rateX" />
      <Assignment channelName="ZERO-Emulation" direction="" channelNumber="-1" sensorLocation="rateZ" />
      <Assignment channelName="ZERO-Emulation" direction="" channelNumber="-1" sensorLocation="inertial_valid" />
      <Assignment channelName="ZERO-Emulation" direction="" channelNumber="-1" sensorLocation="REF_DIS_X" />
      <Assignment channelName="ZERO-Emulation" direction="" channelNumber="-1" sensorLocation="REF_VEL_X" />
      <Assignment channelName="ZERO-Emulation" direction="" channelNumber="-1" sensorLocation="REF_ACC_X" />
      <Assignment channelName="ZERO-Emulation" direction="" channelNumber="-1" sensorLocation="REF_ACC_Y" />
      <Assignment channelName="ZERO-Emulation" direction="" channelNumber="-1" sensorLocation="REF_ACC_Z" />
      <Assignment channelName="ZERO-Emulation" direction="" channelNumber="-1" sensorLocation="REF_ANG_X" />
      <Assignment channelName="ZERO-Emulation" direction="" channelNumber="-1" sensorLocation="REF_RAT_X" />
      <Assignment channelName="ZERO-Emulation" direction="" channelNumber="-1" sensorLocation="REF_ANG_Y" />
      <Assignment channelName="ZERO-Emulation" direction="" channelNumber="-1" sensorLocation="REF_RAT_Y" />
      <Assignment channelName="SAS-OUT-GX" direction="X" channelNumber="2" sensorLocation="ax_highG" />
      <Assignment channelName="SAS-OUT-GY" direction="Y" channelNumber="3" sensorLocation="ay_highG" />
      <Assignment channelName="SAS-OUT-GX" direction="X" channelNumber="2" sensorLocation="ax_highG_rd" />
      <Assignment channelName="ZERO-Emulation" direction="" channelNumber="-1" sensorLocation="ax_midG" />
      <Assignment channelName="ZERO-Emulation" direction="" channelNumber="-1" sensorLocation="ay_midG" />
      <Assignment channelName="SAS-OUT-GX" direction="X" channelNumber="2" sensorLocation="ax_lowG" />
      <Assignment channelName="SAS-OUT-GY" direction="Y" channelNumber="3" sensorLocation="ay_lowG" />
      <Assignment channelName="CZS-CNT-OUT-" direction="X" channelNumber="1" sensorLocation="UFSD" />
      <Assignment channelName="ZERO-Emulation" direction="" channelNumber="-1" sensorLocation="UFSC" />
      <Assignment channelName="CZS-CNT-OUT-1msShift" direction="X" channelNumber="4" sensorLocation="UFSP" />
      <Assignment channelName="ZERO-Emulation" direction="" channelNumber="-1" sensorLocation="PASFD" />
      <Assignment channelName="ZERO-Emulation" direction="" channelNumber="-1" sensorLocation="PASFP" />
      <Assignment channelName="ZERO-Emulation" direction="" channelNumber="-1" sensorLocation="PASMD" />
      <Assignment channelName="ZERO-Emulation" direction="" channelNumber="-1" sensorLocation="PASMP" />
      <Assignment channelName="ZERO-Emulation" direction="" channelNumber="-1" sensorLocation="PPSFD" />
      <Assignment channelName="ZERO-Emulation" direction="" channelNumber="-1" sensorLocation="PPSFP" />
      <Assignment channelName="ZERO-Emulation" direction="" channelNumber="-1" sensorLocation="PASRC" />
    </crash>
    <crash crashcode="ZJ03W20148021-1_OUT;1" crashversion="2023-02-16 11:00:51" assignmentComment="ID_22-8">
      <Assignment channelName="ZERO-Emulation" direction="" channelNumber="-1" sensorLocation="ay_highG_rd" />
      <Assignment channelName="ZERO-Emulation" direction="" channelNumber="-1" sensorLocation="az_midG" />
      <Assignment channelName="ZERO-Emulation" direction="" channelNumber="-1" sensorLocation="az_lowG" />
      <Assignment channelName="ZERO-Emulation" direction="" channelNumber="-1" sensorLocation="rateX" />
      <Assignment channelName="ZERO-Emulation" direction="" channelNumber="-1" sensorLocation="rateZ" />
      <Assignment channelName="ZERO-Emulation" direction="" channelNumber="-1" sensorLocation="inertial_valid" />
      <Assignment channelName="ZERO-Emulation" direction="" channelNumber="-1" sensorLocation="REF_DIS_X" />
      <Assignment channelName="ZERO-Emulation" direction="" channelNumber="-1" sensorLocation="REF_VEL_X" />
      <Assignment channelName="ZERO-Emulation" direction="" channelNumber="-1" sensorLocation="REF_ACC_X" />
      <Assignment channelName="ZERO-Emulation" direction="" channelNumber="-1" sensorLocation="REF_ACC_Y" />
      <Assignment channelName="ZERO-Emulation" direction="" channelNumber="-1" sensorLocation="REF_ACC_Z" />
      <Assignment channelName="ZERO-Emulation" direction="" channelNumber="-1" sensorLocation="REF_ANG_X" />
      <Assignment channelName="ZERO-Emulation" direction="" channelNumber="-1" sensorLocation="REF_RAT_X" />
      <Assignment channelName="ZERO-Emulation" direction="" channelNumber="-1" sensorLocation="REF_ANG_Y" />
      <Assignment channelName="ZERO-Emulation" direction="" channelNumber="-1" sensorLocation="REF_RAT_Y" />
      <Assignment channelName="SAS-OUT-GX" direction="X" channelNumber="3" sensorLocation="ax_highG" />
      <Assignment channelName="SAS-OUT-GY" direction="Y" channelNumber="4" sensorLocation="ay_highG" />
      <Assignment channelName="SAS-OUT-GX" direction="X" channelNumber="3" sensorLocation="ax_highG_rd" />
      <Assignment channelName="ZERO-Emulation" direction="" channelNumber="-1" sensorLocation="ax_midG" />
      <Assignment channelName="ZERO-Emulation" direction="" channelNumber="-1" sensorLocation="ay_midG" />
      <Assignment channelName="SAS-OUT-GX" direction="X" channelNumber="3" sensorLocation="ax_lowG" />
      <Assignment channelName="SAS-OUT-GY" direction="Y" channelNumber="4" sensorLocation="ay_lowG" />
      <Assignment channelName="CZS-CNT-OUT-cut" direction="X" channelNumber="2" sensorLocation="UFSD" />
      <Assignment channelName="ZERO-Emulation" direction="" channelNumber="-1" sensorLocation="UFSC" />
      <Assignment channelName="CZS-CNT-OUT-cut-1msShift" direction="X" channelNumber="5" sensorLocation="UFSP" />
      <Assignment channelName="ZERO-Emulation" direction="" channelNumber="-1" sensorLocation="PASFD" />
      <Assignment channelName="ZERO-Emulation" direction="" channelNumber="-1" sensorLocation="PASFP" />
      <Assignment channelName="ZERO-Emulation" direction="" channelNumber="-1" sensorLocation="PASMD" />
      <Assignment channelName="ZERO-Emulation" direction="" channelNumber="-1" sensorLocation="PASMP" />
      <Assignment channelName="ZERO-Emulation" direction="" channelNumber="-1" sensorLocation="PPSFD" />
      <Assignment channelName="ZERO-Emulation" direction="" channelNumber="-1" sensorLocation="PPSFP" />
      <Assignment channelName="ZERO-Emulation" direction="" channelNumber="-1" sensorLocation="PASRC" />
    </crash>
    <crash crashcode="ZJ03W20148047-1_OUT;1" crashversion="2023-02-24 11:23:55" assignmentComment="ID_34_123_168-2_182-2">
      <Assignment channelName="ZERO-Emulation" direction="" channelNumber="-1" sensorLocation="ay_highG_rd" />
      <Assignment channelName="ZERO-Emulation" direction="" channelNumber="-1" sensorLocation="inertial_valid" />
      <Assignment channelName="ZERO-Emulation" direction="" channelNumber="-1" sensorLocation="REF_DIS_X" />
      <Assignment channelName="ZERO-Emulation" direction="" channelNumber="-1" sensorLocation="REF_VEL_X" />
      <Assignment channelName="ZERO-Emulation" direction="" channelNumber="-1" sensorLocation="REF_ACC_X" />
      <Assignment channelName="ZERO-Emulation" direction="" channelNumber="-1" sensorLocation="REF_ACC_Y" />
      <Assignment channelName="ZERO-Emulation" direction="" channelNumber="-1" sensorLocation="REF_ACC_Z" />
      <Assignment channelName="ZERO-Emulation" direction="" channelNumber="-1" sensorLocation="REF_ANG_X" />
      <Assignment channelName="ZERO-Emulation" direction="" channelNumber="-1" sensorLocation="REF_RAT_X" />
      <Assignment channelName="ZERO-Emulation" direction="" channelNumber="-1" sensorLocation="REF_ANG_Y" />
      <Assignment channelName="ZERO-Emulation" direction="" channelNumber="-1" sensorLocation="REF_RAT_Y" />
      <Assignment channelName="SAS-OUT-GX" direction="X" channelNumber="6" sensorLocation="ax_highG" />
      <Assignment channelName="SAS-OUT-GY" direction="Y" channelNumber="7" sensorLocation="ay_highG" />
      <Assignment channelName="SAS-OUT-GX" direction="X" channelNumber="6" sensorLocation="ax_highG_rd" />
      <Assignment channelName="ZERO-Emulation" direction="" channelNumber="-1" sensorLocation="ax_midG" />
      <Assignment channelName="ZERO-Emulation" direction="" channelNumber="-1" sensorLocation="ay_midG" />
      <Assignment channelName="SAS-OUT-GX" direction="X" channelNumber="6" sensorLocation="ax_lowG" />
      <Assignment channelName="SAS-OUT-GY" direction="Y" channelNumber="7" sensorLocation="ay_lowG" />
      <Assignment channelName="YAW-RATE-OUT" direction="Z" channelNumber="3" sensorLocation="rateZ" />
      <Assignment channelName="SAS-OUT-GZ" direction="Z" channelNumber="8" sensorLocation="az_midG" />
      <Assignment channelName="SAS-OUT-GZ" direction="Z" channelNumber="8" sensorLocation="az_lowG" />
      <Assignment channelName="ROLL-RATE-OUT" direction="X" channelNumber="11" sensorLocation="rateX" />
      <Assignment channelName="CZS-CNT-OUT-" direction="X" channelNumber="5" sensorLocation="UFSD" />
      <Assignment channelName="ZERO-Emulation" direction="" channelNumber="-1" sensorLocation="UFSC" />
      <Assignment channelName="CZS-CNT-OUT-1msShift" direction="X" channelNumber="12" sensorLocation="UFSP" />
      <Assignment channelName="SIS-R-B-PILLAR-OUT-" direction="Y" channelNumber="10" sensorLocation="PASFD" />
      <Assignment channelName="SIS-L-B-PILLAR-OUT-" direction="Y" channelNumber="9" sensorLocation="PASFP" />
      <Assignment channelName="ZERO-Emulation" direction="" channelNumber="-1" sensorLocation="PASMD" />
      <Assignment channelName="ZERO-Emulation" direction="" channelNumber="-1" sensorLocation="PASMP" />
      <Assignment channelName="PRESSURE-R-F-OUT" direction="Y" channelNumber="4" sensorLocation="PPSFD" />
      <Assignment channelName="PRESSURE-L-F-OUT" direction="Y" channelNumber="1" sensorLocation="PPSFP" />
      <Assignment channelName="ZERO-Emulation" direction="" channelNumber="-1" sensorLocation="PASRC" />
    </crash>
  </Assignments>
</AssignmentList>
