<?xml version="1.0"?>
<GlobalCalibrationViewSettings xmlns:xsd="http://www.w3.org/2001/XMLSchema" xmlns:xsi="http://www.w3.org/2001/XMLSchema-instance" amplitudeSynchron="false" offsetSynchron="false">
  <InputChannel sensorLocation="ay_highG">
    <Amplitude min="1" max="1" step="1" />
    <Offset min="0" max="0" step="0" />
  </InputChannel>
  <InputChannel sensorLocation="ax_highG">
    <Amplitude min="1" max="1" step="1" />
    <Offset min="0" max="0" step="0" />
  </InputChannel>
  <InputChannel sensorLocation="ax_highG_rd">
    <Amplitude min="1" max="1" step="1" />
    <Offset min="0" max="0" step="0" />
  </InputChannel>
  <InputChannel sensorLocation="ay_highG_rd">
    <Amplitude min="1" max="1" step="1" />
    <Offset min="0" max="0" step="0" />
  </InputChannel>
  <InputChannel sensorLocation="az_midG">
    <Amplitude min="1" max="1" step="1" />
    <Offset min="0" max="0" step="0" />
  </InputChannel>
  <InputChannel sensorLocation="ax_lowG">
    <Amplitude min="1" max="1" step="1" />
    <Offset min="0" max="0" step="0" />
  </InputChannel>
  <InputChannel sensorLocation="ay_lowG">
    <Amplitude min="1" max="1" step="1" />
    <Offset min="0" max="0" step="0" />
  </InputChannel>
  <InputChannel sensorLocation="az_lowG">
    <Amplitude min="1" max="1" step="1" />
    <Offset min="0" max="0" step="0" />
  </InputChannel>
  <InputChannel sensorLocation="rateX">
    <Amplitude min="1" max="1" step="1" />
    <Offset min="0" max="0" step="0" />
  </InputChannel>
  <InputChannel sensorLocation="rateZ">
    <Amplitude min="1" max="1" step="1" />
    <Offset min="0" max="0" step="0" />
  </InputChannel>
  <InputChannel sensorLocation="ax_midG">
    <Amplitude min="1" max="1" step="1" />
    <Offset min="0" max="0" step="0" />
  </InputChannel>
  <InputChannel sensorLocation="ay_midG">
    <Amplitude min="1" max="1" step="1" />
    <Offset min="0" max="0" step="0" />
  </InputChannel>
  <InputChannel sensorLocation="inertial_valid">
    <Amplitude min="1" max="1" step="1" />
    <Offset min="0" max="0" step="0" />
  </InputChannel>
  <InputChannel sensorLocation="UFSD">
    <Amplitude min="1" max="1" step="1" />
    <Offset min="0" max="0" step="0" />
  </InputChannel>
  <InputChannel sensorLocation="UFSM">
    <Amplitude min="1" max="1" step="1" />
    <Offset min="0" max="0" step="0" />
  </InputChannel>
  <InputChannel sensorLocation="UFSP">
    <Amplitude min="1" max="1" step="1" />
    <Offset min="0" max="0" step="0" />
  </InputChannel>
  <InputChannel sensorLocation="PASFD">
    <Amplitude min="1" max="1" step="1" />
    <Offset min="0" max="0" step="0" />
  </InputChannel>
  <InputChannel sensorLocation="PASFP">
    <Amplitude min="1" max="1" step="1" />
    <Offset min="0" max="0" step="0" />
  </InputChannel>
  <InputChannel sensorLocation="PASMD">
    <Amplitude min="1" max="1" step="1" />
    <Offset min="0" max="0" step="0" />
  </InputChannel>
  <InputChannel sensorLocation="PASMP">
    <Amplitude min="1" max="1" step="1" />
    <Offset min="0" max="0" step="0" />
  </InputChannel>
  <InputChannel sensorLocation="PPSFD">
    <Amplitude min="1" max="1" step="1" />
    <Offset min="0" max="0" step="0" />
  </InputChannel>
  <InputChannel sensorLocation="PPSFP">
    <Amplitude min="1" max="1" step="1" />
    <Offset min="0" max="0" step="0" />
  </InputChannel>
  <InputChannel sensorLocation="PASRC">
    <Amplitude min="1" max="1" step="1" />
    <Offset min="0" max="0" step="0" />
  </InputChannel>
  <Parameter enable="false" module="" parameter="" min="0" max="0" step="0" />
  <GlobalCalibrationViewProperty name="FrontMisuse" showAllVariations="true" showFFT="false" normalizeFFT="false" time="10" showMarker="true" showReqMarker="false" evalDll="" showMargin="true" margin="0,0,1,0,0,0,1,0" showGrid="false" showSideBar="false">
    <CrashSetViewProperties>
      <OutputChannel module="ECU" name="SprStcTimer[0]" unit="CYCLES" auto_="true" color="0" lineStyle="0" min="0" max="0" minFixed="0" maxFixed="0" minReal="0" maxReal="0" zoomMin="0" zoomMax="0" factor="0" />
      <OutputChannel module="ECU" name="SprPpsVal[0]" unit="LSB" auto_="true" color="0" lineStyle="0" min="0" max="0" minFixed="0" maxFixed="0" minReal="0" maxReal="0" zoomMin="0" zoomMax="0" factor="0" />
    </CrashSetViewProperties>
    <LUT module="ECU" name="FrtTrgMisThdHREQDIST[0]" />
    <LUT module="ECU" name="FrtTrgMisThdHREQDIST[1]" />
  </GlobalCalibrationViewProperty>
  <GlobalCalibrationViewProperty name="FrtFire1" showAllVariations="true" showFFT="false" normalizeFFT="false" time="0" showMarker="false" showReqMarker="false" evalDll="" showMargin="true" margin="0,0,1,0,0,0,1,0" showGrid="false" showSideBar="false">
    <CrashSetViewProperties>
      <OutputChannel module="ECU" name="FrtFeaDs" unit="LSB" auto_="true" color="0" lineStyle="0" min="0" max="0" minFixed="0" maxFixed="0" minReal="0" maxReal="0" zoomMin="0" zoomMax="0" factor="0" />
      <OutputChannel module="ECU" name="AccEcuXLp0" unit="LSB" auto_="true" color="0" lineStyle="0" min="0" max="0" minFixed="0" maxFixed="0" minReal="0" maxReal="0" zoomMin="0" zoomMax="0" factor="0" />
    </CrashSetViewProperties>
    <LUT module="ECU" name="FrtTrgFireThdHREQDIST[1]" />
    <LUT module="ECU" name="FrtTrgFireThdHREQDIST[2]" />
    <LUT module="ECU" name="FrtTrgFireThdHREQDIST[3]" />
  </GlobalCalibrationViewProperty>
  <GlobalCalibrationViewProperty name="MEX_IN" showAllVariations="false" showFFT="false" normalizeFFT="false" time="0" showMarker="false" showReqMarker="false" evalDll="" showMargin="true" margin="0,0,1,0,0,0,1,0" showGrid="false" showSideBar="false">
    <CrashSetViewProperties>
      <OutputChannel module="ECU" name="SacPasLpLong[0]" unit="LSB" auto_="true" color="0" lineStyle="0" min="0" max="0" minFixed="0" maxFixed="0" minReal="0" maxReal="0" zoomMin="0" zoomMax="0" factor="0" />
      <OutputChannel module="ECU" name="SacPasLpShort[0]" unit="LSB" auto_="true" color="0" lineStyle="0" min="0" max="0" minFixed="0" maxFixed="0" minReal="0" maxReal="0" zoomMin="0" zoomMax="0" factor="0" />
    </CrashSetViewProperties>
  </GlobalCalibrationViewProperty>
  <GlobalCalibrationViewProperty name="SacMainB-PASL" showAllVariations="true" showFFT="false" normalizeFFT="false" time="0" showMarker="false" showReqMarker="false" evalDll="" showMargin="true" margin="0,0,1,0,0,0,1,0" showGrid="false" showSideBar="false">
    <CrashSetViewProperties>
      <OutputChannel module="ECU" name="SacPasLpLong[0]" unit="LSB" auto_="true" color="0" lineStyle="0" min="0" max="0" minFixed="0" maxFixed="0" minReal="0" maxReal="0" zoomMin="0" zoomMax="0" factor="0" />
      <OutputChannel module="ECU" name="SacPasLpShort[0]" unit="LSB" auto_="true" color="0" lineStyle="0" min="0" max="0" minFixed="0" maxFixed="0" minReal="0" maxReal="0" zoomMin="0" zoomMax="0" factor="0" />
    </CrashSetViewProperties>
    <LUT module="ECU" name="SacPasMisThdCurveVT[0]" />
  </GlobalCalibrationViewProperty>
  <GlobalCalibrationViewProperty name="SacMainB-PASR" showAllVariations="true" showFFT="false" normalizeFFT="false" time="0" showMarker="false" showReqMarker="false" evalDll="" showMargin="true" margin="0,0,1,0,0,0,1,0" showGrid="false" showSideBar="false">
    <CrashSetViewProperties>
      <OutputChannel module="ECU" name="SacPasLpLong[1]" unit="LSB" auto_="true" color="0" lineStyle="0" min="0" max="0" minFixed="0" maxFixed="0" minReal="0" maxReal="0" zoomMin="0" zoomMax="0" factor="0" />
      <OutputChannel module="ECU" name="SacPasLpShort[1]" unit="LSB" auto_="true" color="0" lineStyle="0" min="0" max="0" minFixed="0" maxFixed="0" minReal="0" maxReal="0" zoomMin="0" zoomMax="0" factor="0" />
    </CrashSetViewProperties>
    <LUT module="ECU" name="SacPasMisThdCurveVT[0]" />
  </GlobalCalibrationViewProperty>
  <GlobalCalibrationViewProperty name="SacMainC-PASL" showAllVariations="true" showFFT="false" normalizeFFT="false" time="0" showMarker="false" showReqMarker="false" evalDll="" showMargin="true" margin="0,0,1,0,0,0,1,0" showGrid="false" showSideBar="false">
    <CrashSetViewProperties>
      <OutputChannel module="ECU" name="SacPasLpLong[2]" unit="LSB" auto_="true" color="0" lineStyle="0" min="0" max="0" minFixed="0" maxFixed="0" minReal="0" maxReal="0" zoomMin="0" zoomMax="0" factor="0" />
      <OutputChannel module="ECU" name="SacPasLpShort[2]" unit="LSB" auto_="true" color="0" lineStyle="0" min="0" max="0" minFixed="0" maxFixed="0" minReal="0" maxReal="0" zoomMin="0" zoomMax="0" factor="0" />
    </CrashSetViewProperties>
    <LUT module="ECU" name="SacPasMisThdCurveVT[1]" />
  </GlobalCalibrationViewProperty>
  <GlobalCalibrationViewProperty name="SacMainC-PASR" showAllVariations="true" showFFT="false" normalizeFFT="false" time="0" showMarker="false" showReqMarker="false" evalDll="" showMargin="true" margin="0,0,1,0,0,0,1,0" showGrid="false" showSideBar="false">
    <CrashSetViewProperties>
      <OutputChannel module="ECU" name="SacPasLpLong[3]" unit="LSB" auto_="true" color="0" lineStyle="0" min="0" max="0" minFixed="0" maxFixed="0" minReal="0" maxReal="0" zoomMin="0" zoomMax="0" factor="0" />
      <OutputChannel module="ECU" name="SacPasLpShort[3]" unit="LSB" auto_="true" color="0" lineStyle="0" min="0" max="0" minFixed="0" maxFixed="0" minReal="0" maxReal="0" zoomMin="0" zoomMax="0" factor="0" />
    </CrashSetViewProperties>
    <LUT module="ECU" name="SacPasMisThdCurveVT[1]" />
  </GlobalCalibrationViewProperty>
  <GlobalCalibrationViewProperty name="View 0" showAllVariations="false" showFFT="false" normalizeFFT="false" time="0" showMarker="false" showReqMarker="false" evalDll="" showMargin="true" margin="0,0,1,0,0,0,1,0" showGrid="false" showSideBar="false">
    <CrashSetViewProperties>
      <OutputChannel module="" name="" unit="" auto_="true" color="0" lineStyle="0" min="0" max="0" minFixed="0" maxFixed="0" minReal="0" maxReal="0" zoomMin="0" zoomMax="0" factor="0" />
      <OutputChannel module="" name="" unit="" auto_="true" color="0" lineStyle="0" min="0" max="0" minFixed="0" maxFixed="0" minReal="0" maxReal="0" zoomMin="0" zoomMax="0" factor="0" />
    </CrashSetViewProperties>
  </GlobalCalibrationViewProperty>
  <GlobalCalibrationViewProperty name="FrtFea" showAllVariations="false" showFFT="false" normalizeFFT="false" time="0" showMarker="false" showReqMarker="false" evalDll="" showMargin="false" margin="0,0,1,0,0,0,1,0" showGrid="false" showSideBar="false">
    <CrashSetViewProperties>
      <OutputChannel module="ECU" name="FrtFeaDs" unit="LSB" auto_="true" color="0" lineStyle="0" min="0" max="0" minFixed="0" maxFixed="0" minReal="0" maxReal="0" zoomMin="0" zoomMax="0" factor="0" />
      <OutputChannel module="ECU" name="FrtUfsFeaFlex1" unit="LSB" auto_="true" color="0" lineStyle="0" min="0" max="0" minFixed="0" maxFixed="0" minReal="0" maxReal="0" zoomMin="0" zoomMax="0" factor="0" />
    </CrashSetViewProperties>
    <LUT module="ECU" name="FrtFeaThdEQUIDIST[10]" />
    <LUT module="ECU" name="FrtFeaThdEQUIDIST[11]" />
  </GlobalCalibrationViewProperty>
</GlobalCalibrationViewSettings>
