<?xml version="1.0"?>
<BatchSimulation xmlns:xsd="http://www.w3.org/2001/XMLSchema" xmlns:xsi="http://www.w3.org/2001/XMLSchema-instance">
  <ResultFileSetting name="ARTR_Frt-Rea" />
  <Crash crashset="J59Z_Crashset" name="Single_EDR_Front_Inflatable_Stage1;5" assignmentComment="" />
  <Crash crashset="J59Z_Crashset" name="Single_EDR_SideRight_Inflatable;6" assignmentComment="" />
  <Crash crashset="J59Z_Crashset" name="Single_EDR_Front_Inflatable;6" assignmentComment="" />
  <Crash crashset="J59Z_Crashset" name="Single_CO_SideLeft_AD_270ms-after-T0;1" assignmentComment="" />
  <Crash crashset="J59Z_Crashset" name="Single_EDR_Rollover_Inflatable_MaxLowGZ;1" assignmentComment="" />
  <Crash crashset="J59Z_Crashset" name="Single_EDR_Front_NonInflatable;5" assignmentComment="" />
  <Crash crashset="J59Z_Crashset" name="Single_EDR_Front_NonInflatable_PreCrash;1" assignmentComment="" />
  <Crash crashset="J59Z_Crashset" name="Single_EDR_Front_below_8kph_Noise;5" assignmentComment="" />
  <Crash crashset="J59Z_Crashset" name="Single_EDR_Front_Noise_deltaV_7_9kph;5" assignmentComment="" />
  <Crash crashset="J59Z_Crashset" name="Single_EDR_Front_ND_deltaV_8_1kph;5" assignmentComment="" />
  <Crash crashset="J59Z_Crashset" name="Single_EDR_Front_AD_shorter250ms;5" assignmentComment="" />
  <Crash crashset="J59Z_Crashset" name="Single_EDR_Front_AD_250ms_to_300ms;6" assignmentComment="" />
  <Crash crashset="J59Z_Crashset" name="Single_EDR_Front_AD_longer300ms;5" assignmentComment="" />
  <Crash crashset="J59Z_Crashset" name="Single_EDR_Front_ClipEcuX;5" assignmentComment="" />
  <Crash crashset="J59Z_Crashset" name="Single_EDR_Front_ClipEcuX_Clip128g" assignmentComment="" />
  <Crash crashset="J59Z_Crashset" name="Single_EDR_SideLeft_ClipEcuY;5" assignmentComment="" />
  <Crash crashset="J59Z_Crashset" name="Single_EDR_SideRight_ClipEcuY;5" assignmentComment="" />
  <Crash crashset="J59Z_Crashset" name="Single_EDR_SideRight_ClipEcuY_Clip128g" assignmentComment="" />
  <Crash crashset="J59Z_Crashset" name="Single_SideLeft_AD_ECUY_Clip_Between250and300ms" assignmentComment="" />
  <Crash crashset="J59Z_Crashset" name="Single_Front_AD_ECUX_Clip_Between250and300ms" assignmentComment="" />
  <Crash crashset="J59Z_Crashset" name="Single_EDR_EventType_Front;5" assignmentComment="" />
  <Crash crashset="J59Z_Crashset" name="Single_EDR_EventType_SideLeft;5" assignmentComment="" />
  <Crash crashset="J59Z_Crashset" name="Single_EDR_EventType_SideRight;5" assignmentComment="" />
  <Crash crashset="J59Z_Crashset" name="Single_EDR_EventType_Rear;5" assignmentComment="" />
  <Crash crashset="J59Z_Crashset" name="Single_EDR_Front_ClipEcuX_after250ms" assignmentComment="" />
  <Crash crashset="J59Z_Crashset" name="Single_EDR_SideLeft_ClipEcuY_after250ms" assignmentComment="" />
  <Crash crashset="J59Z_Crashset" name="Single_EDR_Rollover_Clip_Rollr_LowGY_Z_bef250ms" assignmentComment="" />
  <Crash crashset="J59Z_Crashset" name="Single_EDR_Rollover_Clip_Rollr_LowGY_Z_aft250ms" assignmentComment="" />
  <Crash crashset="J59Z_Crashset" name="Single_EDR_Yawrate_Clip_before250ms" assignmentComment="" />
  <Crash crashset="J59Z_Crashset" name="Single_EDR_Yawrate_Clip_after250ms" assignmentComment="" />
  <Crash crashset="J59Z_Crashset" name="Single_EDR_LongRunningEvent" assignmentComment="" />
  <Crash crashset="J59Z_Crashset" name="Single_EDR_Longer_Than_Tend_Range" assignmentComment="" />
  <Crash crashset="J59Z_Crashset" name="Single_AB12_EDR_Front_Inflatable_after_32767ms" assignmentComment="" />
  <Crash crashset="J59Z_Crashset" name="Single_EDR_SideAD_YawRateBeforeT0" assignmentComment="" />
  <Crash crashset="J59Z_Crashset" name="Single_EDR_Rear_equal_8kph" assignmentComment="" />
  <Crash crashset="J59Z_Crashset" name="Single_EDR_Front_equal_8kph" assignmentComment="" />
  <Crash crashset="J59Z_Crashset" name="Single_EDR_SideLeft_equal_8kph" assignmentComment="" />
  <Crash crashset="J59Z_Crashset" name="Single_EDR_SideRight_equal_8kph" assignmentComment="" />
  <Crash crashset="Mazda_AB12_J59z_RBT" name="Single_EDR_Front_Inflatable;5_Diff_UFS" assignmentComment="" />
  <Crash crashset="J59Z_Crashset" name="Parallel_EDR_Front_Inflate_SideLeft_Inflate;6" assignmentComment="" />
  <Crash crashset="J59Z_Crashset" name="Parallel_EDR_Rear_NonInflate_SideLeft_Inflate;6" assignmentComment="" />
  <Crash crashset="J59Z_Crashset" name="Parallel_EDR_AccelerationSensorRange_FrontSideL;7" assignmentComment="" />
  <Crash crashset="J59Z_Crashset" name="Parallel_EDR_FrontAD_Side_ND_YawRate" assignmentComment="" />
  <Crash crashset="J59Z_Crashset" name="Parallel_EDR_AccelerationSensorRange_RearSideR;7" assignmentComment="" />
  <Crash crashset="J59Z_Crashset" name="Parallel_EDR_Rear_NonInflate_SideLeft_Inflate;5" assignmentComment="" />
  <Crash crashset="J59Z_Crashset" name="Parallel_EDR_Front_NoDeploy_Side_NoDeploy;5" assignmentComment="" />
  <Crash crashset="J59Z_Crashset" name="Parallel_EDR_Front_ND_Side_Active_beforeFrontSoE;5" assignmentComment="" />
  <Crash crashset="J59Z_Crashset" name="Parallel_EDR_Side_ND_Front_Active_twice;5" assignmentComment="" />
  <Crash crashset="J59Z_Crashset" name="Parallel_EDR_Front_Noise_Side_NoDeploy;5" assignmentComment="" />
  <Crash crashset="J59Z_Crashset" name="Parallel_EDR_Front_Noise_Side_Noise_Front_ND;5" assignmentComment="" />
  <Crash crashset="J59Z_Crashset" name="Parallel_EDR_Front_ND_Side_Noise_Side_Noise;5" assignmentComment="" />
  <Crash crashset="J59Z_Crashset" name="Parallel_EDR_Front_ND_Side_ND;5" assignmentComment="" />
  <Crash crashset="J59Z_Crashset" name="Parallel_EDR_Side_ND_Front_ND;5" assignmentComment="" />
  <Crash crashset="J59Z_Crashset" name="Parallel_EDR_Front_Active_Side_ND_Front_ND;5" assignmentComment="" />
  <Crash crashset="J59Z_Crashset" name="Parallel_EDR_Rollover_Inflate_SideLeft_Inflte;5" assignmentComment="" />
  <Crash crashset="J59Z_Crashset" name="Parallel_EDR_Rollover_Inflate_Front_Inflate;5" assignmentComment="" />
  <Crash crashset="J59Z_Crashset" name="Parallel_EDR_Rollover_Inflate_Side_NoDeploy;5" assignmentComment="" />
  <Crash crashset="J59Z_Crashset" name="Parallel_EDR_SoE_beforeFire_EoE_duringFire_RoSe;5" assignmentComment="" />
  <Crash crashset="J59Z_Crashset" name="Parallel_EDR_SoE_duringFire_EoE_PostFire_RoSe;5" assignmentComment="" />
  <Crash crashset="J59Z_Crashset" name="Parallel_EDR_RoSe_SoE_beforeRoSe_EoE_duringND;2" assignmentComment="" />
  <Crash crashset="J59Z_Crashset" name="Parallel_EDR_FrontND_FrontAD_SideDriverND_5" assignmentComment="" />
  <Crash crashset="J59Z_Crashset" name="Parallel_EDR_Noise_SideRtND_FrtAD_FireAfter300ms;5" assignmentComment="" />
  <Crash crashset="J59Z_Crashset" name="Parallel_EDR_AccelerationSensorRange_RearSideR;2" assignmentComment="" />
  <Crash crashset="J59Z_Crashset" name="Parallel_EDR_AccelerationSensorRange_FrontSideL;2" assignmentComment="" />
  <Crash crashset="J59Z_Crashset" name="Single_EDR_SideLeftRight_Inflatable;5" assignmentComment="" />
  <Crash crashset="J59Z_Crashset" name="Multi_EDR_Front_AD_Side_AD;5" assignmentComment="" />
  <Crash crashset="J59Z_Crashset" name="Multi_EDR_Front_Noise_7_9kph_Side_Noise_7_9kph;5" assignmentComment="" />
  <Crash crashset="J59Z_Crashset" name="Multi_EDR_Front_Noise_7_9kph_Side_ND_8_1kph;5" assignmentComment="" />
  <Crash crashset="J59Z_Crashset" name="Multi_EDR_Front_ND_8_1kph_Side_Noise_7_9kph;5" assignmentComment="" />
  <Crash crashset="J59Z_Crashset" name="Multi_EDR_Front_ND_8_1kph_Side_ND_8_1kph;5" assignmentComment="" />
  <Crash crashset="J59Z_Crashset" name="Multi_EDR_Side_afterEoE_Front;5" assignmentComment="" />
  <Crash crashset="Mazda_AB12_J59z_RBT" name="Multi_EDR_Side_before5s_Front;5" assignmentComment="" />
  <Crash crashset="J59Z_Crashset" name="Multi_EDR_TwoSingle_Side_after5s_Front;5" assignmentComment="" />
  <Crash crashset="J59Z_Crashset" name="Multi_EDR_Front_AD_Rear_ND;5" assignmentComment="" />
  <Crash crashset="J59Z_Crashset" name="Multi_EDR_Side_ND_Front_AD;5" assignmentComment="" />
  <Crash crashset="J59Z_Crashset" name="Multi_EDR_Extended_Front_ND_Side_AD_Front_AD;6" assignmentComment="" />
  <Crash crashset="J59Z_Crashset" name="Multi_EDR_Extended_Rollover_ND_Side_AD_Front_AD;5" assignmentComment="" />
  <Crash crashset="J59Z_Crashset" name="Multi_EDR_Ext_Rear_ND_SideD_ND_Front_AD_SideP_AD;5" assignmentComment="" />
  <Crash crashset="J59Z_Crashset" name="Multi_EDR_Ext_Frt_ND_Front_NAD_SideP_AD_Front_AD;5" assignmentComment="" />
  <Crash crashset="J59Z_Crashset" name="Multi_EDR_Ext_Frt_ND_Rear_ND_Rolovr_AD_SideD_AD;5" assignmentComment="" />
  <Crash crashset="J59Z_Crashset" name="Multi_EDR_Ext_Front_ND_Side_ND_EPP_AD_Front_AD;5" assignmentComment="" />
  <Crash crashset="J59Z_Crashset" name="Multi_EDR_Rear_AD_Front_Noise_Side_AD;5" assignmentComment="" />
  <Crash crashset="J59Z_Crashset" name="Multi_EDR_Noise_Noise_Front_NAD;5" assignmentComment="" />
  <Crash crashset="J59Z_Crashset" name="Multi_EDR_Noise_Noise_Front_AD;5" assignmentComment="" />
  <Crash crashset="J59Z_Crashset" name="Multi_EDR_Noise_Noise_SideR_ND;5" assignmentComment="" />
  <Crash crashset="J59Z_Crashset" name="Multi_EDR_Noise_Noise_SideL_ND;5" assignmentComment="" />
  <Crash crashset="J59Z_Crashset" name="Multi_EDR_Front_NAD_Noise_Front_AD;5" assignmentComment="" />
  <Crash crashset="J59Z_Crashset" name="Multi_EDR_Front_AD_Noise_Front_AD;5" assignmentComment="" />
  <Crash crashset="J59Z_Crashset" name="Multi_EDR_LeftSide_ND_Noise_RightSide_AD;5" assignmentComment="" />
  <Crash crashset="J59Z_Crashset" name="Multi_EDR_FrontNoise_AnyNoise_SideDriverAD;5" assignmentComment="" />
  <Crash crashset="J59Z_Crashset" name="Multi_EDR_SidePassengerND_FrontNAD;5" assignmentComment="" />
  <Crash crashset="J59Z_Crashset" name="Multi_EDR_FrontNAD_SidePassengerAD;5" assignmentComment="" />
  <Crash crashset="J59Z_Crashset" name="Multi_EDR_SideDriverAD_FrontNAD;6" assignmentComment="" />
  <Crash crashset="J59Z_Crashset" name="Multi_EDR_SideAD_FrontND;5" assignmentComment="" />
  <Crash crashset="J59Z_Crashset" name="Multi_EDR_RearND_SideAD;5" assignmentComment="" />
  <Crash crashset="J59Z_Crashset" name="Multi_EDR_FrontAD_SideND_FrontNoise;5" assignmentComment="" />
  <Crash crashset="J59Z_Crashset" name="Multi_EDR_SideND_FrontND_SideAD;5" assignmentComment="" />
  <Crash crashset="J59Z_Crashset" name="Multi_EDR_FrontND_SideLeftAD_SideRightND;5" assignmentComment="" />
  <Crash crashset="J59Z_Crashset" name="Multi_EDR_FrontAD_SideND_FrontND;5" assignmentComment="" />
  <Crash crashset="J59Z_Crashset" name="Multi_EDR_FrontNoise_SideAD_FrontAD;5" assignmentComment="" />
  <Crash crashset="J59Z_Crashset" name="Multi_EDR_RearNAD_FrontAD_SideND_FrontNoise;5" assignmentComment="" />
  <Crash crashset="J59Z_Crashset" name="Multi_EDR_FrontAD_SideND_FrontND_SideAD;5" assignmentComment="" />
  <Crash crashset="J59Z_Crashset" name="Multi_EDR_FrontAD_FrontND_SideNoise_FrontAD;5" assignmentComment="" />
  <Crash crashset="J59Z_Crashset" name="Multi_EDR_FrontAD_FrontNoise_SideAD_FrontAD;5" assignmentComment="" />
  <Crash crashset="J59Z_Crashset" name="Multi_EDR_FrontAD_SideLeftAD_FrontAD_SideRightAD;5" assignmentComment="" />
  <Crash crashset="J59Z_Crashset" name="SE_EDR_RAMBuf_Frt_RolShortFire_SL_Frt_SR_Frt_SL;2" assignmentComment="" />
  <Crash crashset="J59Z_Crashset" name="SE_EDR_RAMBuf_Frt_RolLongFire_SL_Frt_SR_Frt_SL;1" assignmentComment="" />
  <Crash crashset="J59Z_Crashset" name="SE_EDR_SideLAD_FrontDurNoRollFire" assignmentComment="" />
  <Crash crashset="J59Z_Crashset" name="SE_EDR_Frt_RolShrtFire_SideL_Frt_SideR_Frt_SideL;2" assignmentComment="" />
  <Crash crashset="J59Z_Crashset" name="SE_EDR_Frt_RolLongFire_SideL_Frt_SideR_Frt_SideL;2" assignmentComment="" />
  <Crash crashset="J59Z_Crashset" name="SE_EDR_SideLAD_RearND_FrtAD_SideRAD_Dur_RollAct;1" assignmentComment="" />
  <Crash crashset="J59Z_Crashset" name="SE_EDR_FrontND_RolloverAD_FrontAD_RolloverAD" assignmentComment="" />
  <Crash crashset="J59Z_Crashset" name="Multi_EDR_FrontSideLeft_Noise_RearSideRight" assignmentComment="" />
  <Crash crashset="J59Z_Crashset" name="Multi_EDR_FrtAD_SideP_ND_RollAD" assignmentComment="" />
  <Crash crashset="J59Z_Crashset" name="Multi_EDR_Side_ND_Front_AD;6" assignmentComment="" />
  <Crash crashset="J59Z_Crashset" name="Multi_EDR_Front_NAD_Noise_Front_AD;7" assignmentComment="" />
  <Crash crashset="J59Z_Crashset" name="Multi_EDR_Extended_Front_ND_Side_AD_Front_AD;9" assignmentComment="" />
  <Crash crashset="J59Z_Crashset" name="Multi_EDR_FrontSideLeft_Noise_RearSideRight;6" assignmentComment="" />
  <Crash crashset="J59Z_Crashset" name="Single_EDR_SideAD_YawRateBeforeT0;6" assignmentComment="" />
  <Crash crashset="J59Z_Crashset" name="Multi_EDR_Side_AD_RolloverAD_YawRate;2" assignmentComment="" />
  <Crash crashset="J59Z_Crashset" name="Multi_EDR_RearND_Front_AD_AnyNoise_YawRate" assignmentComment="" />
  <Crash crashset="J59Z_Crashset" name="Multi_EDR_RearND_Front_AD_AnyNoise_YawRate;2" assignmentComment="" />
</BatchSimulation>
