<?xml version="1.0"?>
<BatchSimulation xmlns:xsd="http://www.w3.org/2001/XMLSchema" xmlns:xsi="http://www.w3.org/2001/XMLSchema-instance">
  <ResultFileSetting name="SRT_EMC" />
  <Crash crashset="Mazda_AB12_J59z_RBT" name="Single_EDR_Front_Inflatable;5" assignmentComment="" />
  <Crash crashset="Mazda_AB12_J59z_RBT" name="Single_EDR_SideLeft_Inflatable;5" assignmentComment="" />
  <Crash crashset="Mazda_AB12_J59z_RBT" name="Single_EDR_SideRight_Inflatable;5" assignmentComment="" />
  <Crash crashset="Mazda_AB12_J59z_RBT" name="Single_EDR_Rear_NonInflatable;5" assignmentComment="" />
  <Crash crashset="Mazda_AB12_J59z_RBT" name="Single_EDR_Rear_above_8kph_NoDeployment;5" assignmentComment="" />
  <Crash crashset="Mazda_AB12_J59z_RBT" name="Single_EDR_Rollover_Inflatable;5" assignmentComment="" />
  <Crash crashset="Mazda_AB12_J59z_RBT" name="Single_EDR_Rollover_NoDeployment;5" assignmentComment="" />
  <Crash crashset="Mazda_AB12_J59z_RBT" name="Single_EDR_Front_above_8kph_NoDeployment;5" assignmentComment="" />
  <Crash crashset="Mazda_AB12_J59z_RBT" name="Single_EDR_Side_above_8kph_NoDeployment;5" assignmentComment="" />
  <Crash crashset="Mazda_AB12_J59z_RBT" name="Single_EDR_Front_ND_step1g_2000Hz_480g" assignmentComment="" />
  <Crash crashset="Mazda_AB12_J59z_RBT" name="Single_EDR_Front_Inflatable;5_UFS-480g;1" assignmentComment="" />
  <Crash crashset="Mazda_AB12_J59z_RBT" name="Single_EDR_Rear_NonInflatable;5_UFS_480g;1" assignmentComment="" />
  <Crash crashset="Mazda_AB12_J59z_RBT" name="Parallel_EDR_Front_Inflate_SideLeft_Inflate;5" assignmentComment="" />
  <Crash crashset="Mazda_AB12_J59z_RBT" name="Multi_EDR_RollrateSinus_FrontAD_8sec;1" assignmentComment="" />
  <Crash crashset="Mazda_AB12_J59z_RBT" name="Multi_EDR_FrontNAD_SideDriverND;5" assignmentComment="" />
  <Crash crashset="Mazda_AB12_J59z_RBT" name="Multi_EDR_FrontND_SideNoise_FrontAD;5" assignmentComment="" />
  <Crash crashset="Mazda_AB12_J59z_RBT" name="Multi_EDR_SideLeftAD_FrontAD_SideRightAD;5" assignmentComment="" />
  <Crash crashset="Mazda_AB12_J59z_RBT" name="Multi_EDR_Side_before5s_Front;5" assignmentComment="" />
  <Crash crashset="Mazda_AB12_J59z_RBT" name="Single_EDR_Front_Inflatable;5_Diff_UFS" assignmentComment="" />
</BatchSimulation>
