<?xml version="1.0"?>
<CrashSetDescription xmlns:xsd="http://www.w3.org/2001/XMLSchema" xmlns:xsi="http://www.w3.org/2001/XMLSchema-instance">
  <Info />
  <CrashSet name="1000G">
    <crash crashcode="J1000G155_45_Multi11;17" crashversion="2020-03-18 15:31:26" assignmentComment="Front" />
    <crash crashcode="J1000G155_45_Multi11;17" crashversion="2020-03-18 15:31:26" assignmentComment="Rear" />
    <crash crashcode="J1000G155_45_Multi11;17" crashversion="2020-03-18 15:31:26" assignmentComment="SideLeft" />
    <crash crashcode="J1000G155_45_Multi11;17" crashversion="2020-03-18 15:31:26" assignmentComment="SideRight" />
    <crash crashcode="J1000G155_45_Multi11;17" crashversion="2020-03-18 15:31:26" assignmentComment="Rollover" />
    <query />
  </CrashSet>
</CrashSetDescription>
