<?xml version="1.0"?>
<AssignmentList xmlns:xsd="http://www.w3.org/2001/XMLSchema" xmlns:xsi="http://www.w3.org/2001/XMLSchema-instance">
  <Info />
  <Assignments>
    <crash crashcode="Multi_EDR_RearNAD_SideD_AD_FrtAD_SideP_ND_RollAD" crashversion="2016-10-07 11:36:14" assignmentComment="">
      <Assignment channelName="ZERO-Emulation" direction="" channelNumber="-1" sensorLocation="REF_DIS_X" />
      <Assignment channelName="ZERO-Emulation" direction="" channelNumber="-1" sensorLocation="REF_VEL_X" />
      <Assignment channelName="ZERO-Emulation" direction="" channelNumber="-1" sensorLocation="REF_ACC_X" />
      <Assignment channelName="ZERO-Emulation" direction="" channelNumber="-1" sensorLocation="REF_ACC_Y" />
      <Assignment channelName="ZERO-Emulation" direction="" channelNumber="-1" sensorLocation="REF_ACC_Z" />
      <Assignment channelName="ZERO-Emulation" direction="" channelNumber="-1" sensorLocation="REF_ANG_X" />
      <Assignment channelName="ZERO-Emulation" direction="" channelNumber="-1" sensorLocation="REF_RAT_X" />
      <Assignment channelName="ZERO-Emulation" direction="" channelNumber="-1" sensorLocation="REF_ANG_Y" />
      <Assignment channelName="ZERO-Emulation" direction="" channelNumber="-1" sensorLocation="REF_RAT_Y" />
      <Assignment channelName="ZERO-Emulation" direction="" channelNumber="-1" sensorLocation="az_midG" />
      <Assignment channelName="ZERO-Emulation" direction="" channelNumber="-1" sensorLocation="ax_midG" />
      <Assignment channelName="ZERO-Emulation" direction="" channelNumber="-1" sensorLocation="ay_midG" />
      <Assignment channelName="ZERO-Emulation" direction="" channelNumber="-1" sensorLocation="ax_lowG" />
      <Assignment channelName="ZERO-Emulation" direction="" channelNumber="-1" sensorLocation="rateZ" />
      <Assignment channelName="ZERO-Emulation" direction="" channelNumber="-1" sensorLocation="inertial_valid" />
      <Assignment channelName="ECU X" direction="X" channelNumber="1" sensorLocation="ax_highG" />
      <Assignment channelName="ECU Y" direction="Y" channelNumber="5" sensorLocation="ay_highG" />
      <Assignment channelName="ECU X" direction="X" channelNumber="1" sensorLocation="ax_highG_rd" />
      <Assignment channelName="ECU Y" direction="Y" channelNumber="5" sensorLocation="ay_highG_rd" />
      <Assignment channelName="ECUY_lowg" direction="Y" channelNumber="6" sensorLocation="ay_lowG" />
      <Assignment channelName="ECUZ_lowg" direction="Z" channelNumber="7" sensorLocation="az_lowG" />
      <Assignment channelName="Rollrate X" direction="X" channelNumber="3" sensorLocation="rateX" />
      <Assignment channelName="UFS X" direction="X" channelNumber="4" sensorLocation="UFSD" />
      <Assignment channelName="UFS X" direction="X" channelNumber="4" sensorLocation="UFSP" />
      <Assignment channelName="PASL Y" direction="Y" channelNumber="8" sensorLocation="PASFD" />
      <Assignment channelName="PASR Y" direction="Y" channelNumber="9" sensorLocation="PASFP" />
      <Assignment channelName="PASR Y" direction="Y" channelNumber="9" sensorLocation="PASMP" />
      <Assignment channelName="PASL Y" direction="Y" channelNumber="8" sensorLocation="PASMD" />
      <Assignment channelName="PPSL" direction="0" channelNumber="11" sensorLocation="PPSFD" />
      <Assignment channelName="PPSR" direction="0" channelNumber="12" sensorLocation="PPSFP" />
      <Assignment channelName="UFS X" direction="X" channelNumber="4" sensorLocation="UFSC" />
      <Assignment channelName="ZERO-Emulation" direction="" channelNumber="-1" sensorLocation="PASRC" />
    </crash>
    <crash crashcode="Multi_EDR_RearNAD_SideD_AD_FrtAD_SideP_ND_RollAD;1" crashversion="2023-09-29 06:36:53" assignmentComment="">
      <Assignment channelName="ECU X" direction="X" channelNumber="1" sensorLocation="ax_highG" />
      <Assignment channelName="ECU Y" direction="Y" channelNumber="8" sensorLocation="ay_highG" />
      <Assignment channelName="ECU X" direction="X" channelNumber="1" sensorLocation="ax_highG_rd" />
      <Assignment channelName="ECU Y" direction="Y" channelNumber="8" sensorLocation="ay_highG_rd" />
      <Assignment channelName="ECUY_lowg" direction="Y" channelNumber="9" sensorLocation="ay_lowG" />
      <Assignment channelName="ECUZ_lowg" direction="Z" channelNumber="10" sensorLocation="az_lowG" />
      <Assignment channelName="Rollrate X" direction="X" channelNumber="6" sensorLocation="rateX" />
      <Assignment channelName="ZERO-Emulation" direction="" channelNumber="-1" sensorLocation="az_midG" />
      <Assignment channelName="ZERO-Emulation" direction="" channelNumber="-1" sensorLocation="ax_midG" />
      <Assignment channelName="ZERO-Emulation" direction="" channelNumber="-1" sensorLocation="ay_midG" />
      <Assignment channelName="ZERO-Emulation" direction="" channelNumber="-1" sensorLocation="ax_lowG" />
      <Assignment channelName="ZERO-Emulation" direction="" channelNumber="-1" sensorLocation="rateZ" />
      <Assignment channelName="ZERO-Emulation" direction="" channelNumber="-1" sensorLocation="inertial_valid" />
      <Assignment channelName="ZERO-Emulation" direction="" channelNumber="-1" sensorLocation="REF_DIS_X" />
      <Assignment channelName="ZERO-Emulation" direction="" channelNumber="-1" sensorLocation="REF_VEL_X" />
      <Assignment channelName="ZERO-Emulation" direction="" channelNumber="-1" sensorLocation="REF_ACC_X" />
      <Assignment channelName="ZERO-Emulation" direction="" channelNumber="-1" sensorLocation="REF_ACC_Y" />
      <Assignment channelName="ZERO-Emulation" direction="" channelNumber="-1" sensorLocation="REF_ACC_Z" />
      <Assignment channelName="ZERO-Emulation" direction="" channelNumber="-1" sensorLocation="REF_ANG_X" />
      <Assignment channelName="ZERO-Emulation" direction="" channelNumber="-1" sensorLocation="REF_RAT_X" />
      <Assignment channelName="ZERO-Emulation" direction="" channelNumber="-1" sensorLocation="REF_ANG_Y" />
      <Assignment channelName="ZERO-Emulation" direction="" channelNumber="-1" sensorLocation="REF_RAT_Y" />
      <Assignment channelName="UFS X" direction="X" channelNumber="7" sensorLocation="UFSD" />
      <Assignment channelName="UFS X" direction="X" channelNumber="7" sensorLocation="UFSC" />
      <Assignment channelName="UFS X" direction="X" channelNumber="7" sensorLocation="UFSP" />
      <Assignment channelName="PASL Y" direction="Y" channelNumber="11" sensorLocation="PASFD" />
      <Assignment channelName="PASR Y" direction="Y" channelNumber="12" sensorLocation="PASFP" />
      <Assignment channelName="PASL Y" direction="Y" channelNumber="11" sensorLocation="PASMD" />
      <Assignment channelName="PASR Y" direction="Y" channelNumber="12" sensorLocation="PASMP" />
      <Assignment channelName="PPSL" direction="0" channelNumber="3" sensorLocation="PPSFD" />
      <Assignment channelName="PPSR" direction="0" channelNumber="4" sensorLocation="PPSFP" />
      <Assignment channelName="ZERO-Emulation" direction="" channelNumber="-1" sensorLocation="PASRC" />
    </crash>
    <crash crashcode="Multi_EDR_Frt_ND_Rear_NAD_Roll_AD_SideD_ND_Frt_AD" crashversion="2016-10-07 11:36:13" assignmentComment="">
      <Assignment channelName="ZERO-Emulation" direction="" channelNumber="-1" sensorLocation="REF_DIS_X" />
      <Assignment channelName="ZERO-Emulation" direction="" channelNumber="-1" sensorLocation="REF_VEL_X" />
      <Assignment channelName="ZERO-Emulation" direction="" channelNumber="-1" sensorLocation="REF_ACC_X" />
      <Assignment channelName="ZERO-Emulation" direction="" channelNumber="-1" sensorLocation="REF_ACC_Y" />
      <Assignment channelName="ZERO-Emulation" direction="" channelNumber="-1" sensorLocation="REF_ACC_Z" />
      <Assignment channelName="ZERO-Emulation" direction="" channelNumber="-1" sensorLocation="REF_ANG_X" />
      <Assignment channelName="ZERO-Emulation" direction="" channelNumber="-1" sensorLocation="REF_RAT_X" />
      <Assignment channelName="ZERO-Emulation" direction="" channelNumber="-1" sensorLocation="REF_ANG_Y" />
      <Assignment channelName="ZERO-Emulation" direction="" channelNumber="-1" sensorLocation="REF_RAT_Y" />
      <Assignment channelName="ECU X" direction="X" channelNumber="1" sensorLocation="ax_highG" />
      <Assignment channelName="ECU Y" direction="Y" channelNumber="5" sensorLocation="ay_highG" />
      <Assignment channelName="ECU X" direction="X" channelNumber="1" sensorLocation="ax_highG_rd" />
      <Assignment channelName="ECU Y" direction="Y" channelNumber="5" sensorLocation="ay_highG_rd" />
      <Assignment channelName="ECUY_lowg" direction="Y" channelNumber="6" sensorLocation="ay_lowG" />
      <Assignment channelName="ECUZ_lowg" direction="Z" channelNumber="7" sensorLocation="az_lowG" />
      <Assignment channelName="ZERO-Emulation" direction="" channelNumber="-1" sensorLocation="az_midG" />
      <Assignment channelName="ZERO-Emulation" direction="" channelNumber="-1" sensorLocation="ax_midG" />
      <Assignment channelName="ZERO-Emulation" direction="" channelNumber="-1" sensorLocation="ay_midG" />
      <Assignment channelName="ZERO-Emulation" direction="" channelNumber="-1" sensorLocation="ax_lowG" />
      <Assignment channelName="ZERO-Emulation" direction="" channelNumber="-1" sensorLocation="rateZ" />
      <Assignment channelName="ZERO-Emulation" direction="" channelNumber="-1" sensorLocation="inertial_valid" />
      <Assignment channelName="Rollrate X" direction="X" channelNumber="3" sensorLocation="rateX" />
      <Assignment channelName="UFS X" direction="X" channelNumber="4" sensorLocation="UFSD" />
      <Assignment channelName="UFS X" direction="X" channelNumber="4" sensorLocation="UFSP" />
      <Assignment channelName="PASL Y" direction="Y" channelNumber="8" sensorLocation="PASFD" />
      <Assignment channelName="PASR Y" direction="Y" channelNumber="9" sensorLocation="PASFP" />
      <Assignment channelName="PASR Y" direction="Y" channelNumber="9" sensorLocation="PASMP" />
      <Assignment channelName="PASL Y" direction="Y" channelNumber="8" sensorLocation="PASMD" />
      <Assignment channelName="PPSL" direction="0" channelNumber="11" sensorLocation="PPSFD" />
      <Assignment channelName="PPSR" direction="0" channelNumber="12" sensorLocation="PPSFP" />
      <Assignment channelName="UFS X" direction="X" channelNumber="4" sensorLocation="UFSC" />
      <Assignment channelName="ZERO-Emulation" direction="" channelNumber="-1" sensorLocation="PASRC" />
    </crash>
  </Assignments>
</AssignmentList>
