<?xml version="1.0"?>
<CrashSetDescription xmlns:xsd="http://www.w3.org/2001/XMLSchema" xmlns:xsi="http://www.w3.org/2001/XMLSchema-instance">
  <Info />
  <CrashSet name="J30X_SRT_Crashset">
    <crash crashcode="Multi_EDR_RearNAD_SideD_ND_SideD_AD_FrtAD_SideP_ND" crashversion="2016-10-07 11:39:15" assignmentComment="" />
    <crash crashcode="Multi_Front_Front_20190918" crashversion="2019-09-18 03:30:18" assignmentComment="" />
    <crash crashcode="Multi_Sideleft_sideleft_20190918" crashversion="2019-09-18 03:44:39" assignmentComment="" />
    <crash crashcode="Multi_FrontAD_SideRightNoise;4" crashversion="2023-02-08 03:31:34" assignmentComment="" />
    <crash crashcode="Single_EDR_China_Front_ND_BoschCurve" crashversion="2019-08-22 11:09:05" assignmentComment="" />
    <crash crashcode="CATARC_Test_Front_Autarky_20190520_Regulation" crashversion="2019-05-22 06:56:44" assignmentComment="" />
    <crash crashcode="CATARC_Test_Front_Deploy_DV25KPH_20200303" crashversion="2020-03-03 08:53:49" assignmentComment="" />
    <crash crashcode="CATARC_Test_Front_Deploy_20190520_Regulation" crashversion="2019-05-22 06:57:44" assignmentComment="" />
    <crash crashcode="Single_AB12_EDR_Front_Inflatable_after_32767ms" crashversion="2023-02-24 11:25:35" assignmentComment="" />
    <query />
  </CrashSet>
</CrashSetDescription>
