<?xml version="1.0"?>
<CrashSetDescription xmlns:xsd="http://www.w3.org/2001/XMLSchema" xmlns:xsi="http://www.w3.org/2001/XMLSchema-instance">
  <Info />
  <CrashSet name="J34H_CO_Crashset">
    <crash crashcode="Single_EDR_Front_Inflatable;5" crashversion="2016-09-08 13:24:42" assignmentComment="" />
    <crash crashcode="J1000G155_45_Multi11;17" crashversion="2020-03-18 15:31:26" assignmentComment="Front" />
    <crash crashcode="Single_CO_SideLeft_AD_270ms-after-T0;1" crashversion="2024-02-01 10:13:20" assignmentComment="" />
    <crash crashcode="Multi_FrontAD_5s_SideRightAD" crashversion="2015-10-06 11:56:28" assignmentComment="CL782" />
    <crash crashcode="Multi_FrontAD_5s_SideRightAD" crashversion="2015-10-06 11:56:28" assignmentComment="CL783" />
    <crash crashcode="Multi_CO_SideLeftAD_FrontAD" crashversion="2024-02-05 06:18:22" assignmentComment="" />
    <query />
  </CrashSet>
</CrashSetDescription>
