<?xml version="1.0"?>
<CrashSetDescription xmlns:xsd="http://www.w3.org/2001/XMLSchema" xmlns:xsi="http://www.w3.org/2001/XMLSchema-instance">
  <Info />
  <CrashSet name="J34H_SDP_Crashset">
    <crash crashcode="Mazda_SDP_EDR_Testing;2" crashversion="2023-10-27 10:28:12" assignmentComment="SDP_Fr_ECUX" />
    <crash crashcode="Mazda_SDP_EDR_Testing;2" crashversion="2023-10-27 10:28:12" assignmentComment="SDP_Re_ECUX" />
    <crash crashcode="Mazda_SDP_EDR_Testing;2" crashversion="2023-10-27 10:28:12" assignmentComment="SDP_Si_ECUY" />
    <crash crashcode="Mazda_SDP_EDR_Testing;2" crashversion="2023-10-27 10:28:12" assignmentComment="SDP_Si_PASFL" />
    <crash crashcode="Mazda_SDP_EDR_Testing;2" crashversion="2023-10-27 10:28:12" assignmentComment="SDP_Si_PASML" />
    <crash crashcode="Mazda_SDP_EDR_Testing;2" crashversion="2023-10-27 10:28:12" assignmentComment="SDP_Si_PASFR" />
    <crash crashcode="Mazda_SDP_EDR_Testing;2" crashversion="2023-10-27 10:28:12" assignmentComment="SDP_Si_PASMR" />
    <crash crashcode="Mazda_SDP_EDR_Testing;2" crashversion="2023-10-27 10:28:12" assignmentComment="SDP_Si_PPSL" />
    <crash crashcode="Mazda_SDP_EDR_Testing;2" crashversion="2023-10-27 10:28:12" assignmentComment="SDP_Si_PPSR" />
    <crash crashcode="Mazda_SDP_Roll_EDR_Testing" crashversion="2021-06-24 09:05:25" assignmentComment="SDP_Ro_Rollrate" />
    <query />
  </CrashSet>
</CrashSetDescription>
