<?xml version="1.0"?>
<CrashSetProperty xmlns:xsd="http://www.w3.org/2001/XMLSchema" xmlns:xsi="http://www.w3.org/2001/XMLSchema-instance">
  <CrashSet name="J34H_CO_Crashset">
    <crash assignmentComment="" crashcode="Single_EDR_Front_Inflatable;5" crashversion="2016-09-08 13:24:42">
      <properties ampMax="1.2" ampMin="1.2" ampStep="0" ampVarFlag="true" color="Green" endTime="199.6" fftMax="199.6" fftMin="0" lineStyle="Solid" lineWidth="Hairline" startTime="0" />
    </crash>
    <crash assignmentComment="Front" crashcode="J1000G155_45_Multi11;17" crashversion="2020-03-18 15:31:26">
      <properties ampMax="1.2" ampMin="1.2" ampStep="0" ampVarFlag="true" color="Green" endTime="0" fftMax="1000.1" fftMin="0" lineStyle="Solid" lineWidth="Hairline" startTime="0" />
    </crash>
    <crash assignmentComment="" crashcode="Single_CO_SideLeft_AD_270ms-after-T0;1" crashversion="2024-02-01 10:13:20">
      <properties ampMax="1.2" ampMin="1.2" ampStep="0" ampVarFlag="true" color="Green" endTime="0" fftMax="479.7" fftMin="0" lineStyle="Solid" lineWidth="Hairline" startTime="0" />
    </crash>
    <crash assignmentComment="CL782" crashcode="Multi_FrontAD_5s_SideRightAD" crashversion="2015-10-06 11:56:28">
      <properties ampMax="0.8" ampMin="0.8" ampStep="0" ampVarFlag="true" color="Red" endTime="0" fftMax="5399.6" fftMin="0" lineStyle="Solid" lineWidth="Hairline" startTime="0" />
    </crash>
    <crash assignmentComment="CL783" crashcode="Multi_FrontAD_5s_SideRightAD" crashversion="2015-10-06 11:56:28">
      <properties ampMax="0.8" ampMin="0.8" ampStep="0" ampVarFlag="true" color="Red" endTime="0" fftMax="5399.6" fftMin="0" lineStyle="Solid" lineWidth="Hairline" startTime="0" />
    </crash>
    <crash assignmentComment="" crashcode="Multi_CO_SideLeftAD_FrontAD" crashversion="2024-02-05 06:18:22">
      <properties ampMax="1.6" ampMin="1.6" ampStep="0" ampVarFlag="true" color="Blue" endTime="0" fftMax="2500.1" fftMin="0" lineStyle="Solid" lineWidth="Hairline" startTime="0" />
    </crash>
  </CrashSet>
</CrashSetProperty>
