<?xml version="1.0"?>
<AssignmentList xmlns:xsd="http://www.w3.org/2001/XMLSchema" xmlns:xsi="http://www.w3.org/2001/XMLSchema-instance">
  <Info />
  <Assignments>
    <crash crashcode="Single_EDR_Front_Inflatable;5" crashversion="2016-09-08 13:24:42" assignmentComment="">
      <Assignment channelName="ZERO-Emulation" direction="" channelNumber="-1" sensorLocation="REF_DIS_X" />
      <Assignment channelName="ZERO-Emulation" direction="" channelNumber="-1" sensorLocation="REF_VEL_X" />
      <Assignment channelName="ZERO-Emulation" direction="" channelNumber="-1" sensorLocation="REF_ACC_X" />
      <Assignment channelName="ZERO-Emulation" direction="" channelNumber="-1" sensorLocation="REF_ACC_Y" />
      <Assignment channelName="ZERO-Emulation" direction="" channelNumber="-1" sensorLocation="REF_ACC_Z" />
      <Assignment channelName="ZERO-Emulation" direction="" channelNumber="-1" sensorLocation="REF_ANG_X" />
      <Assignment channelName="ZERO-Emulation" direction="" channelNumber="-1" sensorLocation="REF_RAT_X" />
      <Assignment channelName="ZERO-Emulation" direction="" channelNumber="-1" sensorLocation="REF_ANG_Y" />
      <Assignment channelName="ZERO-Emulation" direction="" channelNumber="-1" sensorLocation="REF_RAT_Y" />
      <Assignment channelName="ECU X" direction="X" channelNumber="1" sensorLocation="ax_highG_rd" />
      <Assignment channelName="ECUY_lowg" direction="Y" channelNumber="6" sensorLocation="ay_lowG" />
      <Assignment channelName="ECUZ_lowg" direction="Z" channelNumber="7" sensorLocation="az_lowG" />
      <Assignment channelName="ECU Y" direction="Y" channelNumber="5" sensorLocation="ay_highG_rd" />
      <Assignment channelName="ECUZ_lowg" direction="Z" channelNumber="7" sensorLocation="az_midG" />
      <Assignment channelName="Rollrate X" direction="X" channelNumber="3" sensorLocation="rateX" />
      <Assignment channelName="ZERO-Emulation" direction="" channelNumber="-1" sensorLocation="ay_midG" />
      <Assignment channelName="ZERO-Emulation" direction="" channelNumber="-1" sensorLocation="ax_midG" />
      <Assignment channelName="ZERO-Emulation" direction="" channelNumber="-1" sensorLocation="inertial_valid" />
      <Assignment channelName="ZERO-Emulation" direction="" channelNumber="-1" sensorLocation="rateZ" />
      <Assignment channelName="ZERO-Emulation" direction="" channelNumber="-1" sensorLocation="ax_lowG" />
      <Assignment channelName="ECU X" direction="X" channelNumber="1" sensorLocation="ax_highG" />
      <Assignment channelName="ECU Y" direction="Y" channelNumber="5" sensorLocation="ay_highG" />
      <Assignment channelName="UFS X" direction="X" channelNumber="4" sensorLocation="UFSD" />
      <Assignment channelName="UFS X" direction="X" channelNumber="4" sensorLocation="UFSP" />
      <Assignment channelName="PASL Y" direction="Y" channelNumber="8" sensorLocation="PASFD" />
      <Assignment channelName="PASR Y" direction="Y" channelNumber="9" sensorLocation="PASFP" />
      <Assignment channelName="PASR Y" direction="Y" channelNumber="9" sensorLocation="PASMP" />
      <Assignment channelName="PASL Y" direction="Y" channelNumber="8" sensorLocation="PASMD" />
      <Assignment channelName="PPSL" direction="0" channelNumber="11" sensorLocation="PPSFD" />
      <Assignment channelName="PPSR" direction="0" channelNumber="12" sensorLocation="PPSFP" />
      <Assignment channelName="UFS X" direction="X" channelNumber="4" sensorLocation="UFSC" />
      <Assignment channelName="ZERO-Emulation" direction="" channelNumber="-1" sensorLocation="PASRC" />
    </crash>
    <crash crashcode="J1000G155_45_Multi11;17" crashversion="2020-03-18 15:31:26" assignmentComment="Front">
      <Assignment channelName="ZERO-Emulation" direction="" channelNumber="-1" sensorLocation="REF_DIS_X" />
      <Assignment channelName="ZERO-Emulation" direction="" channelNumber="-1" sensorLocation="REF_VEL_X" />
      <Assignment channelName="ZERO-Emulation" direction="" channelNumber="-1" sensorLocation="REF_ACC_X" />
      <Assignment channelName="ZERO-Emulation" direction="" channelNumber="-1" sensorLocation="REF_ACC_Y" />
      <Assignment channelName="ZERO-Emulation" direction="" channelNumber="-1" sensorLocation="REF_ACC_Z" />
      <Assignment channelName="ZERO-Emulation" direction="" channelNumber="-1" sensorLocation="REF_ANG_X" />
      <Assignment channelName="ZERO-Emulation" direction="" channelNumber="-1" sensorLocation="REF_RAT_X" />
      <Assignment channelName="ZERO-Emulation" direction="" channelNumber="-1" sensorLocation="REF_ANG_Y" />
      <Assignment channelName="ZERO-Emulation" direction="" channelNumber="-1" sensorLocation="REF_RAT_Y" />
      <Assignment channelName="ZERO-Emulation" direction="" channelNumber="-1" sensorLocation="ay_highG_rd" />
      <Assignment channelName="ZERO-Emulation" direction="" channelNumber="-1" sensorLocation="az_midG" />
      <Assignment channelName="ZERO-Emulation" direction="" channelNumber="-1" sensorLocation="ax_midG" />
      <Assignment channelName="ZERO-Emulation" direction="" channelNumber="-1" sensorLocation="ay_midG" />
      <Assignment channelName="ZERO-Emulation" direction="" channelNumber="-1" sensorLocation="ax_lowG" />
      <Assignment channelName="ZERO-Emulation" direction="" channelNumber="-1" sensorLocation="ay_lowG" />
      <Assignment channelName="ZERO-Emulation" direction="" channelNumber="-1" sensorLocation="az_lowG" />
      <Assignment channelName="ZERO-Emulation" direction="" channelNumber="-1" sensorLocation="rateX" />
      <Assignment channelName="ZERO-Emulation" direction="" channelNumber="-1" sensorLocation="rateZ" />
      <Assignment channelName="ZERO-Emulation" direction="" channelNumber="-1" sensorLocation="inertial_valid" />
      <Assignment channelName="tunnel_negative" direction="X" channelNumber="9" sensorLocation="ax_highG" />
      <Assignment channelName="tunnel_negative" direction="X" channelNumber="9" sensorLocation="ax_highG_rd" />
      <Assignment channelName="ZERO-Emulation" direction="" channelNumber="-1" sensorLocation="ay_highG" />
      <Assignment channelName="tunnel_negative" direction="X" channelNumber="9" sensorLocation="UFSD" />
      <Assignment channelName="tunnel_negative" direction="X" channelNumber="9" sensorLocation="UFSP" />
      <Assignment channelName="ZERO-Emulation" direction="" channelNumber="-1" sensorLocation="PASFD" />
      <Assignment channelName="ZERO-Emulation" direction="" channelNumber="-1" sensorLocation="PASFP" />
      <Assignment channelName="ZERO-Emulation" direction="" channelNumber="-1" sensorLocation="PASMP" />
      <Assignment channelName="ZERO-Emulation" direction="" channelNumber="-1" sensorLocation="PASMD" />
      <Assignment channelName="ZERO-Emulation" direction="" channelNumber="-1" sensorLocation="PPSFD" />
      <Assignment channelName="ZERO-Emulation" direction="" channelNumber="-1" sensorLocation="PPSFP" />
      <Assignment channelName="tunnel_negative" direction="X" channelNumber="9" sensorLocation="UFSC" />
      <Assignment channelName="ZERO-Emulation" direction="" channelNumber="-1" sensorLocation="PASRC" />
    </crash>
    <crash crashcode="Single_CO_SideLeft_AD_270ms-after-T0;1" crashversion="2024-02-01 10:13:20" assignmentComment="">
      <Assignment channelName="ZERO-Emulation" direction="" channelNumber="-1" sensorLocation="ax_highG_rd" />
      <Assignment channelName="ZERO-Emulation" direction="" channelNumber="-1" sensorLocation="ay_highG_rd" />
      <Assignment channelName="ZERO-Emulation" direction="" channelNumber="-1" sensorLocation="az_midG" />
      <Assignment channelName="ZERO-Emulation" direction="" channelNumber="-1" sensorLocation="ax_midG" />
      <Assignment channelName="ZERO-Emulation" direction="" channelNumber="-1" sensorLocation="ay_midG" />
      <Assignment channelName="ZERO-Emulation" direction="" channelNumber="-1" sensorLocation="ax_lowG" />
      <Assignment channelName="ZERO-Emulation" direction="" channelNumber="-1" sensorLocation="ay_lowG" />
      <Assignment channelName="ZERO-Emulation" direction="" channelNumber="-1" sensorLocation="az_lowG" />
      <Assignment channelName="ZERO-Emulation" direction="" channelNumber="-1" sensorLocation="rateX" />
      <Assignment channelName="ZERO-Emulation" direction="" channelNumber="-1" sensorLocation="rateZ" />
      <Assignment channelName="ZERO-Emulation" direction="" channelNumber="-1" sensorLocation="inertial_valid" />
      <Assignment channelName="ZERO-Emulation" direction="" channelNumber="-1" sensorLocation="REF_DIS_X" />
      <Assignment channelName="ZERO-Emulation" direction="" channelNumber="-1" sensorLocation="REF_VEL_X" />
      <Assignment channelName="ZERO-Emulation" direction="" channelNumber="-1" sensorLocation="REF_ACC_X" />
      <Assignment channelName="ZERO-Emulation" direction="" channelNumber="-1" sensorLocation="REF_ACC_Y" />
      <Assignment channelName="ZERO-Emulation" direction="" channelNumber="-1" sensorLocation="REF_ACC_Z" />
      <Assignment channelName="ZERO-Emulation" direction="" channelNumber="-1" sensorLocation="REF_ANG_X" />
      <Assignment channelName="ZERO-Emulation" direction="" channelNumber="-1" sensorLocation="REF_RAT_X" />
      <Assignment channelName="ZERO-Emulation" direction="" channelNumber="-1" sensorLocation="REF_ANG_Y" />
      <Assignment channelName="ZERO-Emulation" direction="" channelNumber="-1" sensorLocation="REF_RAT_Y" />
      <Assignment channelName="ECU X" direction="X" channelNumber="1" sensorLocation="ax_highG" />
      <Assignment channelName="ECU Y" direction="Y" channelNumber="8" sensorLocation="ay_highG" />
      <Assignment channelName="ZERO-Emulation" direction="" channelNumber="-1" sensorLocation="UFSD" />
      <Assignment channelName="ZERO-Emulation" direction="" channelNumber="-1" sensorLocation="UFSP" />
      <Assignment channelName="PASFL Y" direction="Y" channelNumber="11" sensorLocation="PASFD" />
      <Assignment channelName="PASFR Y" direction="Y" channelNumber="12" sensorLocation="PASFP" />
      <Assignment channelName="PASML Y" direction="Y" channelNumber="2" sensorLocation="PASMD" />
      <Assignment channelName="PASMR Y" direction="Y" channelNumber="3" sensorLocation="PASMP" />
      <Assignment channelName="PPSFL" direction="0" channelNumber="4" sensorLocation="PPSFD" />
      <Assignment channelName="PPSFR" direction="0" channelNumber="5" sensorLocation="PPSFP" />
      <Assignment channelName="ZERO-Emulation" direction="" channelNumber="-1" sensorLocation="UFSC" />
      <Assignment channelName="ZERO-Emulation" direction="" channelNumber="-1" sensorLocation="PASRC" />
    </crash>
    <crash crashcode="Multi_FrontAD_5s_SideRightAD" crashversion="2015-10-06 11:56:28" assignmentComment="CL782">
      <Assignment channelName="ZERO-Emulation" direction="" channelNumber="-1" sensorLocation="ax_highG_rd" />
      <Assignment channelName="ZERO-Emulation" direction="" channelNumber="-1" sensorLocation="ay_highG_rd" />
      <Assignment channelName="ZERO-Emulation" direction="" channelNumber="-1" sensorLocation="az_midG" />
      <Assignment channelName="ZERO-Emulation" direction="" channelNumber="-1" sensorLocation="ax_midG" />
      <Assignment channelName="ZERO-Emulation" direction="" channelNumber="-1" sensorLocation="ay_midG" />
      <Assignment channelName="ZERO-Emulation" direction="" channelNumber="-1" sensorLocation="ax_lowG" />
      <Assignment channelName="ZERO-Emulation" direction="" channelNumber="-1" sensorLocation="ay_lowG" />
      <Assignment channelName="ZERO-Emulation" direction="" channelNumber="-1" sensorLocation="az_lowG" />
      <Assignment channelName="ZERO-Emulation" direction="" channelNumber="-1" sensorLocation="rateX" />
      <Assignment channelName="ZERO-Emulation" direction="" channelNumber="-1" sensorLocation="rateZ" />
      <Assignment channelName="ZERO-Emulation" direction="" channelNumber="-1" sensorLocation="inertial_valid" />
      <Assignment channelName="ZERO-Emulation" direction="" channelNumber="-1" sensorLocation="REF_DIS_X" />
      <Assignment channelName="ZERO-Emulation" direction="" channelNumber="-1" sensorLocation="REF_VEL_X" />
      <Assignment channelName="ZERO-Emulation" direction="" channelNumber="-1" sensorLocation="REF_ACC_X" />
      <Assignment channelName="ZERO-Emulation" direction="" channelNumber="-1" sensorLocation="REF_ACC_Y" />
      <Assignment channelName="ZERO-Emulation" direction="" channelNumber="-1" sensorLocation="REF_ACC_Z" />
      <Assignment channelName="ZERO-Emulation" direction="" channelNumber="-1" sensorLocation="REF_ANG_X" />
      <Assignment channelName="ZERO-Emulation" direction="" channelNumber="-1" sensorLocation="REF_RAT_X" />
      <Assignment channelName="ZERO-Emulation" direction="" channelNumber="-1" sensorLocation="REF_ANG_Y" />
      <Assignment channelName="ZERO-Emulation" direction="" channelNumber="-1" sensorLocation="REF_RAT_Y" />
      <Assignment channelName="ECUX_1" direction="X" channelNumber="1" sensorLocation="ax_highG" />
      <Assignment channelName="ECUY_1" direction="Y" channelNumber="2" sensorLocation="ay_highG" />
      <Assignment channelName="UFSL" direction="X" channelNumber="8" sensorLocation="UFSD" />
      <Assignment channelName="UFSR" direction="X" channelNumber="9" sensorLocation="UFSP" />
      <Assignment channelName="PASFL" direction="Y" channelNumber="10" sensorLocation="PASFD" />
      <Assignment channelName="PASFR" direction="Y" channelNumber="11" sensorLocation="PASFP" />
      <Assignment channelName="ZERO-Emulation" direction="" channelNumber="-1" sensorLocation="PASMD" />
      <Assignment channelName="ZERO-Emulation" direction="" channelNumber="-1" sensorLocation="PASMP" />
      <Assignment channelName="ZERO-Emulation" direction="" channelNumber="-1" sensorLocation="PPSFD" />
      <Assignment channelName="ZERO-Emulation" direction="" channelNumber="-1" sensorLocation="PPSFP" />
      <Assignment channelName="ZERO-Emulation" direction="" channelNumber="-1" sensorLocation="UFSC" />
      <Assignment channelName="ZERO-Emulation" direction="" channelNumber="-1" sensorLocation="PASRC" />
    </crash>
    <crash crashcode="Multi_FrontAD_5s_SideRightAD" crashversion="2015-10-06 11:56:28" assignmentComment="CL783">
      <Assignment channelName="ECUX_1" direction="X" channelNumber="1" sensorLocation="ax_highG" />
      <Assignment channelName="ECUY_1" direction="Y" channelNumber="2" sensorLocation="ay_highG" />
      <Assignment channelName="ZERO-Emulation" direction="" channelNumber="-1" sensorLocation="ax_highG_rd" />
      <Assignment channelName="ZERO-Emulation" direction="" channelNumber="-1" sensorLocation="ay_highG_rd" />
      <Assignment channelName="ZERO-Emulation" direction="" channelNumber="-1" sensorLocation="az_midG" />
      <Assignment channelName="ZERO-Emulation" direction="" channelNumber="-1" sensorLocation="ax_midG" />
      <Assignment channelName="ZERO-Emulation" direction="" channelNumber="-1" sensorLocation="ay_midG" />
      <Assignment channelName="ZERO-Emulation" direction="" channelNumber="-1" sensorLocation="ax_lowG" />
      <Assignment channelName="ZERO-Emulation" direction="" channelNumber="-1" sensorLocation="ay_lowG" />
      <Assignment channelName="ZERO-Emulation" direction="" channelNumber="-1" sensorLocation="az_lowG" />
      <Assignment channelName="ZERO-Emulation" direction="" channelNumber="-1" sensorLocation="rateX" />
      <Assignment channelName="ZERO-Emulation" direction="" channelNumber="-1" sensorLocation="rateZ" />
      <Assignment channelName="ZERO-Emulation" direction="" channelNumber="-1" sensorLocation="inertial_valid" />
      <Assignment channelName="ZERO-Emulation" direction="" channelNumber="-1" sensorLocation="REF_DIS_X" />
      <Assignment channelName="ZERO-Emulation" direction="" channelNumber="-1" sensorLocation="REF_VEL_X" />
      <Assignment channelName="ZERO-Emulation" direction="" channelNumber="-1" sensorLocation="REF_ACC_X" />
      <Assignment channelName="ZERO-Emulation" direction="" channelNumber="-1" sensorLocation="REF_ACC_Y" />
      <Assignment channelName="ZERO-Emulation" direction="" channelNumber="-1" sensorLocation="REF_ACC_Z" />
      <Assignment channelName="ZERO-Emulation" direction="" channelNumber="-1" sensorLocation="REF_ANG_X" />
      <Assignment channelName="ZERO-Emulation" direction="" channelNumber="-1" sensorLocation="REF_RAT_X" />
      <Assignment channelName="ZERO-Emulation" direction="" channelNumber="-1" sensorLocation="REF_ANG_Y" />
      <Assignment channelName="ZERO-Emulation" direction="" channelNumber="-1" sensorLocation="REF_RAT_Y" />
      <Assignment channelName="UFSL" direction="X" channelNumber="8" sensorLocation="UFSD" />
      <Assignment channelName="UFSR" direction="X" channelNumber="9" sensorLocation="UFSP" />
      <Assignment channelName="PASFL" direction="Y" channelNumber="10" sensorLocation="PASFD" />
      <Assignment channelName="PASFR" direction="Y" channelNumber="11" sensorLocation="PASFP" />
      <Assignment channelName="ZERO-Emulation" direction="" channelNumber="-1" sensorLocation="PASMD" />
      <Assignment channelName="ZERO-Emulation" direction="" channelNumber="-1" sensorLocation="PASMP" />
      <Assignment channelName="ZERO-Emulation" direction="" channelNumber="-1" sensorLocation="PPSFD" />
      <Assignment channelName="ZERO-Emulation" direction="" channelNumber="-1" sensorLocation="PPSFP" />
      <Assignment channelName="ZERO-Emulation" direction="" channelNumber="-1" sensorLocation="UFSC" />
      <Assignment channelName="ZERO-Emulation" direction="" channelNumber="-1" sensorLocation="PASRC" />
    </crash>
    <crash crashcode="Multi_CO_SideLeftAD_FrontAD" crashversion="2024-02-05 06:18:22" assignmentComment="">
      <Assignment channelName="ECU X" direction="X" channelNumber="1" sensorLocation="ax_highG" />
      <Assignment channelName="ECU Y" direction="Y" channelNumber="2" sensorLocation="ay_highG" />
      <Assignment channelName="ZERO-Emulation" direction="" channelNumber="-1" sensorLocation="ax_highG_rd" />
      <Assignment channelName="ZERO-Emulation" direction="" channelNumber="-1" sensorLocation="ay_highG_rd" />
      <Assignment channelName="ZERO-Emulation" direction="" channelNumber="-1" sensorLocation="az_midG" />
      <Assignment channelName="ZERO-Emulation" direction="" channelNumber="-1" sensorLocation="ax_midG" />
      <Assignment channelName="ZERO-Emulation" direction="" channelNumber="-1" sensorLocation="ay_midG" />
      <Assignment channelName="ZERO-Emulation" direction="" channelNumber="-1" sensorLocation="ax_lowG" />
      <Assignment channelName="ZERO-Emulation" direction="" channelNumber="-1" sensorLocation="ay_lowG" />
      <Assignment channelName="ZERO-Emulation" direction="" channelNumber="-1" sensorLocation="az_lowG" />
      <Assignment channelName="ZERO-Emulation" direction="" channelNumber="-1" sensorLocation="rateX" />
      <Assignment channelName="ZERO-Emulation" direction="" channelNumber="-1" sensorLocation="rateZ" />
      <Assignment channelName="ZERO-Emulation" direction="" channelNumber="-1" sensorLocation="inertial_valid" />
      <Assignment channelName="ZERO-Emulation" direction="" channelNumber="-1" sensorLocation="REF_DIS_X" />
      <Assignment channelName="ZERO-Emulation" direction="" channelNumber="-1" sensorLocation="REF_VEL_X" />
      <Assignment channelName="ZERO-Emulation" direction="" channelNumber="-1" sensorLocation="REF_ACC_X" />
      <Assignment channelName="ZERO-Emulation" direction="" channelNumber="-1" sensorLocation="REF_ACC_Y" />
      <Assignment channelName="ZERO-Emulation" direction="" channelNumber="-1" sensorLocation="REF_ACC_Z" />
      <Assignment channelName="ZERO-Emulation" direction="" channelNumber="-1" sensorLocation="REF_ANG_X" />
      <Assignment channelName="ZERO-Emulation" direction="" channelNumber="-1" sensorLocation="REF_RAT_X" />
      <Assignment channelName="ZERO-Emulation" direction="" channelNumber="-1" sensorLocation="REF_ANG_Y" />
      <Assignment channelName="ZERO-Emulation" direction="" channelNumber="-1" sensorLocation="REF_RAT_Y" />
      <Assignment channelName="UFS X" direction="X" channelNumber="14" sensorLocation="UFSD" />
      <Assignment channelName="UFS X" direction="X" channelNumber="14" sensorLocation="UFSP" />
      <Assignment channelName="PASFL Y" direction="Y" channelNumber="5" sensorLocation="PASFD" />
      <Assignment channelName="PASFR Y" direction="Y" channelNumber="6" sensorLocation="PASFP" />
      <Assignment channelName="PASML Y" direction="Y" channelNumber="7" sensorLocation="PASMD" />
      <Assignment channelName="PASMR Y" direction="Y" channelNumber="8" sensorLocation="PASMP" />
      <Assignment channelName="ZERO-Emulation" direction="" channelNumber="-1" sensorLocation="PPSFD" />
      <Assignment channelName="ZERO-Emulation" direction="" channelNumber="-1" sensorLocation="PPSFP" />
      <Assignment channelName="UFS X" direction="X" channelNumber="14" sensorLocation="UFSC" />
      <Assignment channelName="ZERO-Emulation" direction="" channelNumber="-1" sensorLocation="PASRC" />
    </crash>
  </Assignments>
</AssignmentList>
