<?xml version="1.0"?>
<CrashSetProperty xmlns:xsd="http://www.w3.org/2001/XMLSchema" xmlns:xsi="http://www.w3.org/2001/XMLSchema-instance">
  <CrashSet name="J59Z_Crashset_CA">
    <crash assignmentComment="" crashcode="Single_EDR_FrontAD_WithoutPrePostData" crashversion="2022-02-28 13:37:00">
      <properties ampMax="1" ampMin="1" ampStep="0" ampVarFlag="true" color="Black" endTime="0" fftMax="199.6" fftMin="0" lineStyle="Solid" lineWidth="Hairline" startTime="0" />
    </crash>
    <crash assignmentComment="" crashcode="Single_EDR_Rear_ND_25kph_150ms" crashversion="2022-06-23 14:51:35">
      <properties ampMax="1" ampMin="1" ampStep="0" ampVarFlag="true" color="Black" endTime="0" fftMax="199.6" fftMin="0" lineStyle="Solid" lineWidth="Hairline" startTime="0" />
    </crash>
    <crash assignmentComment="" crashcode="Single_EDR_Side_ND_25kph_150ms" crashversion="2022-06-29 16:07:23">
      <properties ampMax="1" ampMin="1" ampStep="0" ampVarFlag="true" color="Black" endTime="0" fftMax="199.6" fftMin="0" lineStyle="Solid" lineWidth="Hairline" startTime="0" />
    </crash>
    <crash assignmentComment="" crashcode="Single_EDR_Rollover_Inflatable;8" crashversion="2021-08-31 15:31:15">
      <properties ampMax="1" ampMin="1" ampStep="0" ampVarFlag="true" color="Black" endTime="0" fftMax="6650" fftMin="0" lineStyle="Solid" lineWidth="Hairline" startTime="0" />
    </crash>
    <crash assignmentComment="" crashcode="Single_EDR_RolloverAD_WithoutPrePostData" crashversion="2022-02-28 14:18:50">
      <properties ampMax="1" ampMin="1" ampStep="0" ampVarFlag="true" color="Black" endTime="0" fftMax="1000.1" fftMin="0" lineStyle="Solid" lineWidth="Hairline" startTime="0" />
    </crash>
    <crash assignmentComment="" crashcode="Single_EDR_HV2_DE;7" crashversion="2018-12-06 16:42:27">
      <properties ampMax="1" ampMin="1" ampStep="0" ampVarFlag="true" color="Black" endTime="0" fftMax="199.6" fftMin="0" lineStyle="Solid" lineWidth="Hairline" startTime="0" />
    </crash>
    <crash assignmentComment="" crashcode="Parallel_EDR_Side_ND_Front_Active_twice;8" crashversion="2022-10-04 13:48:06">
      <properties ampMax="1" ampMin="1" ampStep="0" ampVarFlag="true" color="Black" endTime="0" fftMax="500.1" fftMin="0" lineStyle="Solid" lineWidth="Hairline" startTime="0" />
    </crash>
    <crash assignmentComment="" crashcode="Parallel_EDR_Rollover_Inflate_Front_Inflate;8" crashversion="2021-08-31 15:36:19">
      <properties ampMax="1" ampMin="1" ampStep="0" ampVarFlag="true" color="Black" endTime="0" fftMax="6650" fftMin="0" lineStyle="Solid" lineWidth="Hairline" startTime="0" />
    </crash>
    <crash assignmentComment="" crashcode="Parallel_EDR_SoE_beforeFire_EoE_duringFire_RoSe;6" crashversion="2017-03-28 13:32:53">
      <properties ampMax="1" ampMin="1" ampStep="0" ampVarFlag="true" color="Black" endTime="0" fftMax="1440.1" fftMin="0" lineStyle="Solid" lineWidth="Hairline" startTime="0" />
    </crash>
    <crash assignmentComment="" crashcode="Parallel_EDR_Rollover_Inflate_Front_Inflate;6" crashversion="2020-04-08 16:00:10">
      <properties ampMax="1" ampMin="1" ampStep="0" ampVarFlag="true" color="Black" endTime="0" fftMax="1000" fftMin="0" lineStyle="Solid" lineWidth="Hairline" startTime="0" />
    </crash>
    <crash assignmentComment="" crashcode="Parallel_EDR_Pedestrian_AD_Rollover_ND;5" crashversion="2016-09-08 13:23:41">
      <properties ampMax="1" ampMin="1" ampStep="0" ampVarFlag="true" color="Black" endTime="0" fftMax="1300.1" fftMin="0" lineStyle="Solid" lineWidth="Hairline" startTime="0" />
    </crash>
    <crash assignmentComment="" crashcode="Parallel_EDR_Front_AD_Pedestrian_AD;5" crashversion="2016-09-08 13:20:25">
      <properties ampMax="1" ampMin="1" ampStep="0" ampVarFlag="true" color="Black" endTime="0" fftMax="249.6" fftMin="0" lineStyle="Solid" lineWidth="Hairline" startTime="0" />
    </crash>
    <crash assignmentComment="" crashcode="Parallel_EDR_DynRollAD_DynPitchAD;2" crashversion="2018-08-29 10:25:39">
      <properties ampMax="1" ampMin="1" ampStep="0" ampVarFlag="true" color="Black" endTime="0" fftMax="530.1" fftMin="0" lineStyle="Solid" lineWidth="Hairline" startTime="0" />
    </crash>
    <crash assignmentComment="" crashcode="Parallel_EDR_DynPitchAD_DynRollAD;1" crashversion="2018-08-29 10:27:40">
      <properties ampMax="1" ampMin="1" ampStep="0" ampVarFlag="true" color="Black" endTime="0" fftMax="450" fftMin="0" lineStyle="Solid" lineWidth="Hairline" startTime="0" />
    </crash>
    <crash assignmentComment="" crashcode="Parallel_EDR_FrontAD_DynPitchAD;1" crashversion="2018-02-28 10:29:56">
      <properties ampMax="1" ampMin="1" ampStep="0" ampVarFlag="true" color="Black" endTime="0" fftMax="1100.1" fftMin="0" lineStyle="Solid" lineWidth="Hairline" startTime="0" />
    </crash>
    <crash assignmentComment="" crashcode="Parallel_EDR_DynPitchAD_FrontAD;2" crashversion="2020-06-29 14:19:11">
      <properties ampMax="1" ampMin="1" ampStep="0" ampVarFlag="true" color="Black" endTime="0" fftMax="850.1" fftMin="0" lineStyle="Solid" lineWidth="Hairline" startTime="0" />
    </crash>
    <crash assignmentComment="" crashcode="Parallel_EDR_StaticRoll_DynRollAD_DynPitchAD;2" crashversion="2022-07-12 17:47:45">
      <properties ampMax="1" ampMin="1" ampStep="0" ampVarFlag="true" color="Black" endTime="0" fftMax="1200.1" fftMin="0" lineStyle="Solid" lineWidth="Hairline" startTime="0" />
    </crash>
    <crash assignmentComment="" crashcode="Parallel_EDR_RateSensorRange_RollPitch_Positive" crashversion="2019-07-30 16:32:14">
      <properties ampMax="1" ampMin="1" ampStep="0" ampVarFlag="true" color="Black" endTime="0" fftMax="6500.1" fftMin="0" lineStyle="Solid" lineWidth="Hairline" startTime="0" />
    </crash>
    <crash assignmentComment="" crashcode="Parallel_EDR_RateSensorRange_RollPitch_Negative" crashversion="2019-07-30 16:33:14">
      <properties ampMax="1" ampMin="1" ampStep="0" ampVarFlag="true" color="Black" endTime="0" fftMax="6500.1" fftMin="0" lineStyle="Solid" lineWidth="Hairline" startTime="0" />
    </crash>
    <crash assignmentComment="" crashcode="Parallel_EDR_Front_Noise_Rollover_AD" crashversion="2021-05-06 11:05:39">
      <properties ampMax="1" ampMin="1" ampStep="0" ampVarFlag="true" color="Black" endTime="0" fftMax="1000.1" fftMin="0" lineStyle="Solid" lineWidth="Hairline" startTime="0" />
    </crash>
    <crash assignmentComment="" crashcode="Parallel_EDR_PitchoverAD_Side_ND_YawRate;6" crashversion="2021-08-31 15:55:57">
      <properties ampMax="1" ampMin="1" ampStep="0" ampVarFlag="true" color="Black" endTime="0" fftMax="6500.1" fftMin="0" lineStyle="Solid" lineWidth="Hairline" startTime="0" />
    </crash>
    <crash assignmentComment="" crashcode="Multi_EDR_FrontND_After1100ms_SideND" crashversion="2022-03-07 14:38:54">
      <properties ampMax="1" ampMin="1" ampStep="0" ampVarFlag="true" color="Black" endTime="0" fftMax="1173.10001748055" fftMin="0" lineStyle="Solid" lineWidth="Hairline" startTime="0" />
    </crash>
    <crash assignmentComment="" crashcode="Multi_EDR_SideND_FrontAD_WithoutPrePostData" crashversion="2022-02-28 14:22:55">
      <properties ampMax="1" ampMin="1" ampStep="0" ampVarFlag="true" color="Black" endTime="0" fftMax="374.7" fftMin="0" lineStyle="Solid" lineWidth="Hairline" startTime="0" />
    </crash>
    <crash assignmentComment="" crashcode="Multi_EDR_Extended_Rollover_ND_Side_AD_Front_AD;9" crashversion="2022-11-18 14:22:52">
      <properties ampMax="1" ampMin="1" ampStep="0" ampVarFlag="true" color="Black" endTime="0" fftMax="1000.1" fftMin="0" lineStyle="Solid" lineWidth="Hairline" startTime="0" />
    </crash>
    <crash assignmentComment="" crashcode="Multi_EDR_Ext_Frt_ND_Rear_ND_Rolovr_AD_SideD_AD;6" crashversion="2021-08-31 13:12:17">
      <properties ampMax="1" ampMin="1" ampStep="0" ampVarFlag="true" color="Black" endTime="0" fftMax="9480.1" fftMin="0" lineStyle="Solid" lineWidth="Hairline" startTime="0" />
    </crash>
    <crash assignmentComment="" crashcode="Multi_EDR_Rear_AD_Front_Noise_Side_AD;6" crashversion="2022-11-23 16:32:08">
      <properties ampMax="1" ampMin="1" ampStep="0" ampVarFlag="true" color="Black" endTime="0" fftMax="400.2" fftMin="0" lineStyle="Solid" lineWidth="Hairline" startTime="0" />
    </crash>
    <crash assignmentComment="" crashcode="Multi_EDR_Noise_Noise_Front_NAD;7" crashversion="2022-11-18 14:22:52">
      <properties ampMax="1" ampMin="1" ampStep="0" ampVarFlag="true" color="Black" endTime="0" fftMax="2699.7" fftMin="0" lineStyle="Solid" lineWidth="Hairline" startTime="0" />
    </crash>
    <crash assignmentComment="" crashcode="Multi_EDR_LeftSide_ND_Noise_RightSide_AD;8" crashversion="2022-10-04 17:40:47">
      <properties ampMax="1" ampMin="1" ampStep="0" ampVarFlag="true" color="Black" endTime="0" fftMax="2700.1" fftMin="0" lineStyle="Solid" lineWidth="Hairline" startTime="0" />
    </crash>
    <crash assignmentComment="" crashcode="Multi_EDR_SidePassengerND_FrontNAD;6" crashversion="2022-11-18 14:18:50">
      <properties ampMax="1" ampMin="1" ampStep="0" ampVarFlag="true" color="Black" endTime="0" fftMax="380.4" fftMin="0" lineStyle="Solid" lineWidth="Hairline" startTime="0" />
    </crash>
    <crash assignmentComment="" crashcode="Multi_EDR_SidePassenger_AD_Pedestrian_AD;5" crashversion="2016-09-08 13:21:37">
      <properties ampMax="1" ampMin="1" ampStep="0" ampVarFlag="true" color="Black" endTime="0" fftMax="899.8" fftMin="0" lineStyle="Solid" lineWidth="Hairline" startTime="0" />
    </crash>
    <crash assignmentComment="" crashcode="Multi_EDR_Pedestrian_AD_Rollover_AD;5" crashversion="2016-09-08 13:20:30">
      <properties ampMax="1" ampMin="1" ampStep="0" ampVarFlag="true" color="Black" endTime="0" fftMax="2800.1" fftMin="0" lineStyle="Solid" lineWidth="Hairline" startTime="0" />
    </crash>
    <crash assignmentComment="" crashcode="Multi_EDR_Pedestrian_AD_SideDriver_AD;5" crashversion="2016-09-08 13:20:30">
      <properties ampMax="1" ampMin="1" ampStep="0" ampVarFlag="true" color="Black" endTime="0" fftMax="2000.1" fftMin="0" lineStyle="Solid" lineWidth="Hairline" startTime="0" />
    </crash>
    <crash assignmentComment="" crashcode="Multi_EDR_DynPitchAD_DynRollAD;1" crashversion="2018-02-25 19:22:23">
      <properties ampMax="1" ampMin="1" ampStep="0" ampVarFlag="true" color="Black" endTime="0" fftMax="1500.1" fftMin="0" lineStyle="Solid" lineWidth="Hairline" startTime="0" />
    </crash>
    <crash assignmentComment="" crashcode="Multi_EDR_FrontAD_DynPitchAD" crashversion="2018-02-26 15:28:15">
      <properties ampMax="1" ampMin="1" ampStep="0" ampVarFlag="true" color="Black" endTime="0" fftMax="900.1" fftMin="0" lineStyle="Solid" lineWidth="Hairline" startTime="0" />
    </crash>
    <crash assignmentComment="" crashcode="Multi_EDR_Front_Noise_Rollover_AD" crashversion="2021-05-06 11:05:39">
      <properties ampMax="1" ampMin="1" ampStep="0" ampVarFlag="true" color="Black" endTime="0" fftMax="1000.1" fftMin="0" lineStyle="Solid" lineWidth="Hairline" startTime="0" />
    </crash>
  </CrashSet>
</CrashSetProperty>
