<?xml version="1.0"?>
<CrashSetProperty xmlns:xsd="http://www.w3.org/2001/XMLSchema" xmlns:xsi="http://www.w3.org/2001/XMLSchema-instance">
  <CrashSet name="J59Z_SDP_Crashset">
    <crash assignmentComment="SDP_Fr_ECUX" crashcode="Mazda_SDP_EDR_Testing;2" crashversion="2023-10-27 10:28:12">
      <properties ampMax="1" ampMin="1" ampStep="0" ampVarFlag="true" color="Black" endTime="0" fftMax="2100" fftMin="0" lineStyle="Solid" lineWidth="Hairline" startTime="0" />
    </crash>
    <crash assignmentComment="SDP_Re_ECUX" crashcode="Mazda_SDP_EDR_Testing;2" crashversion="2023-10-27 10:28:12">
      <properties ampMax="1" ampMin="1" ampStep="0" ampVarFlag="true" color="Black" endTime="0" fftMax="2100" fftMin="0" lineStyle="Solid" lineWidth="Hairline" startTime="0" />
    </crash>
    <crash assignmentComment="SDP_Si_ECUY" crashcode="Mazda_SDP_EDR_Testing;2" crashversion="2023-10-27 10:28:12">
      <properties ampMax="1" ampMin="1" ampStep="0" ampVarFlag="true" color="Black" endTime="0" fftMax="2100" fftMin="0" lineStyle="Solid" lineWidth="Hairline" startTime="0" />
    </crash>
    <crash assignmentComment="SDP_Si_PASFL" crashcode="Mazda_SDP_EDR_Testing;2" crashversion="2023-10-27 10:28:12">
      <properties ampMax="1" ampMin="1" ampStep="0" ampVarFlag="true" color="Black" endTime="0" fftMax="2100" fftMin="0" lineStyle="Solid" lineWidth="Hairline" startTime="0" />
    </crash>
    <crash assignmentComment="SDP_Si_PASML" crashcode="Mazda_SDP_EDR_Testing;2" crashversion="2023-10-27 10:28:12">
      <properties ampMax="1" ampMin="1" ampStep="0" ampVarFlag="true" color="Black" endTime="0" fftMax="2100" fftMin="0" lineStyle="Solid" lineWidth="Hairline" startTime="0" />
    </crash>
    <crash assignmentComment="SDP_Si_PASFR" crashcode="Mazda_SDP_EDR_Testing;2" crashversion="2023-10-27 10:28:12">
      <properties ampMax="1" ampMin="1" ampStep="0" ampVarFlag="true" color="Black" endTime="0" fftMax="2100" fftMin="0" lineStyle="Solid" lineWidth="Hairline" startTime="0" />
    </crash>
    <crash assignmentComment="SDP_Si_PASMR" crashcode="Mazda_SDP_EDR_Testing;2" crashversion="2023-10-27 10:28:12">
      <properties ampMax="1" ampMin="1" ampStep="0" ampVarFlag="true" color="Black" endTime="0" fftMax="2100" fftMin="0" lineStyle="Solid" lineWidth="Hairline" startTime="0" />
    </crash>
    <crash assignmentComment="SDP_Si_PPSL" crashcode="Mazda_SDP_EDR_Testing;2" crashversion="2023-10-27 10:28:12">
      <properties ampMax="1" ampMin="1" ampStep="0" ampVarFlag="true" color="Black" endTime="0" fftMax="2100" fftMin="0" lineStyle="Solid" lineWidth="Hairline" startTime="0" />
    </crash>
    <crash assignmentComment="SDP_Si_PPSR" crashcode="Mazda_SDP_EDR_Testing;2" crashversion="2023-10-27 10:28:12">
      <properties ampMax="1" ampMin="1" ampStep="0" ampVarFlag="true" color="Black" endTime="0" fftMax="2100" fftMin="0" lineStyle="Solid" lineWidth="Hairline" startTime="0" />
    </crash>
    <crash assignmentComment="SDP_Ro_Rollrate" crashcode="Mazda_SDP_Roll_EDR_Testing" crashversion="2021-06-24 09:05:25">
      <properties ampMax="1" ampMin="1" ampStep="0" ampVarFlag="true" color="Black" endTime="0" fftMax="2100" fftMin="0" lineStyle="Solid" lineWidth="Hairline" startTime="0" />
    </crash>
  </CrashSet>
</CrashSetProperty>
