<?xml version="1.0"?>
<CrashSetDescription xmlns:xsd="http://www.w3.org/2001/XMLSchema" xmlns:xsi="http://www.w3.org/2001/XMLSchema-instance">
  <Info />
  <CrashSet name="J59Z_Crashset_CA">
    <crash crashcode="Single_EDR_FrontAD_WithoutPrePostData" crashversion="2022-02-28 13:37:00" assignmentComment="" />
    <crash crashcode="Single_EDR_Rear_ND_25kph_150ms" crashversion="2022-06-23 14:51:35" assignmentComment="" />
    <crash crashcode="Single_EDR_Side_ND_25kph_150ms" crashversion="2022-06-29 16:07:23" assignmentComment="" />
    <crash crashcode="Single_EDR_Rollover_Inflatable;8" crashversion="2021-08-31 15:31:15" assignmentComment="" />
    <crash crashcode="Single_EDR_RolloverAD_WithoutPrePostData" crashversion="2022-02-28 14:18:50" assignmentComment="" />
    <crash crashcode="Single_EDR_HV2_DE;7" crashversion="2018-12-06 16:42:27" assignmentComment="" />
    <crash crashcode="Parallel_EDR_Side_ND_Front_Active_twice;8" crashversion="2022-10-04 13:48:06" assignmentComment="" />
    <crash crashcode="Parallel_EDR_Rollover_Inflate_Front_Inflate;8" crashversion="2021-08-31 15:36:19" assignmentComment="" />
    <crash crashcode="Parallel_EDR_SoE_beforeFire_EoE_duringFire_RoSe;6" crashversion="2017-03-28 13:32:53" assignmentComment="" />
    <crash crashcode="Parallel_EDR_Rollover_Inflate_Front_Inflate;6" crashversion="2020-04-08 16:00:10" assignmentComment="" />
    <crash crashcode="Parallel_EDR_Pedestrian_AD_Rollover_ND;5" crashversion="2016-09-08 13:23:41" assignmentComment="" />
    <crash crashcode="Parallel_EDR_Front_AD_Pedestrian_AD;5" crashversion="2016-09-08 13:20:25" assignmentComment="" />
    <crash crashcode="Parallel_EDR_DynRollAD_DynPitchAD;2" crashversion="2018-08-29 10:25:39" assignmentComment="" />
    <crash crashcode="Parallel_EDR_DynPitchAD_DynRollAD;1" crashversion="2018-08-29 10:27:40" assignmentComment="" />
    <crash crashcode="Parallel_EDR_FrontAD_DynPitchAD;1" crashversion="2018-02-28 10:29:56" assignmentComment="" />
    <crash crashcode="Parallel_EDR_DynPitchAD_FrontAD;2" crashversion="2020-06-29 14:19:11" assignmentComment="" />
    <crash crashcode="Parallel_EDR_StaticRoll_DynRollAD_DynPitchAD;2" crashversion="2022-07-12 17:47:45" assignmentComment="" />
    <crash crashcode="Parallel_EDR_RateSensorRange_RollPitch_Positive" crashversion="2019-07-30 16:32:14" assignmentComment="" />
    <crash crashcode="Parallel_EDR_RateSensorRange_RollPitch_Negative" crashversion="2019-07-30 16:33:14" assignmentComment="" />
    <crash crashcode="Parallel_EDR_Front_Noise_Rollover_AD" crashversion="2021-05-06 11:05:39" assignmentComment="" />
    <crash crashcode="Parallel_EDR_PitchoverAD_Side_ND_YawRate;6" crashversion="2021-08-31 15:55:57" assignmentComment="" />
    <crash crashcode="Multi_EDR_FrontND_After1100ms_SideND" crashversion="2022-03-07 14:38:54" assignmentComment="" />
    <crash crashcode="Multi_EDR_SideND_FrontAD_WithoutPrePostData" crashversion="2022-02-28 14:22:55" assignmentComment="" />
    <crash crashcode="Multi_EDR_Extended_Rollover_ND_Side_AD_Front_AD;9" crashversion="2022-11-18 14:22:52" assignmentComment="" />
    <crash crashcode="Multi_EDR_Ext_Frt_ND_Rear_ND_Rolovr_AD_SideD_AD;6" crashversion="2021-08-31 13:12:17" assignmentComment="" />
    <crash crashcode="Multi_EDR_Rear_AD_Front_Noise_Side_AD;6" crashversion="2022-11-23 16:32:08" assignmentComment="" />
    <crash crashcode="Multi_EDR_Noise_Noise_Front_NAD;7" crashversion="2022-11-18 14:22:52" assignmentComment="" />
    <crash crashcode="Multi_EDR_LeftSide_ND_Noise_RightSide_AD;8" crashversion="2022-10-04 17:40:47" assignmentComment="" />
    <crash crashcode="Multi_EDR_SidePassengerND_FrontNAD;6" crashversion="2022-11-18 14:18:50" assignmentComment="" />
    <crash crashcode="Multi_EDR_SidePassenger_AD_Pedestrian_AD;5" crashversion="2016-09-08 13:21:37" assignmentComment="" />
    <crash crashcode="Multi_EDR_Pedestrian_AD_Rollover_AD;5" crashversion="2016-09-08 13:20:30" assignmentComment="" />
    <crash crashcode="Multi_EDR_Pedestrian_AD_SideDriver_AD;5" crashversion="2016-09-08 13:20:30" assignmentComment="" />
    <crash crashcode="Multi_EDR_DynPitchAD_DynRollAD;1" crashversion="2018-02-25 19:22:23" assignmentComment="" />
    <crash crashcode="Multi_EDR_FrontAD_DynPitchAD" crashversion="2018-02-26 15:28:15" assignmentComment="" />
    <crash crashcode="Multi_EDR_Front_Noise_Rollover_AD" crashversion="2021-05-06 11:05:39" assignmentComment="" />
    <query />
  </CrashSet>
</CrashSetDescription>
