<?xml version="1.0"?>
<CrashSetProperty xmlns:xsd="http://www.w3.org/2001/XMLSchema" xmlns:xsi="http://www.w3.org/2001/XMLSchema-instance">
  <CrashSet name="J59Z_Crashset">
    <crash assignmentComment="" crashcode="Single_EDR_Front_Inflatable_Stage1;5" crashversion="2016-09-08 13:24:42">
      <properties ampMax="1" ampMin="1" ampStep="0" ampVarFlag="true" color="Black" endTime="199.6" fftMax="199.6" fftMin="0" lineStyle="Solid" lineWidth="Hairline" startTime="0" />
    </crash>
    <crash assignmentComment="" crashcode="Single_EDR_SideRight_Inflatable;6" crashversion="2021-08-31 14:51:00">
      <properties ampMax="1" ampMin="1" ampStep="0" ampVarFlag="true" color="Black" endTime="0" fftMax="5199.6" fftMin="0" lineStyle="Solid" lineWidth="Hairline" startTime="0" />
    </crash>
    <crash assignmentComment="" crashcode="Single_EDR_Front_Inflatable;6" crashversion="2021-08-31 14:30:42">
      <properties ampMax="1" ampMin="1" ampStep="0" ampVarFlag="true" color="Black" endTime="0" fftMax="5199.6" fftMin="0" lineStyle="Solid" lineWidth="Hairline" startTime="0" />
    </crash>
    <crash assignmentComment="" crashcode="Single_CO_SideLeft_AD_270ms-after-T0;1" crashversion="2024-02-01 10:13:20">
      <properties ampMax="1" ampMin="1" ampStep="0" ampVarFlag="true" color="Black" endTime="0" fftMax="479.7" fftMin="0" lineStyle="Solid" lineWidth="Hairline" startTime="0" />
    </crash>
    <crash assignmentComment="" crashcode="Single_EDR_Rollover_Inflatable_MaxLowGZ;1" crashversion="2024-01-04 11:26:24">
      <properties ampMax="1" ampMin="1" ampStep="0" ampVarFlag="true" color="Black" endTime="0" fftMax="1000.1" fftMin="0" lineStyle="Solid" lineWidth="Hairline" startTime="0" />
    </crash>
    <crash assignmentComment="" crashcode="Single_EDR_Front_NonInflatable;5" crashversion="2016-09-08 13:24:43">
      <properties ampMax="1" ampMin="1" ampStep="0" ampVarFlag="true" color="Black" endTime="199.6" fftMax="199.6" fftMin="0" lineStyle="Solid" lineWidth="Hairline" startTime="0" />
    </crash>
    <crash assignmentComment="" crashcode="Single_EDR_Front_NonInflatable_PreCrash" crashversion="2023-11-30 13:43:57">
      <properties ampMax="1" ampMin="1" ampStep="0" ampVarFlag="true" color="Black" endTime="0" fftMax="5199.6" fftMin="0" lineStyle="Solid" lineWidth="Hairline" startTime="0" />
    </crash>
    <crash assignmentComment="" crashcode="Single_EDR_Front_NonInflatable_PreCrash;1" crashversion="2023-11-30 13:43:00">
      <properties ampMax="1" ampMin="1" ampStep="0" ampVarFlag="true" color="Black" endTime="0" fftMax="5199.6" fftMin="0" lineStyle="Solid" lineWidth="Hairline" startTime="0" />
    </crash>
    <crash assignmentComment="" crashcode="Single_EDR_Front_below_8kph_Noise;5" crashversion="2016-09-08 13:23:40">
      <properties ampMax="1" ampMin="1" ampStep="0" ampVarFlag="true" color="Black" endTime="199.6" fftMax="199.6" fftMin="0" lineStyle="Solid" lineWidth="Hairline" startTime="0" />
    </crash>
    <crash assignmentComment="" crashcode="Single_EDR_Front_Noise_deltaV_7_9kph;5" crashversion="2016-09-08 13:24:43">
      <properties ampMax="1" ampMin="1" ampStep="0" ampVarFlag="true" color="Black" endTime="199.6" fftMax="199.6" fftMin="0" lineStyle="Solid" lineWidth="Hairline" startTime="0" />
    </crash>
    <crash assignmentComment="" crashcode="Single_EDR_Front_ND_deltaV_8_1kph;5" crashversion="2016-09-08 13:24:43">
      <properties ampMax="1" ampMin="1" ampStep="0" ampVarFlag="true" color="Black" endTime="199.6" fftMax="199.6" fftMin="0" lineStyle="Solid" lineWidth="Hairline" startTime="0" />
    </crash>
    <crash assignmentComment="" crashcode="Single_EDR_Front_AD_shorter250ms;5" crashversion="2016-09-08 13:23:40">
      <properties ampMax="1" ampMin="1" ampStep="0" ampVarFlag="true" color="Black" endTime="199.6" fftMax="199.6" fftMin="0" lineStyle="Solid" lineWidth="Hairline" startTime="0" />
    </crash>
    <crash assignmentComment="" crashcode="Single_EDR_Front_AD_250ms_to_300ms;6" crashversion="2020-04-08 16:00:12">
      <properties ampMax="1" ampMin="1" ampStep="0" ampVarFlag="true" color="Black" endTime="0" fftMax="450.1" fftMin="0" lineStyle="Solid" lineWidth="Hairline" startTime="0" />
    </crash>
    <crash assignmentComment="" crashcode="Single_EDR_Front_AD_longer300ms;5" crashversion="2016-09-08 13:23:40">
      <properties ampMax="1" ampMin="1" ampStep="0" ampVarFlag="true" color="Black" endTime="349.6" fftMax="349.6" fftMin="0" lineStyle="Solid" lineWidth="Hairline" startTime="0" />
    </crash>
    <crash assignmentComment="" crashcode="Single_EDR_Front_ClipEcuX;5" crashversion="2016-09-08 13:23:41">
      <properties ampMax="1" ampMin="1" ampStep="0" ampVarFlag="true" color="Black" endTime="199.6" fftMax="199.6" fftMin="0" lineStyle="Solid" lineWidth="Hairline" startTime="0" />
    </crash>
    <crash assignmentComment="" crashcode="Single_EDR_Front_ClipEcuX_Clip128g" crashversion="2024-01-01 08:44:36">
      <properties ampMax="1" ampMin="1" ampStep="0" ampVarFlag="true" color="Black" endTime="0" fftMax="199.6" fftMin="0" lineStyle="Solid" lineWidth="Hairline" startTime="0" />
    </crash>
    <crash assignmentComment="" crashcode="Single_EDR_SideLeft_ClipEcuY;5" crashversion="2016-09-08 13:25:44">
      <properties ampMax="1" ampMin="1" ampStep="0" ampVarFlag="true" color="Black" endTime="199.6" fftMax="199.6" fftMin="0" lineStyle="Solid" lineWidth="Hairline" startTime="0" />
    </crash>
    <crash assignmentComment="" crashcode="Single_EDR_SideRight_ClipEcuY;5" crashversion="2016-09-08 13:25:45">
      <properties ampMax="1" ampMin="1" ampStep="0" ampVarFlag="true" color="Black" endTime="199.6" fftMax="199.6" fftMin="0" lineStyle="Solid" lineWidth="Hairline" startTime="0" />
    </crash>
    <crash assignmentComment="" crashcode="Single_EDR_SideRight_ClipEcuY_Clip128g" crashversion="2024-01-01 08:16:22">
      <properties ampMax="1" ampMin="1" ampStep="0" ampVarFlag="true" color="Black" endTime="0" fftMax="199.6" fftMin="0" lineStyle="Solid" lineWidth="Hairline" startTime="0" />
    </crash>
    <crash assignmentComment="" crashcode="Single_SideLeft_AD_ECUY_Clip_Between250and300ms" crashversion="2023-09-08 13:14:33">
      <properties ampMax="1" ampMin="1" ampStep="0" ampVarFlag="true" color="Black" endTime="0" fftMax="419.4" fftMin="0" lineStyle="Solid" lineWidth="Hairline" startTime="0" />
    </crash>
    <crash assignmentComment="" crashcode="Single_Front_AD_ECUX_Clip_Between250and300ms" crashversion="2023-09-08 13:13:40">
      <properties ampMax="1" ampMin="1" ampStep="0" ampVarFlag="true" color="Black" endTime="0" fftMax="419.5" fftMin="0" lineStyle="Solid" lineWidth="Hairline" startTime="0" />
    </crash>
    <crash assignmentComment="" crashcode="Single_EDR_StaticRoll_Detected;5" crashversion="2016-12-15 14:01:06">
      <properties ampMax="1" ampMin="1" ampStep="0" ampVarFlag="true" color="Black" endTime="0" fftMax="1000.1" fftMin="0" lineStyle="Solid" lineWidth="Hairline" startTime="0" />
    </crash>
    <crash assignmentComment="" crashcode="Single_EDR_EventType_Front;5" crashversion="2016-12-09 09:13:55">
      <properties ampMax="1" ampMin="1" ampStep="0" ampVarFlag="true" color="Black" endTime="200.1" fftMax="200.1" fftMin="0" lineStyle="Solid" lineWidth="Hairline" startTime="0" />
    </crash>
    <crash assignmentComment="" crashcode="Single_EDR_EventType_SideLeft;5" crashversion="2016-12-09 14:47:36">
      <properties ampMax="1" ampMin="1" ampStep="0" ampVarFlag="true" color="Black" endTime="0" fftMax="200.1" fftMin="0" lineStyle="Solid" lineWidth="Hairline" startTime="0" />
    </crash>
    <crash assignmentComment="" crashcode="Single_EDR_EventType_SideRight;5" crashversion="2016-12-09 14:49:37">
      <properties ampMax="1" ampMin="1" ampStep="0" ampVarFlag="true" color="Black" endTime="0" fftMax="200.1" fftMin="0" lineStyle="Solid" lineWidth="Hairline" startTime="0" />
    </crash>
    <crash assignmentComment="" crashcode="Single_EDR_EventType_Rear;5" crashversion="2016-12-09 09:15:56">
      <properties ampMax="1" ampMin="1" ampStep="0" ampVarFlag="true" color="Black" endTime="0" fftMax="200.1" fftMin="0" lineStyle="Solid" lineWidth="Hairline" startTime="0" />
    </crash>
    <crash assignmentComment="" crashcode="Single_EDR_Front_ClipEcuX_after250ms" crashversion="2018-08-13 11:52:23">
      <properties ampMax="1" ampMin="1" ampStep="0" ampVarFlag="true" color="Black" endTime="0" fftMax="499.6" fftMin="0" lineStyle="Solid" lineWidth="Hairline" startTime="0" />
    </crash>
    <crash assignmentComment="" crashcode="Single_EDR_SideLeft_ClipEcuY_after250ms" crashversion="2018-08-14 13:41:24">
      <properties ampMax="1" ampMin="1" ampStep="0" ampVarFlag="true" color="Black" endTime="0" fftMax="499.6" fftMin="0" lineStyle="Solid" lineWidth="Hairline" startTime="0" />
    </crash>
    <crash assignmentComment="" crashcode="Single_EDR_Rollover_Clip_Rollr_LowGY_Z_bef250ms" crashversion="2018-08-13 09:43:16">
      <properties ampMax="1" ampMin="1" ampStep="0" ampVarFlag="true" color="Black" endTime="0" fftMax="2000.1" fftMin="0" lineStyle="Solid" lineWidth="Hairline" startTime="0" />
    </crash>
    <crash assignmentComment="" crashcode="Single_EDR_Rollover_Clip_Rollr_LowGY_Z_aft250ms" crashversion="2018-08-13 10:27:38">
      <properties ampMax="1" ampMin="1" ampStep="0" ampVarFlag="true" color="Black" endTime="0" fftMax="2000.1" fftMin="0" lineStyle="Solid" lineWidth="Hairline" startTime="0" />
    </crash>
    <crash assignmentComment="" crashcode="Single_EDR_Yawrate_Clip_before250ms" crashversion="2018-08-13 14:11:36">
      <properties ampMax="1" ampMin="1" ampStep="0" ampVarFlag="true" color="Black" endTime="0" fftMax="499.6" fftMin="0" lineStyle="Solid" lineWidth="Hairline" startTime="0" />
    </crash>
    <crash assignmentComment="" crashcode="Single_EDR_Yawrate_Clip_after250ms" crashversion="2018-08-13 14:20:41">
      <properties ampMax="1" ampMin="1" ampStep="0" ampVarFlag="true" color="Black" endTime="0" fftMax="499.6" fftMin="0" lineStyle="Solid" lineWidth="Hairline" startTime="0" />
    </crash>
    <crash assignmentComment="" crashcode="Single_EDR_LongRunningEvent" crashversion="2018-08-14 11:52:31">
      <properties ampMax="1" ampMin="1" ampStep="0" ampVarFlag="true" color="Black" endTime="0" fftMax="32999.6" fftMin="0" lineStyle="Solid" lineWidth="Hairline" startTime="0" />
    </crash>
    <crash assignmentComment="" crashcode="Single_EDR_Longer_Than_Tend_Range" crashversion="2018-08-14 13:25:18">
      <properties ampMax="1" ampMin="1" ampStep="0" ampVarFlag="true" color="Black" endTime="0" fftMax="32999.6" fftMin="0" lineStyle="Solid" lineWidth="Hairline" startTime="0" />
    </crash>
    <crash assignmentComment="" crashcode="Single_AB12_EDR_Front_Inflatable_after_32767ms" crashversion="2023-02-24 11:25:35">
      <properties ampMax="1" ampMin="1" ampStep="0" ampVarFlag="true" color="Black" endTime="0" fftMax="32966.6" fftMin="0" lineStyle="Solid" lineWidth="Hairline" startTime="0" />
    </crash>
    <crash assignmentComment="" crashcode="Single_EDR_SideAD_YawRateBeforeT0" crashversion="2019-07-29 17:20:24">
      <properties ampMax="1" ampMin="1" ampStep="0" ampVarFlag="true" color="Black" endTime="0" fftMax="5199.1" fftMin="0" lineStyle="Solid" lineWidth="Hairline" startTime="0" />
    </crash>
    <crash assignmentComment="" crashcode="Single_EDR_Rear_equal_8kph" crashversion="2023-06-01 11:50:17">
      <properties ampMax="1" ampMin="1" ampStep="0" ampVarFlag="true" color="Black" endTime="0" fftMax="199.6" fftMin="0" lineStyle="Solid" lineWidth="Hairline" startTime="0" />
    </crash>
    <crash assignmentComment="" crashcode="Single_EDR_Front_equal_8kph" crashversion="2023-06-01 11:53:20">
      <properties ampMax="1" ampMin="1" ampStep="0" ampVarFlag="true" color="Black" endTime="0" fftMax="199.6" fftMin="0" lineStyle="Solid" lineWidth="Hairline" startTime="0" />
    </crash>
    <crash assignmentComment="" crashcode="Single_EDR_SideLeft_equal_8kph" crashversion="2023-06-01 14:03:21">
      <properties ampMax="1" ampMin="1" ampStep="0" ampVarFlag="true" color="Black" endTime="0" fftMax="199.6" fftMin="0" lineStyle="Solid" lineWidth="Hairline" startTime="0" />
    </crash>
    <crash assignmentComment="" crashcode="Single_EDR_SideRight_equal_8kph" crashversion="2023-06-01 14:01:20">
      <properties ampMax="1" ampMin="1" ampStep="0" ampVarFlag="true" color="Black" endTime="0" fftMax="199.6" fftMin="0" lineStyle="Solid" lineWidth="Hairline" startTime="0" />
    </crash>
    <crash assignmentComment="" crashcode="Parallel_EDR_Front_Inflate_SideLeft_Inflate;6" crashversion="2021-08-31 14:33:45">
      <properties ampMax="1" ampMin="1" ampStep="0" ampVarFlag="true" color="Black" endTime="0" fftMax="5219.5" fftMin="0" lineStyle="Solid" lineWidth="Hairline" startTime="0" />
    </crash>
    <crash assignmentComment="" crashcode="Parallel_EDR_Rear_NonInflate_SideLeft_Inflate;6" crashversion="2021-08-31 14:52:01">
      <properties ampMax="1" ampMin="1" ampStep="0" ampVarFlag="true" color="Black" endTime="0" fftMax="5199.5" fftMin="0" lineStyle="Solid" lineWidth="Hairline" startTime="0" />
    </crash>
    <crash assignmentComment="" crashcode="Parallel_EDR_AccelerationSensorRange_FrontSideL;7" crashversion="2022-10-04 17:36:45">
      <properties ampMax="1" ampMin="1" ampStep="0" ampVarFlag="true" color="Black" endTime="0" fftMax="10620.4" fftMin="0" lineStyle="Solid" lineWidth="Hairline" startTime="0" />
    </crash>
    <crash assignmentComment="" crashcode="Parallel_EDR_FrontAD_Side_ND_YawRate" crashversion="2023-09-28 13:00:42">
      <properties ampMax="1" ampMin="1" ampStep="0" ampVarFlag="true" color="Black" endTime="0" fftMax="6500.1" fftMin="0" lineStyle="Solid" lineWidth="Hairline" startTime="0" />
    </crash>
    <crash assignmentComment="" crashcode="Parallel_EDR_AccelerationSensorRange_RearSideR;7" crashversion="2022-10-04 17:35:45">
      <properties ampMax="1" ampMin="1" ampStep="0" ampVarFlag="true" color="Black" endTime="0" fftMax="10620.4" fftMin="0" lineStyle="Solid" lineWidth="Hairline" startTime="0" />
    </crash>
    <crash assignmentComment="" crashcode="Parallel_EDR_Rear_NonInflate_SideLeft_Inflate;5" crashversion="2016-09-08 13:27:47">
      <properties ampMax="1" ampMin="1" ampStep="0" ampVarFlag="true" color="Black" endTime="199.5" fftMax="199.5" fftMin="0" lineStyle="Solid" lineWidth="Hairline" startTime="0" />
    </crash>
    <crash assignmentComment="" crashcode="Parallel_EDR_Front_NoDeploy_Side_NoDeploy;5" crashversion="2016-09-08 13:20:30">
      <properties ampMax="1" ampMin="1" ampStep="0" ampVarFlag="true" color="Black" endTime="219.5" fftMax="219.5" fftMin="0" lineStyle="Solid" lineWidth="Hairline" startTime="0" />
    </crash>
    <crash assignmentComment="" crashcode="Parallel_EDR_Front_ND_Side_Active_beforeFrontSoE;5" crashversion="2016-09-08 13:20:30">
      <properties ampMax="1" ampMin="1" ampStep="0" ampVarFlag="true" color="Black" endTime="274.6" fftMax="274.6" fftMin="0" lineStyle="Solid" lineWidth="Hairline" startTime="0" />
    </crash>
    <crash assignmentComment="" crashcode="Parallel_EDR_Side_ND_Front_Active_twice;5" crashversion="2016-09-08 13:22:40">
      <properties ampMax="1" ampMin="1" ampStep="0" ampVarFlag="true" color="Black" endTime="500.1" fftMax="500.1" fftMin="0" lineStyle="Solid" lineWidth="Hairline" startTime="0" />
    </crash>
    <crash assignmentComment="" crashcode="Parallel_EDR_Front_Noise_Side_NoDeploy;5" crashversion="2016-09-08 13:22:38">
      <properties ampMax="1" ampMin="1" ampStep="0" ampVarFlag="true" color="Black" endTime="199.5" fftMax="199.5" fftMin="0" lineStyle="Solid" lineWidth="Hairline" startTime="0" />
    </crash>
    <crash assignmentComment="" crashcode="Parallel_EDR_Front_Noise_Side_Noise_Front_ND;5" crashversion="2016-09-08 13:32:02">
      <properties ampMax="1" ampMin="1" ampStep="0" ampVarFlag="true" color="Black" endTime="450.2" fftMax="450.2" fftMin="0" lineStyle="Solid" lineWidth="Hairline" startTime="0" />
    </crash>
    <crash assignmentComment="" crashcode="Parallel_EDR_Front_ND_Side_Noise_Side_Noise;5" crashversion="2016-09-08 13:25:46">
      <properties ampMax="1" ampMin="1" ampStep="0" ampVarFlag="true" color="Black" endTime="350.1" fftMax="350.1" fftMin="0" lineStyle="Solid" lineWidth="Hairline" startTime="0" />
    </crash>
    <crash assignmentComment="" crashcode="Parallel_EDR_Front_ND_Side_ND;5" crashversion="2016-09-08 13:25:45">
      <properties ampMax="1" ampMin="1" ampStep="0" ampVarFlag="true" color="Black" endTime="200.1" fftMax="200.1" fftMin="0" lineStyle="Solid" lineWidth="Hairline" startTime="0" />
    </crash>
    <crash assignmentComment="" crashcode="Parallel_EDR_Side_ND_Front_ND;5" crashversion="2016-09-08 13:22:39">
      <properties ampMax="1" ampMin="1" ampStep="0" ampVarFlag="true" color="Black" endTime="300.1" fftMax="300.1" fftMin="0" lineStyle="Solid" lineWidth="Hairline" startTime="0" />
    </crash>
    <crash assignmentComment="" crashcode="Parallel_EDR_Front_Active_Side_ND_Front_ND;5" crashversion="2016-09-08 13:22:39">
      <properties ampMax="1" ampMin="1" ampStep="0" ampVarFlag="true" color="Black" endTime="600.1" fftMax="600.1" fftMin="0" lineStyle="Solid" lineWidth="Hairline" startTime="0" />
    </crash>
    <crash assignmentComment="" crashcode="Parallel_EDR_Rollover_Inflate_SideLeft_Inflte;5" crashversion="2016-09-08 13:27:47">
      <properties ampMax="1" ampMin="1" ampStep="0" ampVarFlag="true" color="Black" endTime="1000" fftMax="1000" fftMin="0" lineStyle="Solid" lineWidth="Hairline" startTime="0" />
    </crash>
    <crash assignmentComment="" crashcode="Parallel_EDR_Rollover_Inflate_Front_Inflate;5" crashversion="2016-09-08 13:27:47">
      <properties ampMax="1" ampMin="1" ampStep="0" ampVarFlag="true" color="Black" endTime="1000" fftMax="1000" fftMin="0" lineStyle="Solid" lineWidth="Hairline" startTime="0" />
    </crash>
    <crash assignmentComment="" crashcode="Parallel_EDR_Rollover_Inflate_Side_NoDeploy;5" crashversion="2016-09-08 13:27:47">
      <properties ampMax="1" ampMin="1" ampStep="0" ampVarFlag="true" color="Black" endTime="1000" fftMax="1000" fftMin="0" lineStyle="Solid" lineWidth="Hairline" startTime="0" />
    </crash>
    <crash assignmentComment="" crashcode="Parallel_EDR_SoE_beforeFire_EoE_duringFire_RoSe;5" crashversion="2016-09-08 13:22:39">
      <properties ampMax="1" ampMin="1" ampStep="0" ampVarFlag="true" color="Black" endTime="0" fftMax="1300.1" fftMin="0" lineStyle="Solid" lineWidth="Hairline" startTime="0" />
    </crash>
    <crash assignmentComment="" crashcode="Parallel_EDR_SoE_duringFire_EoE_PostFire_RoSe;5" crashversion="2016-09-08 13:22:39">
      <properties ampMax="1" ampMin="1" ampStep="0" ampVarFlag="true" color="Black" endTime="1600.1" fftMax="1600.1" fftMin="0" lineStyle="Solid" lineWidth="Hairline" startTime="0" />
    </crash>
    <crash assignmentComment="" crashcode="Parallel_EDR_RoSe_SoE_beforeRoSe_EoE_duringND;2" crashversion="2018-02-28 16:37:00">
      <properties ampMax="1" ampMin="1" ampStep="0" ampVarFlag="true" color="Black" endTime="1000.1" fftMax="1000.1" fftMin="0" lineStyle="Solid" lineWidth="Hairline" startTime="0" />
    </crash>
    <crash assignmentComment="" crashcode="Parallel_EDR_FrontND_FrontAD_SideDriverND_5" crashversion="2019-01-07 10:36:59">
      <properties ampMax="1" ampMin="1" ampStep="0" ampVarFlag="true" color="Black" endTime="0" fftMax="300.1" fftMin="0" lineStyle="Solid" lineWidth="Hairline" startTime="0" />
    </crash>
    <crash assignmentComment="" crashcode="Parallel_EDR_Noise_SideRtND_FrtAD_FireAfter300ms;5" crashversion="2016-09-08 13:22:38">
      <properties ampMax="1" ampMin="1" ampStep="0" ampVarFlag="true" color="Black" endTime="700.1" fftMax="700.1" fftMin="0" lineStyle="Solid" lineWidth="Hairline" startTime="0" />
    </crash>
    <crash assignmentComment="" crashcode="Parallel_EDR_AccelerationSensorRange_RearSideR;2" crashversion="2016-11-07 16:27:06">
      <properties ampMax="1" ampMin="1" ampStep="0" ampVarFlag="true" color="Black" endTime="640.4" fftMax="640.4" fftMin="0" lineStyle="Solid" lineWidth="Hairline" startTime="0" />
    </crash>
    <crash assignmentComment="" crashcode="Parallel_EDR_AccelerationSensorRange_FrontSideL;2" crashversion="2016-11-07 16:27:05">
      <properties ampMax="1" ampMin="1" ampStep="0" ampVarFlag="true" color="Black" endTime="640.4" fftMax="640.4" fftMin="0" lineStyle="Solid" lineWidth="Hairline" startTime="0" />
    </crash>
    <crash assignmentComment="" crashcode="Single_EDR_SideLeftRight_Inflatable;5" crashversion="2017-05-17 15:52:21">
      <properties ampMax="1" ampMin="1" ampStep="0" ampVarFlag="true" color="Black" endTime="199.6" fftMax="199.6" fftMin="0" lineStyle="Solid" lineWidth="Hairline" startTime="0" />
    </crash>
    <crash assignmentComment="" crashcode="Multi_EDR_Front_AD_Side_AD;5" crashversion="2016-09-08 13:28:49">
      <properties ampMax="1" ampMin="1" ampStep="0" ampVarFlag="true" color="Black" endTime="499.3" fftMax="499.3" fftMin="0" lineStyle="Solid" lineWidth="Hairline" startTime="0" />
    </crash>
    <crash assignmentComment="" crashcode="Multi_EDR_Front_Noise_7_9kph_Side_Noise_7_9kph;5" crashversion="2016-09-08 13:29:54">
      <properties ampMax="1" ampMin="1" ampStep="0" ampVarFlag="true" color="Black" endTime="349.6" fftMax="349.6" fftMin="0" lineStyle="Solid" lineWidth="Hairline" startTime="0" />
    </crash>
    <crash assignmentComment="" crashcode="Multi_EDR_Front_Noise_7_9kph_Side_ND_8_1kph;5" crashversion="2016-09-08 13:29:50">
      <properties ampMax="1" ampMin="1" ampStep="0" ampVarFlag="true" color="Black" endTime="349.6" fftMax="349.6" fftMin="0" lineStyle="Solid" lineWidth="Hairline" startTime="0" />
    </crash>
    <crash assignmentComment="" crashcode="Multi_EDR_Front_ND_8_1kph_Side_Noise_7_9kph;5" crashversion="2016-09-08 13:29:50">
      <properties ampMax="1" ampMin="1" ampStep="0" ampVarFlag="true" color="Black" endTime="300.1" fftMax="300.1" fftMin="0" lineStyle="Solid" lineWidth="Hairline" startTime="0" />
    </crash>
    <crash assignmentComment="" crashcode="Multi_EDR_Front_ND_8_1kph_Side_ND_8_1kph;5" crashversion="2016-09-08 13:28:49">
      <properties ampMax="1" ampMin="1" ampStep="0" ampVarFlag="true" color="Black" endTime="300.1" fftMax="300.1" fftMin="0" lineStyle="Solid" lineWidth="Hairline" startTime="0" />
    </crash>
    <crash assignmentComment="" crashcode="Multi_EDR_Side_afterEoE_Front;5" crashversion="2016-09-08 13:21:31">
      <properties ampMax="1" ampMin="1" ampStep="0" ampVarFlag="true" color="Black" endTime="300.1" fftMax="300.1" fftMin="0" lineStyle="Solid" lineWidth="Hairline" startTime="0" />
    </crash>
    <crash assignmentComment="" crashcode="Multi_EDR_TwoSingle_Side_after5s_Front;5" crashversion="2016-09-08 13:21:38">
      <properties ampMax="1" ampMin="1" ampStep="0" ampVarFlag="true" color="Black" endTime="5299.6" fftMax="5299.6" fftMin="0" lineStyle="Solid" lineWidth="Hairline" startTime="0" />
    </crash>
    <crash assignmentComment="" crashcode="Multi_EDR_Front_AD_Rear_ND;5" crashversion="2016-09-30 17:52:14">
      <properties ampMax="1" ampMin="1" ampStep="0" ampVarFlag="true" color="Black" endTime="379.6" fftMax="379.6" fftMin="0" lineStyle="Solid" lineWidth="Hairline" startTime="0" />
    </crash>
    <crash assignmentComment="" crashcode="Multi_EDR_Side_ND_Front_AD;5" crashversion="2016-09-08 13:21:32">
      <properties ampMax="1" ampMin="1" ampStep="0" ampVarFlag="true" color="Black" endTime="374.7" fftMax="374.7" fftMin="0" lineStyle="Solid" lineWidth="Hairline" startTime="0" />
    </crash>
    <crash assignmentComment="" crashcode="Multi_EDR_Extended_Front_ND_Side_AD_Front_AD;6" crashversion="2017-05-24 17:34:58">
      <properties ampMax="1" ampMin="1" ampStep="0" ampVarFlag="true" color="Black" endTime="408" fftMax="408" fftMin="0" lineStyle="Solid" lineWidth="Hairline" startTime="0" />
    </crash>
    <crash assignmentComment="" crashcode="Multi_EDR_Extended_Rollover_ND_Side_AD_Front_AD;5" crashversion="2016-09-08 13:28:49">
      <properties ampMax="1" ampMin="1" ampStep="0" ampVarFlag="true" color="Black" endTime="0" fftMax="1000.1" fftMin="0" lineStyle="Solid" lineWidth="Hairline" startTime="0" />
    </crash>
    <crash assignmentComment="" crashcode="Multi_EDR_Ext_Rear_ND_SideD_ND_Front_AD_SideP_AD;5" crashversion="2016-09-08 13:27:48">
      <properties ampMax="1" ampMin="1" ampStep="0" ampVarFlag="true" color="Black" endTime="1800.1" fftMax="1800.1" fftMin="0" lineStyle="Solid" lineWidth="Hairline" startTime="0" />
    </crash>
    <crash assignmentComment="" crashcode="Multi_EDR_Ext_Frt_ND_Front_NAD_SideP_AD_Front_AD;5" crashversion="2016-09-08 13:27:47">
      <properties ampMax="1" ampMin="1" ampStep="0" ampVarFlag="true" color="Black" endTime="3000.1" fftMax="3000.1" fftMin="0" lineStyle="Solid" lineWidth="Hairline" startTime="0" />
    </crash>
    <crash assignmentComment="" crashcode="Multi_EDR_Ext_Frt_ND_Rear_ND_Rolovr_AD_SideD_AD;5" crashversion="2016-10-27 12:10:34">
      <properties ampMax="1" ampMin="1" ampStep="0" ampVarFlag="true" color="Black" endTime="0" fftMax="4400.1" fftMin="0" lineStyle="Solid" lineWidth="Hairline" startTime="0" />
    </crash>
    <crash assignmentComment="" crashcode="Multi_EDR_Ext_Front_ND_Side_ND_EPP_AD_Front_AD;5" crashversion="2016-09-08 13:27:48">
      <properties ampMax="1" ampMin="1" ampStep="0" ampVarFlag="true" color="Black" endTime="0" fftMax="6000.1" fftMin="0" lineStyle="Solid" lineWidth="Hairline" startTime="0" />
    </crash>
    <crash assignmentComment="" crashcode="Multi_EDR_Rear_AD_Front_Noise_Side_AD;5" crashversion="2016-09-08 13:30:58">
      <properties ampMax="1" ampMin="1" ampStep="0" ampVarFlag="true" color="Black" endTime="400.2" fftMax="400.2" fftMin="0" lineStyle="Solid" lineWidth="Hairline" startTime="0" />
    </crash>
    <crash assignmentComment="" crashcode="Multi_EDR_Noise_Noise_Front_NAD;5" crashversion="2016-09-08 13:32:00">
      <properties ampMax="1" ampMin="1" ampStep="0" ampVarFlag="true" color="Black" endTime="2699.7" fftMax="2699.7" fftMin="0" lineStyle="Solid" lineWidth="Hairline" startTime="0" />
    </crash>
    <crash assignmentComment="" crashcode="Multi_EDR_Noise_Noise_Front_AD;5" crashversion="2016-09-08 13:32:00">
      <properties ampMax="1" ampMin="1" ampStep="0" ampVarFlag="true" color="Black" endTime="1324.7" fftMax="1324.7" fftMin="0" lineStyle="Solid" lineWidth="Hairline" startTime="0" />
    </crash>
    <crash assignmentComment="" crashcode="Multi_EDR_Noise_Noise_SideR_ND;5" crashversion="2016-09-08 13:32:02">
      <properties ampMax="1" ampMin="1" ampStep="0" ampVarFlag="true" color="Black" endTime="1750.1" fftMax="1750.1" fftMin="0" lineStyle="Solid" lineWidth="Hairline" startTime="0" />
    </crash>
    <crash assignmentComment="" crashcode="Multi_EDR_Noise_Noise_SideL_ND;5" crashversion="2016-09-08 13:32:00">
      <properties ampMax="1" ampMin="1" ampStep="0" ampVarFlag="true" color="Black" endTime="300.1" fftMax="300.1" fftMin="0" lineStyle="Solid" lineWidth="Hairline" startTime="0" />
    </crash>
    <crash assignmentComment="" crashcode="Multi_EDR_Front_NAD_Noise_Front_AD;5" crashversion="2016-09-08 13:28:49">
      <properties ampMax="1" ampMin="1" ampStep="0" ampVarFlag="true" color="Black" endTime="2800.1" fftMax="2800.1" fftMin="0" lineStyle="Solid" lineWidth="Hairline" startTime="0" />
    </crash>
    <crash assignmentComment="" crashcode="Multi_EDR_Front_AD_Noise_Front_AD;5" crashversion="2016-09-08 13:28:49">
      <properties ampMax="1" ampMin="1" ampStep="0" ampVarFlag="true" color="Black" endTime="2800.1" fftMax="2800.1" fftMin="0" lineStyle="Solid" lineWidth="Hairline" startTime="0" />
    </crash>
    <crash assignmentComment="" crashcode="Multi_EDR_LeftSide_ND_Noise_RightSide_AD;5" crashversion="2016-09-08 13:32:00">
      <properties ampMax="1" ampMin="1" ampStep="0" ampVarFlag="true" color="Black" endTime="2700.1" fftMax="2700.1" fftMin="0" lineStyle="Solid" lineWidth="Hairline" startTime="0" />
    </crash>
    <crash assignmentComment="" crashcode="Multi_EDR_FrontNoise_AnyNoise_SideDriverAD;5" crashversion="2016-09-08 13:20:30">
      <properties ampMax="1" ampMin="1" ampStep="0" ampVarFlag="true" color="Black" endTime="5199.6" fftMax="5199.6" fftMin="0" lineStyle="Solid" lineWidth="Hairline" startTime="0" />
    </crash>
    <crash assignmentComment="" crashcode="Multi_EDR_SidePassengerND_FrontNAD;5" crashversion="2016-09-08 13:32:00">
      <properties ampMax="1" ampMin="1" ampStep="0" ampVarFlag="true" color="Black" endTime="380.4" fftMax="380.4" fftMin="0" lineStyle="Solid" lineWidth="Hairline" startTime="0" />
    </crash>
    <crash assignmentComment="" crashcode="Multi_EDR_FrontNAD_SidePassengerAD;5" crashversion="2016-09-08 13:22:38">
      <properties ampMax="1" ampMin="1" ampStep="0" ampVarFlag="true" color="Black" endTime="389.8" fftMax="389.8" fftMin="0" lineStyle="Solid" lineWidth="Hairline" startTime="0" />
    </crash>
    <crash assignmentComment="" crashcode="Multi_EDR_SideDriverAD_FrontNAD;6" crashversion="2017-06-26 11:29:11">
      <properties ampMax="1" ampMin="1" ampStep="0" ampVarFlag="true" color="Black" endTime="395.1" fftMax="395.1" fftMin="0" lineStyle="Solid" lineWidth="Hairline" startTime="0" />
    </crash>
    <crash assignmentComment="" crashcode="Multi_EDR_SideAD_FrontND;5" crashversion="2016-09-08 13:21:32">
      <properties ampMax="1" ampMin="1" ampStep="0" ampVarFlag="true" color="Black" endTime="599.6" fftMax="599.6" fftMin="0" lineStyle="Solid" lineWidth="Hairline" startTime="0" />
    </crash>
    <crash assignmentComment="" crashcode="Multi_EDR_RearND_SideAD;5" crashversion="2016-09-08 13:20:31">
      <properties ampMax="1" ampMin="1" ampStep="0" ampVarFlag="true" color="Black" endTime="699.6" fftMax="699.6" fftMin="0" lineStyle="Solid" lineWidth="Hairline" startTime="0" />
    </crash>
    <crash assignmentComment="" crashcode="Multi_EDR_FrontAD_SideND_FrontNoise;5" crashversion="2016-09-08 13:30:56">
      <properties ampMax="1" ampMin="1" ampStep="0" ampVarFlag="true" color="Black" endTime="1400.1" fftMax="1400.1" fftMin="0" lineStyle="Solid" lineWidth="Hairline" startTime="0" />
    </crash>
    <crash assignmentComment="" crashcode="Multi_EDR_SideND_FrontND_SideAD;5" crashversion="2016-09-08 13:21:37">
      <properties ampMax="1" ampMin="1" ampStep="0" ampVarFlag="true" color="Black" endTime="1500.1" fftMax="1500.1" fftMin="0" lineStyle="Solid" lineWidth="Hairline" startTime="0" />
    </crash>
    <crash assignmentComment="" crashcode="Multi_EDR_FrontND_SideLeftAD_SideRightND;5" crashversion="2016-09-08 13:30:58">
      <properties ampMax="1" ampMin="1" ampStep="0" ampVarFlag="true" color="Black" endTime="1100.1" fftMax="1100.1" fftMin="0" lineStyle="Solid" lineWidth="Hairline" startTime="0" />
    </crash>
    <crash assignmentComment="" crashcode="Multi_EDR_FrontAD_SideND_FrontND;5" crashversion="2016-09-08 13:30:56">
      <properties ampMax="1" ampMin="1" ampStep="0" ampVarFlag="true" color="Black" endTime="2400.1" fftMax="2400.1" fftMin="0" lineStyle="Solid" lineWidth="Hairline" startTime="0" />
    </crash>
    <crash assignmentComment="" crashcode="Multi_EDR_FrontNoise_SideAD_FrontAD;5" crashversion="2016-09-08 13:31:59">
      <properties ampMax="1" ampMin="1" ampStep="0" ampVarFlag="true" color="Black" endTime="4189.1" fftMax="4189.1" fftMin="0" lineStyle="Solid" lineWidth="Hairline" startTime="0" />
    </crash>
    <crash assignmentComment="" crashcode="Multi_EDR_RearNAD_FrontAD_SideND_FrontNoise;5" crashversion="2016-09-08 13:20:31">
      <properties ampMax="1" ampMin="1" ampStep="0" ampVarFlag="true" color="Black" endTime="1400.1" fftMax="1400.1" fftMin="0" lineStyle="Solid" lineWidth="Hairline" startTime="0" />
    </crash>
    <crash assignmentComment="" crashcode="Multi_EDR_FrontAD_SideND_FrontND_SideAD;5" crashversion="2016-09-08 13:30:56">
      <properties ampMax="1" ampMin="1" ampStep="0" ampVarFlag="true" color="Black" endTime="1500.1" fftMax="1500.1" fftMin="0" lineStyle="Solid" lineWidth="Hairline" startTime="0" />
    </crash>
    <crash assignmentComment="" crashcode="Multi_EDR_FrontAD_FrontND_SideNoise_FrontAD;5" crashversion="2016-09-08 13:29:55">
      <properties ampMax="1" ampMin="1" ampStep="0" ampVarFlag="true" color="Black" endTime="2300.1" fftMax="2300.1" fftMin="0" lineStyle="Solid" lineWidth="Hairline" startTime="0" />
    </crash>
    <crash assignmentComment="" crashcode="Multi_EDR_FrontAD_FrontNoise_SideAD_FrontAD;5" crashversion="2016-09-08 13:30:56">
      <properties ampMax="1" ampMin="1" ampStep="0" ampVarFlag="true" color="Black" endTime="3300.1" fftMax="3300.1" fftMin="0" lineStyle="Solid" lineWidth="Hairline" startTime="0" />
    </crash>
    <crash assignmentComment="" crashcode="Multi_EDR_FrontAD_SideLeftAD_FrontAD_SideRightAD;5" crashversion="2016-09-08 13:30:56">
      <properties ampMax="1" ampMin="1" ampStep="0" ampVarFlag="true" color="Black" endTime="4300.1" fftMax="4300.1" fftMin="0" lineStyle="Solid" lineWidth="Hairline" startTime="0" />
    </crash>
    <crash assignmentComment="" crashcode="SE_EDR_RAMBuf_Frt_RolShortFire_SL_Frt_SR_Frt_SL;2" crashversion="2017-05-24 15:42:58">
      <properties ampMax="1" ampMin="1" ampStep="0" ampVarFlag="true" color="Black" endTime="0" fftMax="13000.1" fftMin="0" lineStyle="Solid" lineWidth="Hairline" startTime="0" />
    </crash>
    <crash assignmentComment="" crashcode="SE_EDR_RAMBuf_Frt_RolLongFire_SL_Frt_SR_Frt_SL;1" crashversion="2017-04-12 12:35:55">
      <properties ampMax="1" ampMin="1" ampStep="0" ampVarFlag="true" color="Black" endTime="0" fftMax="22600.1" fftMin="0" lineStyle="Solid" lineWidth="Hairline" startTime="0" />
    </crash>
    <crash assignmentComment="" crashcode="SE_EDR_SideLAD_FrontDurNoRollFire" crashversion="2017-03-29 14:08:04">
      <properties ampMax="1" ampMin="1" ampStep="0" ampVarFlag="true" color="Black" endTime="0" fftMax="4000" fftMin="0" lineStyle="Solid" lineWidth="Hairline" startTime="0" />
    </crash>
    <crash assignmentComment="" crashcode="SE_EDR_Frt_RolShrtFire_SideL_Frt_SideR_Frt_SideL;2" crashversion="2017-05-24 16:38:28">
      <properties ampMax="1" ampMin="1" ampStep="0" ampVarFlag="true" color="Black" endTime="0" fftMax="6500" fftMin="0" lineStyle="Solid" lineWidth="Hairline" startTime="0" />
    </crash>
    <crash assignmentComment="" crashcode="SE_EDR_Frt_RolLongFire_SideL_Frt_SideR_Frt_SideL;2" crashversion="2017-05-24 17:32:56">
      <properties ampMax="1" ampMin="1" ampStep="0" ampVarFlag="true" color="Black" endTime="0" fftMax="21500.1" fftMin="0" lineStyle="Solid" lineWidth="Hairline" startTime="0" />
    </crash>
    <crash assignmentComment="" crashcode="SE_EDR_SideLAD_RearND_FrtAD_SideRAD_Dur_RollAct;1" crashversion="2017-04-12 12:24:49">
      <properties ampMax="1" ampMin="1" ampStep="0" ampVarFlag="true" color="Black" endTime="0" fftMax="5500.1" fftMin="0" lineStyle="Solid" lineWidth="Hairline" startTime="0" />
    </crash>
    <crash assignmentComment="" crashcode="SE_EDR_FrontND_RolloverAD_FrontAD_RolloverAD" crashversion="2019-07-31 17:36:00">
      <properties ampMax="1" ampMin="1" ampStep="0" ampVarFlag="true" color="Black" endTime="0" fftMax="1650.1" fftMin="0" lineStyle="Solid" lineWidth="Hairline" startTime="0" />
    </crash>
    <crash assignmentComment="" crashcode="Multi_EDR_FrontSideLeft_Noise_RearSideRight" crashversion="2016-11-07 16:28:06">
      <properties ampMax="1" ampMin="1" ampStep="0" ampVarFlag="true" color="Black" endTime="3640.3" fftMax="3640.3" fftMin="0" lineStyle="Solid" lineWidth="Hairline" startTime="0" />
    </crash>
    <crash assignmentComment="" crashcode="Multi_EDR_FrtAD_SideP_ND_RollAD" crashversion="2018-11-10 11:04:00">
      <properties ampMax="1" ampMin="1" ampStep="0" ampVarFlag="true" color="Black" endTime="1510" fftMax="1510" fftMin="0" lineStyle="Solid" lineWidth="Hairline" startTime="0" />
    </crash>
    <crash assignmentComment="" crashcode="Multi_EDR_Side_ND_Front_AD;6" crashversion="2021-08-31 14:36:47">
      <properties ampMax="1" ampMin="1" ampStep="0" ampVarFlag="true" color="Black" endTime="0" fftMax="5374.7" fftMin="0" lineStyle="Solid" lineWidth="Hairline" startTime="0" />
    </crash>
    <crash assignmentComment="" crashcode="Multi_EDR_Front_NAD_Noise_Front_AD;7" crashversion="2021-08-31 14:44:55">
      <properties ampMax="1" ampMin="1" ampStep="0" ampVarFlag="true" color="Black" endTime="0" fftMax="7800.1" fftMin="0" lineStyle="Solid" lineWidth="Hairline" startTime="0" />
    </crash>
    <crash assignmentComment="" crashcode="Multi_EDR_Extended_Front_ND_Side_AD_Front_AD;9" crashversion="2021-08-31 15:04:11">
      <properties ampMax="1" ampMin="1" ampStep="0" ampVarFlag="true" color="Black" endTime="0" fftMax="5408" fftMin="0" lineStyle="Solid" lineWidth="Hairline" startTime="0" />
    </crash>
    <crash assignmentComment="" crashcode="Multi_EDR_FrontSideLeft_Noise_RearSideRight;6" crashversion="2021-08-31 15:14:01">
      <properties ampMax="1" ampMin="1" ampStep="0" ampVarFlag="true" color="Black" endTime="0" fftMax="13640.3" fftMin="0" lineStyle="Solid" lineWidth="Hairline" startTime="0" />
    </crash>
    <crash assignmentComment="" crashcode="Single_EDR_SideAD_YawRateBeforeT0;6" crashversion="2021-08-31 15:45:49">
      <properties ampMax="1" ampMin="1" ampStep="0" ampVarFlag="true" color="Black" endTime="0" fftMax="5799" fftMin="0" lineStyle="Solid" lineWidth="Hairline" startTime="0" />
    </crash>
    <crash assignmentComment="" crashcode="Multi_EDR_Side_AD_RolloverAD_YawRate;2" crashversion="2022-07-12 20:05:44">
      <properties ampMax="1" ampMin="1" ampStep="0" ampVarFlag="true" color="Black" endTime="0" fftMax="6500.1" fftMin="0" lineStyle="Solid" lineWidth="Hairline" startTime="0" />
    </crash>
    <crash assignmentComment="" crashcode="Multi_EDR_RearND_Front_AD_AnyNoise_YawRate" crashversion="2021-08-31 16:11:14">
      <properties ampMax="1" ampMin="1" ampStep="0" ampVarFlag="true" color="Black" endTime="0" fftMax="6500.1" fftMin="0" lineStyle="Solid" lineWidth="Hairline" startTime="0" />
    </crash>
    <crash assignmentComment="" crashcode="Multi_EDR_RearND_Front_AD_AnyNoise_YawRate;2" crashversion="2023-10-26 12:24:47">
      <properties ampMax="1" ampMin="1" ampStep="0" ampVarFlag="true" color="Black" endTime="0" fftMax="6500.1" fftMin="0" lineStyle="Solid" lineWidth="Hairline" startTime="0" />
    </crash>
  </CrashSet>
</CrashSetProperty>
