<?xml version="1.0"?>
<CrashSetDescription xmlns:xsd="http://www.w3.org/2001/XMLSchema" xmlns:xsi="http://www.w3.org/2001/XMLSchema-instance">
  <Info />
  <CrashSet name="Mazda_AB12_J59z_RBT">
    <crash crashcode="Single_EDR_Front_Inflatable;5" crashversion="2016-09-08 13:24:42" assignmentComment="" />
    <crash crashcode="Single_EDR_SideLeft_Inflatable;5" crashversion="2016-09-08 13:25:45" assignmentComment="" />
    <crash crashcode="Single_EDR_SideRight_Inflatable;5" crashversion="2016-09-08 13:25:45" assignmentComment="" />
    <crash crashcode="Single_EDR_Rear_NonInflatable;5" crashversion="2016-09-08 13:24:44" assignmentComment="" />
    <crash crashcode="Single_EDR_Rear_above_8kph_NoDeployment;5" crashversion="2016-09-08 13:24:43" assignmentComment="" />
    <crash crashcode="Single_EDR_Rollover_Inflatable;5" crashversion="2016-09-08 13:25:44" assignmentComment="" />
    <crash crashcode="Single_EDR_Rollover_Inflatable_MaxDeg1080" crashversion="2024-01-02 05:21:01" assignmentComment="" />
    <crash crashcode="Single_EDR_Rollover_NoDeployment;5" crashversion="2016-09-08 13:25:44" assignmentComment="" />
    <crash crashcode="Single_EDR_Front_above_8kph_NoDeployment;5" crashversion="2016-09-08 13:22:39" assignmentComment="" />
    <crash crashcode="Single_EDR_Side_above_8kph_NoDeployment;5" crashversion="2016-09-08 13:25:44" assignmentComment="" />
    <crash crashcode="Single_EDR_Front_ND_step1g_2000Hz_480g" crashversion="2024-01-04 09:37:17" assignmentComment="" />
    <crash crashcode="Single_EDR_Front_Inflatable;5_UFS-480g;1" crashversion="2024-01-05 11:22:21" assignmentComment="" />
    <crash crashcode="Single_EDR_Rear_NonInflatable;5_UFS_480g;1" crashversion="2024-01-05 11:28:24" assignmentComment="" />
    <crash crashcode="Parallel_EDR_Front_Inflate_SideLeft_Inflate;5" crashversion="2016-09-08 13:20:25" assignmentComment="" />
    <crash crashcode="Multi_EDR_RollrateSinus_FrontAD_8sec;1" crashversion="2018-02-28 16:33:58" assignmentComment="" />
    <crash crashcode="Multi_EDR_FrontNAD_SideDriverND;5" crashversion="2016-09-08 13:21:38" assignmentComment="" />
    <crash crashcode="Multi_EDR_FrontND_SideNoise_FrontAD;5" crashversion="2016-09-08 13:30:59" assignmentComment="" />
    <crash crashcode="Multi_EDR_SideLeftAD_FrontAD_SideRightAD;5" crashversion="2016-09-08 13:21:32" assignmentComment="" />
    <crash crashcode="Multi_EDR_Side_before5s_Front;5" crashversion="2016-09-08 13:21:31" assignmentComment="" />
    <crash crashcode="Single_EDR_Front_Inflatable;5_Diff_UFS" crashversion="2024-01-04 09:09:03" assignmentComment="" />
    <query />
  </CrashSet>
</CrashSetDescription>
