<?xml version="1.0"?>
<CrashSetProperty xmlns:xsd="http://www.w3.org/2001/XMLSchema" xmlns:xsi="http://www.w3.org/2001/XMLSchema-instance">
  <CrashSet name="Mazda_AB12_J59z_RBT">
    <crash assignmentComment="" crashcode="Single_EDR_Front_Inflatable;5" crashversion="2016-09-08 13:24:42">
      <properties ampMax="1" ampMin="1" ampStep="0" ampVarFlag="true" color="Black" endTime="0" fftMax="199.6" fftMin="0" lineStyle="Solid" lineWidth="Hairline" startTime="0" />
    </crash>
    <crash assignmentComment="" crashcode="Single_EDR_SideLeft_Inflatable;5" crashversion="2016-09-08 13:25:45">
      <properties ampMax="1" ampMin="1" ampStep="0" ampVarFlag="true" color="Black" endTime="199.6" fftMax="199.6" fftMin="0" lineStyle="Solid" lineWidth="Hairline" startTime="0" />
    </crash>
    <crash assignmentComment="" crashcode="Single_EDR_SideRight_Inflatable;5" crashversion="2016-09-08 13:25:45">
      <properties ampMax="0.8" ampMin="0.8" ampStep="0" ampVarFlag="true" color="Red" endTime="199.6" fftMax="199.6" fftMin="0" lineStyle="Solid" lineWidth="Hairline" startTime="0" />
    </crash>
    <crash assignmentComment="" crashcode="Single_EDR_Rear_NonInflatable;5" crashversion="2016-09-08 13:24:44">
      <properties ampMax="1" ampMin="1" ampStep="0" ampVarFlag="true" color="Black" endTime="199.6" fftMax="199.6" fftMin="0" lineStyle="Solid" lineWidth="Hairline" startTime="0" />
    </crash>
    <crash assignmentComment="" crashcode="Single_EDR_Rear_above_8kph_NoDeployment;5" crashversion="2016-09-08 13:24:43">
      <properties ampMax="1" ampMin="1" ampStep="0" ampVarFlag="true" color="Black" endTime="199.6" fftMax="199.6" fftMin="0" lineStyle="Solid" lineWidth="Hairline" startTime="0" />
    </crash>
    <crash assignmentComment="" crashcode="Single_EDR_Rollover_Inflatable;5" crashversion="2016-09-08 13:25:44">
      <properties ampMax="1" ampMin="1" ampStep="0" ampVarFlag="true" color="Black" endTime="1000.1" fftMax="1000.1" fftMin="0" lineStyle="Solid" lineWidth="Hairline" startTime="0" />
    </crash>
    <crash assignmentComment="" crashcode="Single_EDR_Rollover_Inflatable_MaxDeg1080" crashversion="2024-01-02 05:21:01">
      <properties ampMax="1" ampMin="1" ampStep="0" ampVarFlag="true" color="Black" endTime="0" fftMax="1000.1" fftMin="0" lineStyle="Solid" lineWidth="Hairline" startTime="0" />
    </crash>
    <crash assignmentComment="" crashcode="Single_EDR_Rollover_NoDeployment;5" crashversion="2016-09-08 13:25:44">
      <properties ampMax="1" ampMin="1" ampStep="0" ampVarFlag="true" color="Black" endTime="1000.1" fftMax="1000.1" fftMin="0" lineStyle="Solid" lineWidth="Hairline" startTime="0" />
    </crash>
    <crash assignmentComment="" crashcode="Single_EDR_Front_above_8kph_NoDeployment;5" crashversion="2016-09-08 13:22:39">
      <properties ampMax="1" ampMin="1" ampStep="0" ampVarFlag="true" color="Black" endTime="199.6" fftMax="199.6" fftMin="0" lineStyle="Solid" lineWidth="Hairline" startTime="0" />
    </crash>
    <crash assignmentComment="" crashcode="Single_EDR_Side_above_8kph_NoDeployment;5" crashversion="2016-09-08 13:25:44">
      <properties ampMax="1" ampMin="1" ampStep="0" ampVarFlag="true" color="Black" endTime="199.6" fftMax="199.6" fftMin="0" lineStyle="Solid" lineWidth="Hairline" startTime="0" />
    </crash>
    <crash assignmentComment="" crashcode="Single_EDR_Front_ND_step1g_2000Hz_480g" crashversion="2024-01-04 09:37:17">
      <properties ampMax="1" ampMin="1" ampStep="0" ampVarFlag="true" color="Black" endTime="0" fftMax="249" fftMin="0" lineStyle="Solid" lineWidth="Hairline" startTime="0" />
    </crash>
    <crash assignmentComment="" crashcode="Single_EDR_Front_Inflatable;5_UFS-480g;1" crashversion="2024-01-05 11:22:21">
      <properties ampMax="1" ampMin="1" ampStep="0" ampVarFlag="true" color="Black" endTime="0" fftMax="199.6" fftMin="0" lineStyle="Solid" lineWidth="Hairline" startTime="0" />
    </crash>
    <crash assignmentComment="" crashcode="Single_EDR_Rear_NonInflatable;5_UFS_480g;1" crashversion="2024-01-05 11:28:24">
      <properties ampMax="1" ampMin="1" ampStep="0" ampVarFlag="true" color="Black" endTime="0" fftMax="199.6" fftMin="0" lineStyle="Solid" lineWidth="Hairline" startTime="0" />
    </crash>
    <crash assignmentComment="" crashcode="Parallel_EDR_Front_Inflate_SideLeft_Inflate;5" crashversion="2016-09-08 13:20:25">
      <properties ampMax="1" ampMin="1" ampStep="0" ampVarFlag="true" color="Black" endTime="219.5" fftMax="219.5" fftMin="0" lineStyle="Solid" lineWidth="Hairline" startTime="0" />
    </crash>
    <crash assignmentComment="" crashcode="Multi_EDR_RollrateSinus_FrontAD_8sec;1" crashversion="2018-02-28 16:33:58">
      <properties ampMax="1" ampMin="1" ampStep="0" ampVarFlag="true" color="Black" endTime="8005.1" fftMax="8005.1" fftMin="0" lineStyle="Solid" lineWidth="Hairline" startTime="0" />
    </crash>
    <crash assignmentComment="" crashcode="Multi_EDR_FrontNAD_SideDriverND;5" crashversion="2016-09-08 13:21:38">
      <properties ampMax="1" ampMin="1" ampStep="0" ampVarFlag="true" color="Black" endTime="389.8" fftMax="389.8" fftMin="0" lineStyle="Solid" lineWidth="Hairline" startTime="0" />
    </crash>
    <crash assignmentComment="" crashcode="Multi_EDR_FrontND_SideNoise_FrontAD;5" crashversion="2016-09-08 13:30:59">
      <properties ampMax="1" ampMin="1" ampStep="0" ampVarFlag="true" color="Black" endTime="2300.1" fftMax="2300.1" fftMin="0" lineStyle="Solid" lineWidth="Hairline" startTime="0" />
    </crash>
    <crash assignmentComment="" crashcode="Multi_EDR_SideLeftAD_FrontAD_SideRightAD;5" crashversion="2016-09-08 13:21:32">
      <properties ampMax="1" ampMin="1" ampStep="0" ampVarFlag="true" color="Black" endTime="4300.1" fftMax="4300.1" fftMin="0" lineStyle="Solid" lineWidth="Hairline" startTime="0" />
    </crash>
    <crash assignmentComment="" crashcode="Multi_EDR_Side_before5s_Front;5" crashversion="2016-09-08 13:21:31">
      <properties ampMax="1" ampMin="1" ampStep="0" ampVarFlag="true" color="Black" endTime="5024.2" fftMax="5024.2" fftMin="0" lineStyle="Solid" lineWidth="Hairline" startTime="0" />
    </crash>
    <crash assignmentComment="" crashcode="Single_EDR_Front_Inflatable;5_Diff_UFS" crashversion="2024-01-04 09:09:03">
      <properties ampMax="1" ampMin="1" ampStep="0" ampVarFlag="true" color="Black" endTime="0" fftMax="199.6" fftMin="0" lineStyle="Solid" lineWidth="Hairline" startTime="0" />
    </crash>
  </CrashSet>
</CrashSetProperty>
