<?xml version="1.0"?>
<CrashSetDescription xmlns:xsd="http://www.w3.org/2001/XMLSchema" xmlns:xsi="http://www.w3.org/2001/XMLSchema-instance">
  <Info />
  <CrashSet name="TS_Front_Rear">
    <crash crashcode="ZJ03F20148011-1_OUT;1" crashversion="2023-02-16 11:41:15" assignmentComment="ID_22-1_122_55" />
    <crash crashcode="ZJ03F20138332-1_OUT;1" crashversion="2023-02-24 11:26:10" assignmentComment="ID_22-2to8_168-1_182-1" />
    <crash crashcode="ZJ03A20148006-1_OUT;1" crashversion="2023-02-16 11:31:06" assignmentComment="ID_22-8" />
    <crash crashcode="ZJ03W20148021-1_OUT;1" crashversion="2023-02-16 11:00:51" assignmentComment="ID_22-8" />
    <crash crashcode="ZJ03W20148047-1_OUT;1" crashversion="2023-02-24 11:23:55" assignmentComment="ID_34_123_168-2_182-2" />
    <query />
  </CrashSet>
</CrashSetDescription>
