<?xml version="1.0"?>
<CrashSetProperty xmlns:xsd="http://www.w3.org/2001/XMLSchema" xmlns:xsi="http://www.w3.org/2001/XMLSchema-instance">
  <CrashSet name="TS_Front_Rear">
    <crash assignmentComment="ID_22-1_122_55" crashcode="ZJ03F20148011-1_OUT;1" crashversion="2023-02-16 11:41:15">
      <properties ampMax="1" ampMin="1" ampStep="0" ampVarFlag="true" color="Black" endTime="0" fftMax="300.1" fftMin="0" lineStyle="Solid" lineWidth="Hairline" startTime="0" />
    </crash>
    <crash assignmentComment="ID_22-2to8_168-1_182-1" crashcode="ZJ03F20138332-1_OUT;1" crashversion="2023-02-24 11:26:10">
      <properties ampMax="1" ampMin="1" ampStep="0" ampVarFlag="true" color="Black" endTime="0" fftMax="300.1" fftMin="0" lineStyle="Solid" lineWidth="Hairline" startTime="0" />
    </crash>
    <crash assignmentComment="ID_22-8" crashcode="ZJ03A20148006-1_OUT;1" crashversion="2023-02-16 11:31:06">
      <properties ampMax="1" ampMin="1" ampStep="0" ampVarFlag="true" color="Black" endTime="0" fftMax="300.1" fftMin="0" lineStyle="Solid" lineWidth="Hairline" startTime="0" />
    </crash>
    <crash assignmentComment="ID_22-8" crashcode="ZJ03W20148021-1_OUT;1" crashversion="2023-02-16 11:00:51">
      <properties ampMax="1" ampMin="1" ampStep="0" ampVarFlag="true" color="Black" endTime="0" fftMax="300.1" fftMin="0" lineStyle="Solid" lineWidth="Hairline" startTime="0" />
    </crash>
    <crash assignmentComment="ID_34_123_168-2_182-2" crashcode="ZJ03W20148047-1_OUT;1" crashversion="2023-02-24 11:23:55">
      <properties ampMax="1" ampMin="1" ampStep="0" ampVarFlag="true" color="Black" endTime="0" fftMax="300.1" fftMin="0" lineStyle="Solid" lineWidth="Hairline" startTime="0" />
    </crash>
  </CrashSet>
</CrashSetProperty>
