<?xml version="1.0"?>
<LookupTables xmlns:xsd="http://www.w3.org/2001/XMLSchema" xmlns:xsi="http://www.w3.org/2001/XMLSchema-instance" name="ECU">
  <LookupTable name="FrtFeaThdY[0]::2" indexFactor="1" hideValues="false" xAxis="false" yAxis="false" />
  <LookupTable name="FrtFeaThdY[1]::2" indexFactor="1" hideValues="false" xAxis="false" yAxis="false" />
  <LookupTable name="FrtFeaThdY[2]::2" indexFactor="1" hideValues="false" xAxis="false" yAxis="false" />
  <LookupTable name="FrtFeaThdY[3]::2" indexFactor="1" hideValues="false" xAxis="false" yAxis="false" />
  <LookupTable name="FrtFeaThdY[4]::2" indexFactor="1" hideValues="false" xAxis="false" yAxis="false" />
  <LookupTable name="FrtFeaThdY[5]::2" indexFactor="1" hideValues="false" xAxis="false" yAxis="false" />
  <LookupTable name="FrtFeaThdY[6]::2" indexFactor="1" hideValues="false" xAxis="false" yAxis="false" />
  <LookupTable name="FrtFeaThdY[7]::2" indexFactor="1" hideValues="false" xAxis="false" yAxis="false" />
  <LookupTable name="FrtFeaThdY[8]::2" indexFactor="1" hideValues="false" xAxis="false" yAxis="false" />
  <LookupTable name="FrtFeaThdY[9]::2" indexFactor="1" hideValues="false" xAxis="false" yAxis="false" />
  <LookupTable name="FrtFeaThdY[10]::2" indexFactor="1" hideValues="false" xAxis="false" yAxis="false" />
  <LookupTable name="FrtFeaThdY[11]::2" indexFactor="1" hideValues="false" xAxis="false" yAxis="false" />
  <LookupTable name="FrtFeaThdY[12]::2" indexFactor="1" hideValues="false" xAxis="false" yAxis="false" />
  <LookupTable name="FrtFeaThdY[13]::2" indexFactor="1" hideValues="false" xAxis="false" yAxis="false" />
  <LookupTable name="FrtFeaThdY[14]::2" indexFactor="1" hideValues="false" xAxis="false" yAxis="false" />
  <LookupTable name="FrtFeaThdY[15]::2" indexFactor="1" hideValues="false" xAxis="false" yAxis="false" />
  <LookupTable name="FrtTrgFireDxYHR[0]::2" indexFactor="1" hideValues="false" xAxis="false" yAxis="false" />
  <LookupTable name="FrtTrgFireDxYHR[1]::2" indexFactor="1" hideValues="false" xAxis="false" yAxis="false" />
  <LookupTable name="FrtTrgFireDxYHR[2]::2" indexFactor="1" hideValues="false" xAxis="false" yAxis="false" />
  <LookupTable name="FrtTrgFireDxYHR[3]::2" indexFactor="1" hideValues="false" xAxis="false" yAxis="false" />
  <LookupTable name="FrtTrgFireDxYHR[4]::2" indexFactor="1" hideValues="false" xAxis="false" yAxis="false" />
  <LookupTable name="FrtTrgMisDxYHR[0]::1" indexFactor="1" hideValues="false" xAxis="false" yAxis="false" />
  <LookupTable name="FrtTrgMisDxYHR[1]::1" indexFactor="1" hideValues="false" xAxis="false" yAxis="false" />
  <LookupTable name="FrtTrgMisDxYHR[2]::1" indexFactor="1" hideValues="false" xAxis="false" yAxis="false" />
  <LookupTable name="RsEnergyCritTable[0]::1" indexFactor="1" hideValues="false" xAxis="false" yAxis="false" />
  <LookupTable name="RsSoilCritTable[0]::1" indexFactor="1" hideValues="false" xAxis="false" yAxis="false" />
  <LookupTable name="SacPasMisThdY[0]::1" indexFactor="1" hideValues="false" xAxis="false" yAxis="false" />
  <LookupTable name="SacPasMisThdY[1]::1" indexFactor="1" hideValues="false" xAxis="false" yAxis="false" />
  <LookupTable name="SacPasSlewLimDep[0]::2" indexFactor="1" hideValues="false" xAxis="false" yAxis="false" />
  <LookupTable name="SacPasSlewLimDep[1]::2" indexFactor="1" hideValues="false" xAxis="false" yAxis="false" />
  <LookupTable name="SacPasSlewTimDep[0]::0" indexFactor="1" hideValues="false" xAxis="false" yAxis="false" />
  <LookupTable name="SacPasSlewTimDep[1]::0" indexFactor="1" hideValues="false" xAxis="false" yAxis="false" />
  <LookupTable name="SacPasVpafCurveY[0]::2" indexFactor="1" hideValues="false" xAxis="false" yAxis="false" />
  <LookupTable name="SacPasVpafCurveY[1]::2" indexFactor="1" hideValues="false" xAxis="false" yAxis="false" />
  <LookupTable name="SprTrgPpsTime[0]::0" indexFactor="1" hideValues="false" xAxis="false" yAxis="false" />
  <LookupTable name="SprTrgPpsThd[0]::2" indexFactor="1" hideValues="false" xAxis="false" yAxis="false" />
  <LookupTable name="RsPlsYAcc::2" indexFactor="1" hideValues="false" xAxis="false" yAxis="false" />
  <LookupTable name="RsPlsZAcc::0" indexFactor="1" hideValues="false" xAxis="false" yAxis="false" />
</LookupTables>
