<?xml version="1.0"?>
<Design
	 xmlns:xsi="http://www.w3.org/2001/XMLSchema-instance"
	 xmlns:xsd="http://www.w3.org/2001/XMLSchema"
	 version="2.2">

	<!-- ECU module -->

	<Module name="ECU" type="MA1210_C0_0004_C0102079_CAT3_x64" version="1" posLeft="375" posTop="170">
		<HardwareConfiguration platform="AB12" sconType="SCON_CG904" endianess="MICROCONTROLLER_NEC" />

		<!-- SCON filter default configuration -->

		<SconFilterDefaultConfiguration allowedFrequency="0" />
		<SconFilterDefaultConfiguration allowedFrequency="43" />
		<SconFilterDefaultConfiguration allowedFrequency="60" />
		<SconFilterDefaultConfiguration allowedFrequency="78" />
		<SconFilterDefaultConfiguration allowedFrequency="98" />

		<!-- ADC default configuration (relevant for internal sensors and bus channels only) -->

		<ADCDefaultConfiguration identifier="ADC12BIT" resolution="12" min="0.0" max="4.5" />
		<ADCDefaultConfiguration identifier="ADC14BIT" resolution="14" min="0.0" max="4.5" />
		<ADCDefaultConfiguration identifier="ADC16BIT" resolution="16" min="0.0" max="4.5" />
		<ADCDefaultConfiguration identifier="ADC10BIT" resolution="10" min="0.0" max="16384" />
		<!-- Module IDs -->

		<ModuleId identifier="ProjIdHB_u8" hexValue="0A" />
		<ModuleId identifier="ProjIdLB_u8" hexValue="72" />
		<ModuleId identifier="SwVersionIdHB_u8" hexValue="6D" omitInSeparateStructs="true" />
		<ModuleId identifier="SwVersionIdLB_u8" hexValue="97" omitInSeparateStructs="true" />
		<ModuleId identifier="AlgoMDSId_u8" hexValue="01" omitInSeparateStructs="true" />
		<ModuleId identifier="ParaId_u8" hexValue="FF" />
		<ModuleId identifier="ParaLayoutID1_u8" hexValue="00" />
		<ModuleId identifier="ParaLayoutID2_u8" hexValue="00" />
		<ModuleId identifier="ParaLayoutID3_u8" hexValue="00" />
		<ModuleId identifier="ParaLayoutID4_u8" hexValue="00" />
		<ModuleId identifier="ParaTransferID1_u8" hexValue="00" />
		<ModuleId identifier="ParaTransferID2_u8" hexValue="00" />
		<ModuleId identifier="ParaTransferID3_u8" hexValue="00" />
		<ModuleId identifier="ParaTransferID4_u8" hexValue="00" />
		<ModuleId identifier="CentralSensorMain_u8" hexValue="59" omitInSeparateStructs="true" />
		<ModuleId identifier="CentralSensorPlausi_u8" hexValue="51" omitInSeparateStructs="true" />
		<ModuleId identifier="InertialSensor1SMI860_u8" hexValue="71" omitInSeparateStructs="true" />
		<ModuleId identifier="UfsLIdHB_u8" hexValue="7A" omitInSeparateStructs="true" />
		<ModuleId identifier="UfsLIdLB_u8" hexValue="43" omitInSeparateStructs="true" />
		<ModuleId identifier="UfsRIdHB_u8" hexValue="7A" omitInSeparateStructs="true" />
		<ModuleId identifier="UfsRIdLB_u8" hexValue="42" omitInSeparateStructs="true" />
		<ModuleId identifier="UfsCIdHB_u8" hexValue="7A" omitInSeparateStructs="true" />
		<ModuleId identifier="UfsCIdLB_u8" hexValue="42" omitInSeparateStructs="true" />
		<ModuleId identifier="PasFLIdHB_u8" hexValue="71" omitInSeparateStructs="true" />
		<ModuleId identifier="PasFLIdLB_u8" hexValue="4B" omitInSeparateStructs="true" />
		<ModuleId identifier="PasFRIdHB_u8" hexValue="71" omitInSeparateStructs="true" />
		<ModuleId identifier="PasFRIdLB_u8" hexValue="4B" omitInSeparateStructs="true" />
		<ModuleId identifier="PasMLIdHB_u8" hexValue="71" omitInSeparateStructs="true" />
		<ModuleId identifier="PasMLIdLB_u8" hexValue="4A" omitInSeparateStructs="true" />
		<ModuleId identifier="PasMRIdHB_u8" hexValue="71" omitInSeparateStructs="true" />
		<ModuleId identifier="PasMRIdLB_u8" hexValue="4A" omitInSeparateStructs="true" />
		<ModuleId identifier="PpsFLIdHB_u8" hexValue="9C" omitInSeparateStructs="true" />
		<ModuleId identifier="PpsFLIdLB_u8" hexValue="53" omitInSeparateStructs="true" />
		<ModuleId identifier="PpsFRIdHB_u8" hexValue="9C" omitInSeparateStructs="true" />
		<ModuleId identifier="PpsFRIdLB_u8" hexValue="53" omitInSeparateStructs="true" />
		<ModuleId identifier="RcsCIdHB_u8" hexValue="FF" omitInSeparateStructs="true" />
		<ModuleId identifier="RcsCIdLB_u8" hexValue="FE" omitInSeparateStructs="true" />

		<!-- Algo Input Channels for internal sensors -->

		<AlgoInputChannel index="0" name="Acc_HG" sensorLocation="ax_highG" rotator="ay_highG" dir="X" invert="false" samplingInterrupt="Algorithm">
			<FilterElement type="SMA760_axay_128g_426Hz_x64" version="7"  enable="true" />
			<FilterElement type="Nullfilter: transfer function = 1" version="1" enable="false" />
			<ADC identifier="ADC14BIT" resolution="14" supplyVoltage="4.5" min="0.0" max="4.5" tolerance="1.0" offset="0" enable="true"/>
			<SCONConnection enable="true" clipLowerLimit="-512" clipUpperLimit="511" defaultThreshold="24" defaultFilterFrequency="98" disY="false" disX="true" disW="false" safetyId="SCON_SAFETY_ID_0" zeroBit="false" shiftBit="true" shiftInBits="3" />
			<Communication sensorHwName="CS_SensorType_SMA760" syncDelay="0" />
		</AlgoInputChannel>

		<AlgoInputChannel index="1" name="Acc_HG" sensorLocation="ay_highG" rotator="ax_highG" dir="Y" invert="false" samplingInterrupt="Algorithm">
			<FilterElement type="SMA760_axay_128g_426Hz_x64" version="7"  enable="true" />
			<FilterElement type="Nullfilter: transfer function = 1" version="1" enable="false" />
			<ADC identifier="ADC14BIT" resolution="14" supplyVoltage="4.5" min="0.0" max="4.5" tolerance="1.0" offset="0" enable="true"/>
			<SCONConnection enable="true" clipLowerLimit="-512" clipUpperLimit="511" defaultThreshold="24" defaultFilterFrequency="98" disY="false" disX="false" disW="false" safetyId="SCON_SAFETY_ID_1" zeroBit="false" shiftBit="true" shiftInBits="3" />
			<Communication sensorHwName="CS_SensorType_SMA760" syncDelay="0" />
		</AlgoInputChannel>

		<AlgoInputChannel index="2" name="Acc_RHG" sensorLocation="ax_highG_rd" rotator="" dir="X" invert="true" samplingInterrupt="Algorithm">
			<FilterElement type="SMA720_ax_128g_426Hz_x64" version="7"  enable="true" />
			<FilterElement type="Nullfilter: transfer function = 1" version="1" enable="false" />
			<ADC identifier="ADC14BIT" resolution="14" supplyVoltage="4.5" min="0.0" max="4.5" tolerance="1.0" offset="0" enable="true"/>
			<SCONConnection enable="false" />
			<Communication sensorHwName="CS_SensorType_SMA720" syncDelay="0" />
		</AlgoInputChannel>

		<AlgoInputChannel index="3" name="Acc_RHG" sensorLocation="ay_highG_rd" rotator="" dir="Y" invert="false" samplingInterrupt="Algorithm">
			<FilterElement type="SMA720_ax_128g_426Hz_x64" version="7"  enable="true" />
			<FilterElement type="Nullfilter: transfer function = 1" version="1" enable="false" />
			<ADC identifier="ADC14BIT" resolution="14" supplyVoltage="4.5" min="0.0" max="4.5" tolerance="1.0" offset="0" enable="true"/>
			<SCONConnection enable="false" />
			<Communication sensorHwName="CS_SensorType_SMA720" syncDelay="0" />
		</AlgoInputChannel>

		<AlgoInputChannel index="4" name="Acc_RHG" sensorLocation="az_midG" rotator="" dir="Z" invert="false" samplingInterrupt="Algorithm">
			<FilterElement type="SMA720_az_32g_53Hz_x64" version="4"  enable="true" />
			<FilterElement type="Nullfilter: transfer function = 1" version="1" enable="false" />
			<ADC identifier="ADC14BIT" resolution="14" supplyVoltage="4.5" min="0.0" max="4.5" tolerance="1.0" offset="0" enable="true"/>
			<SCONConnection enable="false" />
			<Communication sensorHwName="CS_SensorType_SMA720" syncDelay="0" />
		</AlgoInputChannel>

		<AlgoInputChannel index="5" name="Acc_MG" sensorLocation="ax_midG" rotator="" dir="X" invert="true" samplingInterrupt="Algorithm">
			<FilterElement type="SMI800_810_860_axay_35g_260Hz_x64" version="6"  enable="true" />
			<FilterElement type="Nullfilter: transfer function = 1" version="1" enable="false" />
			<ADC identifier="ADC16BIT" resolution="16" supplyVoltage="4.5" min="0.0" max="4.5" tolerance="1.0" offset="0" enable="true"/>
			<SCONConnection enable="false" />
			<Communication sensorHwName="CS_SensorType_SMI860" syncDelay="0" />
		</AlgoInputChannel>

		<AlgoInputChannel index="6" name="Acc_MG" sensorLocation="ay_midG" rotator="" dir="Y" invert="false" samplingInterrupt="Algorithm">
			<FilterElement type="SMI800_810_860_axay_35g_260Hz_x64" version="6"  enable="true" />
			<FilterElement type="Nullfilter: transfer function = 1" version="1" enable="false" />
			<ADC identifier="ADC16BIT" resolution="16" supplyVoltage="4.5" min="0.0" max="4.5" tolerance="1.0" offset="0" enable="true"/>
			<SCONConnection enable="false" />
			<Communication sensorHwName="CS_SensorType_SMI860" syncDelay="0" />
		</AlgoInputChannel>

		<AlgoInputChannel index="7" name="Acc_LG" sensorLocation="ax_lowG" rotator="" dir="X" invert="true" samplingInterrupt="Algorithm">
			<FilterElement type="SMI800_810_860_axay_6g_75Hz_x64" version="6"  enable="true" />
			<FilterElement type="Nullfilter: transfer function = 1" version="1" enable="false" />
			<ADC identifier="ADC16BIT" resolution="16" supplyVoltage="4.5" min="0.0" max="4.5" tolerance="1.0" offset="0" enable="true"/>
			<SCONConnection enable="false" />
			<Communication sensorHwName="CS_SensorType_SMI860" syncDelay="0" />
		</AlgoInputChannel>

		<AlgoInputChannel index="8" name="Acc_LG" sensorLocation="ay_lowG" rotator="" dir="Y" invert="false" samplingInterrupt="Algorithm">
			<FilterElement type="SMI800_810_860_axay_6g_75Hz_x64" version="6"  enable="true" />
			<FilterElement type="Nullfilter: transfer function = 1" version="1" enable="false" />
			<ADC identifier="ADC16BIT" resolution="16" supplyVoltage="4.5" min="0.0" max="4.5" tolerance="1.0" offset="0" enable="true"/>
			<SCONConnection enable="false" />
			<Communication sensorHwName="CS_SensorType_SMI860" syncDelay="0" />
		</AlgoInputChannel>

		<AlgoInputChannel index="9" name="Acc_LG" sensorLocation="az_lowG" rotator="" dir="Z" invert="true" samplingInterrupt="Algorithm">
			<FilterElement type="SMI810_860_az_bottomLayer_6g_66Hz_x64" version="6"  enable="true" />
			<FilterElement type="Nullfilter: transfer function = 1" version="1" enable="false" />
			<ADC identifier="ADC16BIT" resolution="16" supplyVoltage="4.5" min="0.0" max="4.5" tolerance="1.0" offset="0" enable="true"/>
			<SCONConnection enable="false" />
			<Communication sensorHwName="CS_SensorType_SMI860" syncDelay="0" />
		</AlgoInputChannel>

		<AlgoInputChannel index="10" name="Angular_Rate" sensorLocation="rateX" rotator="" dir="X" invert="true" samplingInterrupt="Algorithm">
			<FilterElement type="SMI860_SMI810_SMG810_wxwy_300grads_75Hz_x64" version="3"  enable="true" />
			<FilterElement type="Nullfilter: transfer function = 1" version="1" enable="false" />
			<ADC identifier="ADC16BIT" resolution="16" supplyVoltage="4.5" min="0.0" max="4.5" tolerance="1.0" offset="0" enable="true"/>
			<SCONConnection enable="true" clipLowerLimit="-512" clipUpperLimit="511" defaultThreshold="86" defaultFilterFrequency="98" disY="false" disX="false" disW="false" safetyId="SCON_SAFETY_ID_4" zeroBit="false" shiftBit="true" shiftInBits="5" />
			<Communication sensorHwName="CS_SensorType_SMI860" syncDelay="0" />
		</AlgoInputChannel>

		<AlgoInputChannel index="11" name="Angular_Rate" sensorLocation="rateZ" rotator="" dir="Z" invert="true" samplingInterrupt="Algorithm">
			<FilterElement type="SMI860_wz_300grads_75Hz_x64" version="4"  enable="true" />
			<FilterElement type="Nullfilter: transfer function = 1" version="1" enable="false" />
			<ADC identifier="ADC16BIT" resolution="16" supplyVoltage="4.5" min="0.0" max="4.5" tolerance="1.0" offset="0" enable="true"/>
			<SCONConnection enable="false" />
			<Communication sensorHwName="CS_SensorType_SMI860" syncDelay="0" />
		</AlgoInputChannel>

		<!-- inertial_valid Channel (if needed) -->

		<AlgoInputChannel index="12" name="Valid" sensorLocation="inertial_valid" rotator="" dir="0" invert="false" samplingInterrupt="Algorithm" samplingIndex="LAST">
			<FilterElement type="NoFilter (1g=1LSB)" version="1" enable="false" />
			<FilterElement type="Nullfilter: transfer function = 1" version="1" enable="true" />
			<ADC identifier="ADC16BIT" resolution="16" supplyVoltage="4.5" min="0.0" max="4.5" tolerance="1.0" offset="0" enable="true"/>
			<SCONConnection enable="false" />
			<Communication sensorHwName="CS_SensorType_SMI700" syncDelay="0" />
		</AlgoInputChannel>

		<!-- Bus Channels (if any) -->


		<!-- Communication Input Channels for external sensors -->

		<CommunicationInputChannel name="UFSD" syncDelay="0.049" index="0" sensorLocation="UFSR" type="UFS6sf">
			<SCONConnection enable="false" />
			<Receiver type="RECEIVER_SYNC_2KHZ" buffer="1" />
		</CommunicationInputChannel>

		<CommunicationInputChannel name="UFSC" syncDelay="0.049" index="1" sensorLocation="UFSM" type="UFS6sf">
			<SCONConnection enable="false" />
			<Receiver type="RECEIVER_SYNC_2KHZ" buffer="1" />
		</CommunicationInputChannel>

		<CommunicationInputChannel name="UFSP" syncDelay="0.049" index="2" sensorLocation="UFSL" type="UFS6sf">
			<SCONConnection enable="false" />
			<Receiver type="RECEIVER_SYNC_2KHZ" buffer="1" />
		</CommunicationInputChannel>

		<CommunicationInputChannel name="PASFD" syncDelay="0.049" index="3" sensorLocation="PASFR" type="PAS6sf">
			<SCONConnection enable="true" clipLowerLimit="-512" clipUpperLimit="511" defaultThreshold="16" defaultFilterFrequency="0" disY="false" disX="false" disW="false" safetyId="SCON_SAFETY_ID_9" zeroBit="true" shiftBit="false" />
			<Receiver type="RECEIVER_SYNC_2KHZ" buffer="1" />
		</CommunicationInputChannel>

		<CommunicationInputChannel name="PASFP" syncDelay="0.049" index="4" sensorLocation="PASFL" type="PAS6sf">
			<SCONConnection enable="true" clipLowerLimit="-512" clipUpperLimit="511" defaultThreshold="16" defaultFilterFrequency="0" disY="false" disX="false" disW="false" safetyId="SCON_SAFETY_ID_10" zeroBit="true" shiftBit="false" />
			<Receiver type="RECEIVER_SYNC_2KHZ" buffer="1" />
		</CommunicationInputChannel>

		<CommunicationInputChannel name="PASMD" syncDelay="0.049" index="5" sensorLocation="PASMR" type="PAS6sf">
			<SCONConnection enable="true" clipLowerLimit="-512" clipUpperLimit="511" defaultThreshold="16" defaultFilterFrequency="0" disY="false" disX="false" disW="false" safetyId="SCON_SAFETY_ID_11" zeroBit="true" shiftBit="false" />
			<Receiver type="RECEIVER_SYNC_2KHZ" buffer="1" />
		</CommunicationInputChannel>

		<CommunicationInputChannel name="PASMP" syncDelay="0.049" index="6" sensorLocation="PASML" type="PAS6sf">
			<SCONConnection enable="true" clipLowerLimit="-512" clipUpperLimit="511" defaultThreshold="16" defaultFilterFrequency="0" disY="false" disX="false" disW="false" safetyId="SCON_SAFETY_ID_12" zeroBit="true" shiftBit="false" />
			<Receiver type="RECEIVER_SYNC_2KHZ" buffer="1" />
		</CommunicationInputChannel>

		<CommunicationInputChannel name="PPSFD" syncDelay="0.3617" index="7" sensorLocation="PPSFR" type="PPS3e">
			<SCONConnection enable="true" clipLowerLimit="-512" clipUpperLimit="511" defaultThreshold="24" defaultFilterFrequency="0" disY="false" disX="false" disW="false" safetyId="SCON_SAFETY_ID_5" zeroBit="true" shiftBit="false" />
			<Receiver type="RECEIVER_SYNC_2KHZ" buffer="1" />
		</CommunicationInputChannel>

		<CommunicationInputChannel name="PPSFP" syncDelay="0.3617" index="8" sensorLocation="PPSFL" type="PPS3e">
			<SCONConnection enable="true" clipLowerLimit="-512" clipUpperLimit="511" defaultThreshold="24" defaultFilterFrequency="0" disY="false" disX="false" disW="false" safetyId="SCON_SAFETY_ID_6" zeroBit="true" shiftBit="false" />
			<Receiver type="RECEIVER_SYNC_2KHZ" buffer="1" />
		</CommunicationInputChannel>

		<CommunicationInputChannel name="PASRC" syncDelay="0.049" index="9" sensorLocation="PESR" type="PAS6sf">
			<SCONConnection enable="false" />
			<Receiver type="RECEIVER_SYNC_2KHZ" buffer="1" />
		</CommunicationInputChannel>

		<!-- Reference Channels -->

		<ReferenceChannel index="0" name="DISPLACEMENT" dir="X" unit="cm" invert="false" sensorLocation="REF_DIS_X" />
		<ReferenceChannel index="1" name="VELOCITY" dir="X" unit="km/h" invert="false" sensorLocation="REF_VEL_X" />
		<ReferenceChannel index="2" name="ACCELERATION" dir="X" unit="g" invert="false" sensorLocation="REF_ACC_X" />
		<ReferenceChannel index="3" name="ACCELERATION" dir="Y" unit="g" invert="false" sensorLocation="REF_ACC_Y" />
		<ReferenceChannel index="4" name="ACCELERATION" dir="Z" unit="g" invert="false" sensorLocation="REF_ACC_Z" />
		<ReferenceChannel index="5" name="ANGLE" dir="X" unit="deg" invert="false" sensorLocation="REF_ANG_X" />
		<ReferenceChannel index="6" name="ANGULAR RATE" dir="X" unit="deg/s" invert="false" sensorLocation="REF_RAT_X" />
		<ReferenceChannel index="7" name="ANGLE" dir="Y" unit="deg" invert="false" sensorLocation="REF_ANG_Y" />
		<ReferenceChannel index="8" name="ANGULAR RATE" dir="Y" unit="deg/s" invert="false" sensorLocation="REF_RAT_Y" />
	</Module>


	<!-- module definitions for external sensors -->


	<Module name="UFSD" type="UFS6sf" virtualSensorIsSync="true" virtualSensorSampling="0.1137777" virtualSensor="true" version="0.0" posLeft="65" posTop="100">
		<HardwareConfiguration />
		<ADCDefaultConfiguration identifier="ADC10BIT" resolution="10" min="0.0" max="4.5" />
		<AlgoInputChannel index="0" name="UFSD" sensorLocation="UFSD" rotator="" dir="X" invert="true" samplingInterrupt="DataAquisition">
			<FilterElement type="UFS6s_SMA783_sync_axaz_az_480g_426Hz_x64" version="5"  enable="true" />
			<FilterElement type="Nullfilter: transfer function = 1" version="1" enable="false" />
			<ADC identifier="ADC10BIT" resolution="10" supplyVoltage="4.5" min="0.0" max="4.5" tolerance="1.0" offset="0" enable="true"/>
			<SCONConnection enable="false" />
			<Communication syncDelay="0" />
		</AlgoInputChannel>
		<CommunicationOutputChannel index="0" type="UFS6sf" />
	</Module>

	<Module name="UFSC" type="UFS6sf" virtualSensorIsSync="true" virtualSensorSampling="0.1137777" virtualSensor="true" version="0.0" posLeft="50" posTop="170">
		<HardwareConfiguration />
		<ADCDefaultConfiguration identifier="ADC10BIT" resolution="10" min="0.0" max="4.5" />
		<AlgoInputChannel index="0" name="UFSC" sensorLocation="UFSC" rotator="" dir="X" invert="true" samplingInterrupt="DataAquisition">
			<FilterElement type="UFS6s_SMA783_sync_axaz_az_480g_426Hz_x64" version="5"  enable="true" />
			<FilterElement type="Nullfilter: transfer function = 1" version="1" enable="false" />
			<ADC identifier="ADC10BIT" resolution="10" supplyVoltage="4.5" min="0.0" max="4.5" tolerance="1.0" offset="0" enable="true"/>
			<SCONConnection enable="false" />
			<Communication syncDelay="0" />
		</AlgoInputChannel>
		<CommunicationOutputChannel index="0" type="UFS6sf" />
	</Module>

	<Module name="UFSP" type="UFS6sf" virtualSensorIsSync="true" virtualSensorSampling="0.1137777" virtualSensor="true" version="0.0" posLeft="65" posTop="240">
		<HardwareConfiguration />
		<ADCDefaultConfiguration identifier="ADC10BIT" resolution="10" min="0.0" max="4.5" />
		<AlgoInputChannel index="0" name="UFSP" sensorLocation="UFSP" rotator="" dir="X" invert="true" samplingInterrupt="DataAquisition">
			<FilterElement type="UFS6s_SMA783_sync_axaz_az_480g_426Hz_x64" version="5"  enable="true" />
			<FilterElement type="Nullfilter: transfer function = 1" version="1" enable="false" />
			<ADC identifier="ADC10BIT" resolution="10" supplyVoltage="4.5" min="0.0" max="4.5" tolerance="1.0" offset="0" enable="true"/>
			<SCONConnection enable="false" />
			<Communication syncDelay="0" />
		</AlgoInputChannel>
		<CommunicationOutputChannel index="0" type="UFS6sf" />
	</Module>

	<Module name="PASFD" type="PAS6sf" virtualSensorIsSync="true" virtualSensorSampling="0.1137777" virtualSensor="true" version="0.0" posLeft="375" posTop="50">
		<HardwareConfiguration />
		<ADCDefaultConfiguration identifier="ADC10BIT" resolution="10" min="0.0" max="4.5" />
		<AlgoInputChannel index="0" name="PASFD" sensorLocation="PASFD" rotator="" dir="Y" invert="false" samplingInterrupt="DataAquisition">
			<FilterElement type="PAS6s_SMA782_sync_axay_240g_426Hz_x64" version="5"  enable="true" />
			<FilterElement type="Nullfilter: transfer function = 1" version="1" enable="false" />
			<ADC identifier="ADC10BIT" resolution="10" supplyVoltage="4.5" min="0.0" max="4.5" tolerance="1.0" offset="0" enable="true"/>
			<SCONConnection enable="true" />
			<Communication syncDelay="0" />
		</AlgoInputChannel>
		<CommunicationOutputChannel index="0" type="PAS6sf" />
	</Module>

	<Module name="PASFP" type="PAS6sf" virtualSensorIsSync="true" virtualSensorSampling="0.1137777" virtualSensor="true" version="0.0" posLeft="375" posTop="290">
		<HardwareConfiguration />
		<ADCDefaultConfiguration identifier="ADC10BIT" resolution="10" min="0.0" max="4.5" />
		<AlgoInputChannel index="0" name="PASFP" sensorLocation="PASFP" rotator="" dir="Y" invert="true" samplingInterrupt="DataAquisition">
			<FilterElement type="PAS6s_SMA782_sync_axay_240g_426Hz_x64" version="5"  enable="true" />
			<FilterElement type="Nullfilter: transfer function = 1" version="1" enable="false" />
			<ADC identifier="ADC10BIT" resolution="10" supplyVoltage="4.5" min="0.0" max="4.5" tolerance="1.0" offset="0" enable="true"/>
			<SCONConnection enable="true" />
			<Communication syncDelay="0" />
		</AlgoInputChannel>
		<CommunicationOutputChannel index="0" type="PAS6sf" />
	</Module>

	<Module name="PASMD" type="PAS6sf" virtualSensorIsSync="true" virtualSensorSampling="0.1137777" virtualSensor="true" version="0.0" posLeft="525" posTop="50">
		<HardwareConfiguration />
		<ADCDefaultConfiguration identifier="ADC10BIT" resolution="10" min="0.0" max="4.5" />
		<AlgoInputChannel index="0" name="PASMD" sensorLocation="PASMD" rotator="" dir="Y" invert="false" samplingInterrupt="DataAquisition">
			<FilterElement type="PAS6s_SMA782_sync_axay_240g_426Hz_x64" version="5"  enable="true" />
			<FilterElement type="Nullfilter: transfer function = 1" version="1" enable="false" />
			<ADC identifier="ADC10BIT" resolution="10" supplyVoltage="4.5" min="0.0" max="4.5" tolerance="1.0" offset="0" enable="true"/>
			<SCONConnection enable="true" />
			<Communication syncDelay="0" />
		</AlgoInputChannel>
		<CommunicationOutputChannel index="0" type="PAS6sf" />
	</Module>

	<Module name="PASMP" type="PAS6sf" virtualSensorIsSync="true" virtualSensorSampling="0.1137777" virtualSensor="true" version="0.0" posLeft="525" posTop="290">
		<HardwareConfiguration />
		<ADCDefaultConfiguration identifier="ADC10BIT" resolution="10" min="0.0" max="4.5" />
		<AlgoInputChannel index="0" name="PASMP" sensorLocation="PASMP" rotator="" dir="Y" invert="true" samplingInterrupt="DataAquisition">
			<FilterElement type="PAS6s_SMA782_sync_axay_240g_426Hz_x64" version="5"  enable="true" />
			<FilterElement type="Nullfilter: transfer function = 1" version="1" enable="false" />
			<ADC identifier="ADC10BIT" resolution="10" supplyVoltage="4.5" min="0.0" max="4.5" tolerance="1.0" offset="0" enable="true"/>
			<SCONConnection enable="true" />
			<Communication syncDelay="0" />
		</AlgoInputChannel>
		<CommunicationOutputChannel index="0" type="PAS6sf" />
	</Module>

	<Module name="PPSFD" type="PPS3e" virtualSensorIsSync="true" virtualSensorSampling="0.1137777" virtualSensor="true" version="0.0" posLeft="300" posTop="50">
		<HardwareConfiguration />
		<ADCDefaultConfiguration identifier="ADC10BIT" resolution="10" min="0.0" max="4.5" />
		<AlgoInputChannel index="0" name="PPSFD" sensorLocation="PPSFD" rotator="" dir="0" invert="false" samplingInterrupt="DataAquisition">
			<FilterElement type="PPS3e_PTS1e_SMP470_sync_pn_Range1_460Hz_x64" version="4"  enable="true" />
			<FilterElement type="Nullfilter: transfer function = 1" version="1" enable="false" />
			<ADC identifier="ADC10BIT" resolution="10" supplyVoltage="4.5" min="0.0" max="4.5" tolerance="1.0" offset="0" enable="true"/>
			<SCONConnection enable="true" />
			<Communication syncDelay="0" />
		</AlgoInputChannel>
		<CommunicationOutputChannel index="0" type="PPS3e" />
	</Module>

	<Module name="PPSFP" type="PPS3e" virtualSensorIsSync="true" virtualSensorSampling="0.1137777" virtualSensor="true" version="0.0" posLeft="300" posTop="290">
		<HardwareConfiguration />
		<ADCDefaultConfiguration identifier="ADC10BIT" resolution="10" min="0.0" max="4.5" />
		<AlgoInputChannel index="0" name="PPSFP" sensorLocation="PPSFP" rotator="" dir="0" invert="false" samplingInterrupt="DataAquisition">
			<FilterElement type="PPS3e_PTS1e_SMP470_sync_pn_Range1_460Hz_x64" version="4"  enable="true" />
			<FilterElement type="Nullfilter: transfer function = 1" version="1" enable="false" />
			<ADC identifier="ADC10BIT" resolution="10" supplyVoltage="4.5" min="0.0" max="4.5" tolerance="1.0" offset="0" enable="true"/>
			<SCONConnection enable="true" />
			<Communication syncDelay="0" />
		</AlgoInputChannel>
		<CommunicationOutputChannel index="0" type="PPS3e" />
	</Module>

	<Module name="PASRC" type="PAS6sf" virtualSensorIsSync="true" virtualSensorSampling="0.1137777" virtualSensor="true" version="0.0" posLeft="655" posTop="170">
		<HardwareConfiguration />
		<ADCDefaultConfiguration identifier="ADC10BIT" resolution="10" min="0.0" max="4.5" />
		<AlgoInputChannel index="0" name="PASRC" sensorLocation="PASRC" rotator="" dir="X" invert="false" samplingInterrupt="DataAquisition">
			<FilterElement type="PAS6s_SMA782_sync_axay_240g_426Hz_x64" version="5"  enable="true" />
			<FilterElement type="Nullfilter: transfer function = 1" version="1" enable="false" />
			<ADC identifier="ADC10BIT" resolution="10" supplyVoltage="4.5" min="0.0" max="4.5" tolerance="1.0" offset="0" enable="true"/>
			<SCONConnection enable="false" />
			<Communication syncDelay="0" />
		</AlgoInputChannel>
		<CommunicationOutputChannel index="0" type="PAS6sf" />
	</Module>


	<!-- connections for external sensors -->

	<Connection fromName="UFSD" fromPort="0" toName="ECU" toPort="0">
		<Point x="375" y="185" />
	</Connection>
	<Connection fromName="UFSC" fromPort="0" toName="ECU" toPort="1">
		<Point x="375" y="185" />
	</Connection>
	<Connection fromName="UFSP" fromPort="0" toName="ECU" toPort="2">
		<Point x="375" y="185" />
	</Connection>
	<Connection fromName="PASFD" fromPort="0" toName="ECU" toPort="3">
		<Point x="375" y="185" />
	</Connection>
	<Connection fromName="PASFP" fromPort="0" toName="ECU" toPort="4">
		<Point x="375" y="185" />
	</Connection>
	<Connection fromName="PASMD" fromPort="0" toName="ECU" toPort="5">
		<Point x="375" y="185" />
	</Connection>
	<Connection fromName="PASMP" fromPort="0" toName="ECU" toPort="6">
		<Point x="375" y="185" />
	</Connection>
	<Connection fromName="PPSFD" fromPort="0" toName="ECU" toPort="7">
		<Point x="375" y="185" />
	</Connection>
	<Connection fromName="PPSFP" fromPort="0" toName="ECU" toPort="8">
		<Point x="375" y="185" />
	</Connection>
	<Connection fromName="PASRC" fromPort="0" toName="ECU" toPort="9">
		<Point x="375" y="185" />
	</Connection>
</Design>