<?xml version="1.0"?>
<UserSettings xmlns:xsd="http://www.w3.org/2001/XMLSchema" xmlns:xsi="http://www.w3.org/2001/XMLSchema-instance">
  <VersionInfo GUI="MDSng 7.6.1.70  64bit" SimCore="7.6.1.70  64bit" />
  <SimulationTime />
  <EnhancementTime time="50000" />
  <CombinationCrash overlap="OVERLAP_ADD" timeshift="40">
    <DefaultCrash crashset="TS_Front_Rear" name="ZJ03W20148047-1_OUT;1" assignmentComment="ID_34_123_168-2_182-2" />
    <SecondCrash crashset="TS_Front_Rear" name="ZJ03W20148047-1_OUT;1" assignmentComment="ID_34_123_168-2_182-2" />
  </CombinationCrash>
  <PrintManager paperSize="0" paperOrientation="false" left="0" top="0" right="0" bottom="0" countPages="0" />
  <CrashTime byCursor="true" />
  <SimJob name="J59Z_SRT" />
  <CreisFile name="CREIS_1UFS" />
  <GroupOrder />
  <ViewTabOrder>
    <ViewTab name="ARTR" />
    <ViewTab name="FrRe_CTL" />
    <ViewTab name="Frt_AB1_BT" />
    <ViewTab name="Frt_AB2" />
    <ViewTab name="Frt_CalView" />
    <ViewTab name="Frt_CG" />
    <ViewTab name="Frt_Stc" />
    <ViewTab name="Frt_UfsOffset" />
    <ViewTab name="Frt_Yoffset" />
    <ViewTab name="EDR" />
    <ViewTab name="Integration_Test" />
    <ViewTab name="Rear" />
    <ViewTab name="Squibs" />
    <ViewTab name="Plot_Front" />
    <ViewTab name="Plot_Rear" />
    <ViewTab name="Plot_RoSe" />
    <ViewTab name="Plot_Side" />
    <ViewTab name="RoSeBase" />
    <ViewTab name="S_CG" />
    <ViewTab name="S_CTL" />
    <ViewTab name="S_CustCSABS" />
    <ViewTab name="S_SAC2_General" />
    <ViewTab name="S_SAC2_VPAF" />
    <ViewTab name="S_SPR_General" />
  </ViewTabOrder>
  <CrashSetOrder>
    <CrashSet name="1000G" expandedInCDMRightView="false" />
    <CrashSet name="TS_Front_Rear" expandedInCDMRightView="false" />
    <CrashSet name="J34H_SDP_Crashset" expandedInCDMRightView="false" />
    <CrashSet name="J59Z_Crashset" expandedInCDMRightView="false" />
    <CrashSet name="J59Z_Crashset_CA" expandedInCDMRightView="false" />
    <CrashSet name="Mazda_AB12_J59z_RBT" />
  </CrashSetOrder>
  <CrashList>
    <Field name="CrashCode" />
    <Field name="Description" />
    <Field name="Speed" />
    <Field name="Temperature" />
    <Field name="SpeedXDirection" />
    <Field name="ClosingSpeed" />
    <Field name="Unit" />
    <Field name="Start" />
    <Field name="End" />
    <Field name="Type" />
    <Field name="MappingComment" />
    <Field name="Reliability" />
  </CrashList>
  <CrashList type="Combination">
    <Field name="CrashCode" />
    <Field name="Description" />
    <Field name="Speed" />
    <Field name="Temperature" />
    <Field name="SpeedXDirection" />
    <Field name="ClosingSpeed" />
    <Field name="Unit" />
    <Field name="Start" />
    <Field name="End" />
    <Field name="Type" />
    <Field name="MappingComment" />
    <Field name="Reliability" />
  </CrashList>
  <CrashList type="CDMLeft">
    <Field name="CrashCode" />
    <Field name="Description" />
    <Field name="Speed" />
    <Field name="Temperature" />
    <Field name="SpeedXDirection" />
    <Field name="ClosingSpeed" />
    <Field name="Unit" />
    <Field name="Start" />
    <Field name="End" />
    <Field name="Type" />
    <Field name="MappingComment" />
    <Field name="Reliability" />
  </CrashList>
  <CrashList type="CDMRight">
    <Field name="CrashCode" />
    <Field name="Description" />
    <Field name="Speed" />
    <Field name="Temperature" />
    <Field name="SpeedXDirection" />
    <Field name="ClosingSpeed" />
    <Field name="Unit" />
    <Field name="Start" />
    <Field name="End" />
    <Field name="Type" />
    <Field name="MappingComment" />
    <Field name="Reliability" />
  </CrashList>
  <CrashDBSearchResult>
    <Field name="CrashCode" />
    <Field name="Description" />
    <Field name="Speed" />
    <Field name="Unit" />
    <Field name="Type" />
    <Field name="Manufacturer" />
  </CrashDBSearchResult>
  <SimulationSideBar>
    <Field name="Amplitude1" />
    <Field name="Amplitude2" />
    <Field name="Offset" />
    <Field name="FrequencyFactor" />
    <Field name="TimeShift" />
  </SimulationSideBar>
  <Module name="ECU">
    <AlgFile path="C:\Users\hwa1kor\Desktop\others\dummy.alg" />
    <AlgFile path="D:\Sachin\Sandboxes\Mazda_1117472_J34A\Mazda_1117472_J34A\ma12_development\rb_cfg_Config\rb_cfgd_ConfigDefinitions\rb_cfgo_ConfigAlgo\mds\MDSProject\Parameter\dummy66.alg" />
    <AlgFile path="D:\Sachin\Sandboxes\Mazda_1117472_J34A\Mazda_1117472_J34A\ma12_development\rb_cfg_Config\rb_cfgd_ConfigDefinitions\rb_cfgo_ConfigAlgo\mds\MDSProject\Parameter\AlgoCP9.alg" />
    <AlgFile path="M:\03-Projects\13-Mazda\23-J30.AB12\B.Dev\01.Algo_dev\ACP0-CA_M04_10\10-MDSng\Parameter\J30-FFESFEReFERoFE-B0_1R.alg" />
    <AlgFile path="M:\03-Projects\13-Mazda\23-J30.AB12\B.Dev\01.Algo_dev\ACP2-CA-M04_10\3_SRT\MDSng\Parameter\J30A-FA4SA4ReA4RoA4-C0_0100_4R.alg" />
    <AlgFile path="M:\03-Projects\13-Mazda\23-J30.AB12\B.Dev\01.Algo_dev\ACP2-CA-M04_10\3_SRT\MDSng\Parameter\J30A-FA4SA4ReA4RoA4-C0_0100_4R_ara.alg" />
    <AlgFile path="M:\03-Projects\13-Mazda\23-J30.AB12\B.Dev\01.Algo_dev\ACP2-CA-M04_10\3_SRT\MDSng\Parameter\J30A-FA4SA4ReA4RoA4-C0_0100_1R.alg" />
    <AlgFile path="M:\03-Projects\13-Mazda\23-J30.AB12\B.Dev\01.Algo_dev\ACP2-CA-M04_10\3_SRT\MDSng\Parameter\sample.alg" />
    <AlgFile path="C:\Users\PHY1KOR\Desktop\Learning_ESA\mds\Parameter\J30A-F07S07ReFFR05_CgNF-1R.alg" />
    <AlgFile path="C:\Users\PHY1KOR\Desktop\Learning_ESA\mds\Parameter\J30A-F07S07Re01RFF_CgNF-1R.alg" />
    <AlgFile path="C:\Users\PHY1KOR\Desktop\Learning_ESA\mds\Parameter\J30A-F07S07Re01R06_CgNF-1R.alg" />
    <AlgFile path="Y:\23-J30.AB12\B.Dev\01.Algo_dev\ACP2-CA-M04_10\5-EMC\Parameter\J30A-F07S07Re01R06_CgNF-1R.alg" />
    <AlgFile path="Y:\23-J30.AB12\B.Dev\01.Algo_dev\ACP3-CA-M04_14\5-EMC\Parameter\J30A-F07S07Re01R06_CgNF-1R_CP3.alg" />
    <AlgFile path="Y:\23-J30.AB12\B.Dev\01.Algo_dev\ACP3-CA-M04_14\5-EMC\Parameter\J30A-F07S07Re01R05_CgFire-1R_CP3.alg" />
    <AlgFile path="Y:\23-J30.AB12\B.Dev\01.Algo_dev\ACP3-CA-M04_14\5-EMC\Parameter\J30A-F07S07Re01R05_EMC-1R_CP3.alg" />
    <AlgFile path="M:\03-Projects\13-Mazda\24-J72A.AB12\B.Dev\AlgoDev\Algo_CP1\FileToSW\A0(EMC)\parameter\J72AAB12-FA0SA0ReA0RA0_EMC-1R_CP1.alg" />
    <AlgFile path="\\bosch.com\dfsrb\DfsJP\DIV\CC\PS\AB\EPD-JP\Close\06-Team_Activity\06.02-Algorithm_Skill_Gr\03-Projects\13-Mazda\23-J30.AB12\B.Dev\01.Algo_dev\ACP3-CA-M04_14\5-EMC\Parameter\J30A-FA0SA0ReA0RA0_EMC-1R_CP3.alg" />
    <AlgFile path="\\bosch.com\dfsrb\DfsJP\DIV\CC\PS\AB\EPD-JP\Close\06-Team_Activity\06.02-Algorithm_Skill_Gr\03-Projects\13-Mazda\23-J30.AB12\B.Dev\01.Algo_dev\ACP5-CA-M04_14_11\EMC\Parameter\J30A-FA6SA6ReA6RA6_EMC-1R_CP5.alg" />
    <AlgFile path="\\bosch.com\dfsrb\DfsJP\DIV\CC\PS\AB\EPD-JP\Close\06-Team_Activity\06.02-Algorithm_Skill_Gr\03-Projects\13-Mazda\24-J72A.AB12\B.Dev\AlgoDev\Algo_CP1\MDSng_EMC\Parameter\J72AAB12-FA0SA0ReA0RA0_EMC-1R_CP1.alg" />
    <AlgFile path="\\bosch.com\dfsrb\DfsJP\DIV\CC\PS\AB\EPD-JP\Close\06-Team_Activity\06.02-Algorithm_Skill_Gr\03-Projects\13-Mazda\24-J72A.AB12\B.Dev\AlgoDev\Algo_CP2_spider\FileToSW\a.A9(EMC)\Parameter\J72AAB12-FA9SA9ReA9RA9_EMC-1R_CP2.alg" />
    <AlgFile path="M:\03-Projects\13-Mazda\24-J72A.AB12\B.Dev\AlgoDev\Algo_CP3_ocs_fix\EMC\MDSng\Parameter\Scratch.alg" />
    <AlgFile path="M:\03-Projects\13-Mazda\24-J72A.AB12\B.Dev\AlgoDev\Algo_CP3_ocs_fix\EMC\MDSng\Parameter\(Copy)J72AAB12-FA9SA9ReA9RA9_EMC-1R_CP2.alg" />
    <AlgFile path="M:\03-Projects\13-Mazda\24-J72A.AB12\B.Dev\AlgoDev\Algo_CP3_ocs_fix\EMC\MDSng\Parameter\(Copy)J72AAB12_FFESFEReFERoFE_1R_CP2_NoFire.alg" />
    <AlgFile path="M:\03-Projects\13-Mazda\24-J72A.AB12\B.Dev\AlgoDev\Algo_CP3_ocs_fix\EMC\MDSng\Parameter\J72AAB12-FA9SA9ReA9RA9_EMC-1R_CP3.alg" />
    <AlgFile path="M:\03-Projects\13-Mazda\24-J72A.AB12\B.Dev\AlgoDev\Algo_CP3_ocs_fix\EMC\MDSng\Parameter\J72AAB12_FFESFEReFERoFE_1R_CP3_NoFire.alg" />
    <AlgFile path="O:\05_Mazda\008_BM-00065451_J72A_IPM6\PM\A_App\001_Cal\01.Cal.US_Study\B.MDS\00-Master\OUT_Filtered\Parameter\J72AAB12-Scratch.alg" />
    <AlgFile path="R:\05_Mazda\008_BM-00065451_J72A_IPM6\PM\A_App\01_Cal\01.Cal.US_Study\B.MDS\00-Master\OUT_Filtered\Parameter\J72AAB12-Scratch.alg" />
    <AlgFile path="R:\05_Mazda\008_BM-00065451_J72A_IPM6\PM\A_App\01_Cal\01.Cal.US_Study\B.MDS\01-Fr_Re\Parameter\J72AAB12_F00(tnb00)Re00(sai02)_1R_CP3.alg" />
    <AlgFile path="R:\05_Mazda\008_BM-00065451_J72A_IPM6\PM\A_App\01_Cal\01.Cal.US_Study\B.MDS\01-Fr_Re\Parameter\J72AAB12_F00(tnb01)Re00(sai02)_1R_CP3.alg" />
    <AlgFile path="R:\05_Mazda\008_BM-00065451_J72A_IPM6\PM\A_App\01_Cal\01.Cal.US_Study\B.MDS\01-Fr_Re\Parameter\J72AAB12_F00(tnb02)Re00(sai02)_1R_CP3.alg" />
    <AlgFile path="R:\05_Mazda\008_BM-00065451_J72A_IPM6\PM\A_App\01_Cal\01.Cal.US_SOP\B.MDS\00-Master\Parameters\J72AAB12_Si00(aru09)_1R_CP3.alg" />
    <AlgFile path="R:\05_Mazda\008_BM-00065451_J72A_IPM6\PM\A_App\01_Cal\01.Cal.US_SOP\B.MDS\00-Master\Parameters\J72AAB12_Si00(aru11)_1R_CP3.alg" />
    <AlgFile path="R:\05_Mazda\008_BM-00065451_J72A_IPM6\PM\A_App\01_Cal\01.Cal.US_SOP\B.MDS\00-Master\Parameters\J72AAB12_Si00(aru12)_1R_CP3.alg" />
    <AlgFile path="R:\05_Mazda\008_BM-00065451_J72A_IPM6\PM\A_App\01_Cal\01.Cal.US_SOP\B.MDS\03-Si_Ro\Parameter\J72AAB12_Si00(aru16)_1R_CP3.alg" />
    <AlgFile path="R:\05_Mazda\008_BM-00065451_J72A_IPM6\PM\A_App\01_Cal\01.Cal.US_SOP\B.MDS\03-Si_Ro\Parameter\J72AAB12_Si00(aru17)_1R_CP3.alg" />
    <AlgFile path="R:\05_Mazda\008_BM-00065451_J72A_IPM6\PM\A_App\01_Cal\01.Cal.US_SOP\B.MDS\01-Fr_Re\Parameter\J72AAB12_F00(tnb03-03)_1R_CP3.alg" />
    <AlgFile path="R:\05_Mazda\008_BM-00065451_J72A_IPM6\PM\A_App\01_Cal\01.Cal.US_SOP\B.MDS\03-Si_Ro\Parameter\J72AAB12_S00(aru17)_1R_CP3.alg" />
    <AlgFile path="R:\05_Mazda\008_BM-00065451_J72A_IPM6\PM\A_App\01_Cal\01.Cal.US_SOP\B.MDS\03-Si_Ro\Parameter\J72AAB12_S00(aru18-01)_1R_CP3.alg" />
    <AlgFile path="R:\05_Mazda\008_BM-00065451_J72A_IPM6\PM\A_App\01_Cal\01.Cal.US_SOP\B.MDS\03-Si_Ro\Parameter\J72AAB12_S00(aru18-02)_1R_CP3.alg" />
    <AlgFile path="R:\05_Mazda\008_BM-00065451_J72A_IPM6\PM\A_App\01_Cal\01.Cal.US_SOP\B.MDS\03-Si_Ro\Parameter\J72AAB12_S00(aru18-03)_1R_CP3.alg" />
    <AlgFile path="R:\05_Mazda\008_BM-00065451_J72A_IPM6\PM\A_App\01_Cal\01.Cal.US_SOP\B.MDS\03-Si_Ro\Parameter\J72AAB12_S00(aru21)_1R_CP3.alg" />
    <AlgFile path="R:\05_Mazda\008_BM-00065451_J72A_IPM6\PM\A_App\01_Cal\01.Cal.US_SOP\B.MDS\03-Si_Ro\Parameter\J72AAB12_S00(aru22-05)_1R_CP3.alg" />
    <AlgFile path="R:\05_Mazda\008_BM-00065451_J72A_IPM6\PM\A_App\01_Cal\01.Cal.US_SOP\B.MDS\03-Si_Ro\Parameter\J72AAB12_S00(aru22-06)_1R_CP3.alg" />
    <AlgFile path="R:\05_Mazda\008_BM-00065451_J72A_IPM6\PM\A_App\01_Cal\01.Cal.US_SOP\B.MDS\03-Si_Ro\Parameter\J72AAB12_S00(aru22-00)_1R_CP3.alg" />
    <AlgFile path="R:\05_Mazda\008_BM-00065451_J72A_IPM6\PM\A_App\01_Cal\01.Cal.US_SOP\B.MDS\03-Si_Ro\Parameter\J72AAB12_S00(aru22-07)_1R_CP3.alg" />
    <AlgFile path="R:\05_Mazda\008_BM-00065451_J72A_IPM6\PM\A_App\01_Cal\01.Cal.US_SOP\B.MDS\03-Si_Ro\Parameter\J72AAB12_S00(aru22-09)_1R_CP3.alg" />
    <AlgFile path="R:\05_Mazda\008_BM-00065451_J72A_IPM6\PM\A_App\01_Cal\01.Cal.US_SOP\B.MDS\03-Si_Ro\Parameter\J72AAB12_S00(aru18)_1R_CP3.alg" />
    <AlgFile path="R:\05_Mazda\008_BM-00065451_J72A_IPM6\PM\A_App\01_Cal\01.Cal.US_SOP\B.MDS\03-Si_Ro\Parameter\J72AAB12_S00(aru22)_1R_CP3.alg" />
    <AlgFile path="R:\05_Mazda\008_BM-00065451_J72A_IPM6\PM\A_App\01_Cal\01.Cal.US_SOP\B.MDS\03-Si_Ro\Parameter\J72AAB12_S00(aru22-08)_1R_CP3.alg" />
    <AlgFile path="R:\05_Mazda\008_BM-00065451_J72A_IPM6\PM\A_App\01_Cal\01.Cal.US_SOP\B.MDS\03-Si_Ro\Parameter\J72AAB12_S00(aru23)_1R_CP3.alg" />
    <AlgFile path="R:\05_Mazda\008_BM-00065451_J72A_IPM6\PM\A_App\01_Cal\01.Cal.US_SOP\B.MDS\03-Si_Ro\Parameter\J72AAB12_S00(aru23-01)_1R_CP3.alg" />
    <AlgFile path="R:\05_Mazda\008_BM-00065451_J72A_IPM6\PM\A_App\01_Cal\01.Cal.US_SOP\B.MDS\03-Si_Ro\Parameter\J72AAB12_S00(aru23-02)_1R_CP3.alg" />
    <AlgFile path="R:\05_Mazda\008_BM-00065451_J72A_IPM6\PM\A_App\01_Cal\01.Cal.US_SOP\B.MDS\03-Si_Ro\Parameter\J72AAB12_S00(aru24)_1R_CP3.alg" />
    <AlgFile path="R:\05_Mazda\008_BM-00065451_J72A_IPM6\PM\A_App\01_Cal\01.Cal.US_SOP\B.MDS\03-Si_Ro\Parameter\J72AAB12_S00(aru25)_1R_CP3.alg" />
    <AlgFile path="R:\05_Mazda\008_BM-00065451_J72A_IPM6\PM\A_App\01_Cal\01.Cal.US_SOP\B.MDS\03-Si_Ro\Parameter\J72AAB12_S00(aru25-01)_1R_CP3.alg" />
    <AlgFile path="R:\05_Mazda\008_BM-00065451_J72A_IPM6\PM\A_App\01_Cal\01.Cal.US_SOP\B.MDS\01-Fr_Re\Parameter\J72AAB12_F00(tnb03-12)_1R_CP3.alg" />
    <AlgFile path="R:\05_Mazda\008_BM-00065451_J72A_IPM6\PM\A_App\01_Cal\01.Cal.US_SOP\B.MDS\01-Fr_Re\Parameter\J72AAB12_F00(tnb03-13)_1R_CP3.alg" />
    <AlgFile path="R:\05_Mazda\008_BM-00065451_J72A_IPM6\PM\A_App\01_Cal\01.Cal.US_SOP\B.MDS\01-Fr_Re\Parameter\J72AAB12_F00(tnb04-00)_1R_CP3.alg" />
    <AlgFile path="R:\05_Mazda\008_BM-00065451_J72A_IPM6\PM\A_App\01_Cal\01.Cal.US_SOP\B.MDS\03-Si_Ro\Parameter\J72AAB12_S00(aru26)_1R_CP3.alg" />
    <AlgFile path="R:\05_Mazda\008_BM-00065451_J72A_IPM6\PM\A_App\01_Cal\01.Cal.US_SOP\B.MDS\03-Si_Ro\Parameter\J72AAB12_S00(aru27)_1R_CP3.alg" />
    <AlgFile path="R:\05_Mazda\008_BM-00065451_J72A_IPM6\PM\A_App\01_Cal\01.Cal.US_SOP\B.MDS\03-Si_Ro\Parameter\J72AAB12_S00(aru28)_1R_CP3.alg" />
    <AlgFile path="R:\05_Mazda\008_BM-00065451_J72A_IPM6\PM\A_App\01_Cal\01.Cal.US_SOP\B.MDS\01-Fr_Re\Sai_Temp\J72AAB12_F00(tnb04_Sai02)_1R_CP3.alg" />
    <AlgFile path="R:\05_Mazda\008_BM-00065451_J72A_IPM6\PM\A_App\01_Cal\01.Cal.US_SOP\B.MDS\01-Fr_Re\Parameter\J72AAB12_F00(tnb04-01)_1R_CP3.alg" />
    <AlgFile path="R:\05_Mazda\008_BM-00065451_J72A_IPM6\PM\A_App\01_Cal\01.Cal.US_SOP\B.MDS\03-Si_Ro\Parameter\J72AAB12-S00(aru28)Ro00(aru02)-1R_CP3.alg" />
    <AlgFile path="R:\05_Mazda\008_BM-00065451_J72A_IPM6\PM\A_App\01_Cal\01.Cal.US_SOP\B.MDS\03-Si_Ro\Parameter\J72AAB12-S00(aru30)-1R_CP3.alg" />
    <AlgFile path="R:\05_Mazda\008_BM-00065451_J72A_IPM6\PM\A_App\01_Cal\01.Cal.US_SOP\B.MDS\03-Si_Ro\Parameter\J72AAB12-S00(aru29)-1R_CP3.alg" />
    <AlgFile path="R:\05_Mazda\008_BM-00065451_J72A_IPM6\PM\A_App\01_Cal\01.Cal.US_SOP\B.MDS\03-Si_Ro\Parameter\J72AAB12-S00(aru28)-1R_CP3.alg" />
    <AlgFile path="R:\05_Mazda\008_BM-00065451_J72A_IPM6\PM\A_App\01_Cal\01.Cal.US_SOP\B.MDS\03-Si_Ro\Parameter\J72AAB12-S00(aru29_hht01)-1R_CP3.alg" />
    <AlgFile path="R:\05_Mazda\008_BM-00065451_J72A_IPM6\PM\A_App\01_Cal\01.Cal.US_SOP\B.MDS\01-Fr_Re\Parameter\J72AAB12_F00(tnb05-01)_1R_CP3.alg" />
    <AlgFile path="R:\05_Mazda\008_BM-00065451_J72A_IPM6\PM\A_App\01_Cal\01.Cal.US_SOP\B.MDS\01-Fr_Re\Parameter\J72AAB12_F00(tnb06-01)_1R_CP3.alg" />
    <AlgFile path="R:\05_Mazda\008_BM-00065451_J72A_IPM6\PM\A_App\01_Cal\01.Cal.US_SOP\B.MDS\01-Fr_Re\Parameter\J72AAB12_F00(tnb05-02)_1R_CP3.alg" />
    <AlgFile path="R:\05_Mazda\008_BM-00065451_J72A_IPM6\PM\A_App\01_Cal\01.Cal.US_SOP\B.MDS\01-Fr_Re\Parameter\J72AAB12_F00(tnb05-03)_1R_CP3.alg" />
    <AlgFile path="R:\05_Mazda\008_BM-00065451_J72A_IPM6\PM\A_App\01_Cal\01.Cal.US_SOP\B.MDS\01-Fr_Re\Parameter\J72AAB12_F00(tnb05-04)_1R_CP3.alg" />
    <AlgFile path="R:\05_Mazda\008_BM-00065451_J72A_IPM6\PM\A_App\01_Cal\01.Cal.US_SOP\B.MDS\01-Fr_Re\Parameter\J72AAB12_F00(tnb10)_1R_CP3.alg" />
    <AlgFile path="R:\05_Mazda\008_BM-00065451_J72A_IPM6\PM\A_App\01_Cal\01.Cal.US_SOP\B.MDS\01-Fr_Re\Parameter\J72AAB12_F00(tnb11)_1R_CP3.alg" />
    <AlgFile path="R:\05_Mazda\008_BM-00065451_J72A_IPM6\PM\A_App\01_Cal\01.Cal.US_SOP\B.MDS\01-Fr_Re\Parameter\J72AAB12_F00(tnb11-01)_1R_CP3.alg" />
    <AlgFile path="R:\05_Mazda\008_BM-00065451_J72A_IPM6\PM\A_App\01_Cal\01.Cal.US_SOP\B.MDS\01-Fr_Re\Parameter\J72AAB12_F00(tnb13-01)_1R_CP3.alg" />
    <AlgFile path="R:\05_Mazda\008_BM-00065451_J72A_IPM6\PM\A_App\01_Cal\01.Cal.US_SOP\B.MDS\01-Fr_Re\Parameter\J72AAB12_F00(tnb13)_1R_CP3.alg" />
    <AlgFile path="R:\05_Mazda\008_BM-00065451_J72A_IPM6\PM\A_App\01_Cal\01.Cal.US_SOP\B.MDS\01-Fr_Re\Parameter\J72AAB12_F00(tnb13-02)_1R_CP3.alg" />
    <AlgFile path="R:\05_Mazda\008_BM-00065451_J72A_IPM6\PM\A_App\01_Cal\01.Cal.US_SOP\B.MDS\01-Fr_Re\Parameter\J72AAB12-F00(tnb15)-1R_CP3.alg" />
    <AlgFile path="R:\05_Mazda\008_BM-00065451_J72A_IPM6\PM\A_App\01_Cal\01.Cal.US_SOP\B.MDS\01-Fr_Re\Parameter\J72AAB12-F00(tnb15-01)-1R_CP3.alg" />
    <AlgFile path="R:\05_Mazda\008_BM-00065451_J72A_IPM6\PM\A_App\01_Cal\01.Cal.US_SOP\B.MDS\01-Fr_Re\Parameter\J72AAB12-F00(tnb15-02)-1R_CP3.alg" />
    <AlgFile path="R:\05_Mazda\008_BM-00065451_J72A_IPM6\PM\A_App\01_Cal\01.Cal.US_SOP\B.MDS\01-Fr_Re\Parameter\J72AAB12-F00(tnb16)-1R_CP3.alg" />
    <AlgFile path="R:\05_Mazda\008_BM-00065451_J72A_IPM6\PM\A_App\01_Cal\01.Cal.US_SOP\B.MDS\01-Fr_Re\Parameter\J72AAB12-F00(tnb16)-1R_CP3_LHM.alg" />
    <AlgFile path="R:\05_Mazda\008_BM-00065451_J72A_IPM6\PM\A_App\01_Cal\01.Cal.US_SOP\B.MDS\00-Master\Parameters\J72AAB12-F00(tnb16)S00(aru31)Re00(sai02)Ro00(aru02)_woPPS.alg" />
    <AlgFile path="R:\05_Mazda\008_BM-00065451_J72A_IPM6\PM\A_App\01_Cal\01.Cal.US_SOP\B.MDS\01-Fr_Re\Parameter\J72AAB12-F00(tnb16)-1R_CP3_V25.alg" />
    <AlgFile path="R:\05_Mazda\008_BM-00065451_J72A_IPM6\PM\A_App\01_Cal\01.Cal.US_SOP\B.MDS\01-Fr_Re\Parameter\J72AAB12-F00(tnb16)-1R_CP3_V55.alg" />
    <AlgFile path="R:\05_Mazda\008_BM-00065451_J72A_IPM6\PM\A_App\01_Cal\01.Cal.US_SOP\B.MDS\01-Fr_Re\Parameter\J72AAB12-F00(tnb16)-1R_CP3_V75.alg" />
    <AlgFile path="R:\05_Mazda\008_BM-00065451_J72A_IPM6\PM\A_App\01_Cal\01.Cal.US_SOP\B.MDS\01-Fr_Re\Parameter\J72AAB12-F00(tnb16)-1R_CP3_V25_LHM.alg" />
    <AlgFile path="R:\05_Mazda\008_BM-00065451_J72A_IPM6\PM\A_App\01_Cal\01.Cal.US_SOP\B.MDS\01-Fr_Re\Parameter\J72AAB12-F00(tnb16)-1R_CP3_V55_LHM.alg" />
    <AlgFile path="R:\05_Mazda\008_BM-00065451_J72A_IPM6\PM\A_App\01_Cal\01.Cal.US_SOP\B.MDS\01-Fr_Re\Parameter\J72AAB12-F00(tnb16)-1R_CP3_V75_LHM.alg" />
    <AlgFile path="R:\05_Mazda\008_BM-00065451_J72A_IPM6\PM\A_App\01_Cal\01.Cal.US_SOP\B.MDS\00-Master\Parameters\J72AAB12-Scratch-1R_CP3_OUT.alg" />
    <AlgFile path="R:\05_Mazda\008_BM-00065451_J72A_IPM6\PM\A_App\01_Cal\02.Cal.Rus_SOP\B.MDS\01-Fr_Re\Parameter\J72AAB12-F01(Sai05)_V55_LHM-1R_CP3.alg" />
    <AlgFile path="R:\05_Mazda\008_BM-00065451_J72A_IPM6\PM\A_App\01_Cal\02.Cal.Rus_SOP\B.MDS\01-Fr_Re\Parameter\J72AAB12-F01(Sai05)_LHM-1R_CP3.alg" />
    <AlgFile path="R:\05_Mazda\008_BM-00065451_J72A_IPM6\PM\A_App\01_Cal\02.Cal.Rus_SOP\B.MDS\01-Fr_Re\Parameter\J72AAB12-F01(Sai05)_V55-1R_CP3.alg" />
    <AlgFile path="R:\05_Mazda\008_BM-00065451_J72A_IPM6\PM\A_App\01_Cal\02.Cal.Rus_SOP\B.MDS\01-Fr_Re\Parameter\J72AAB12-F01(Sai05)-1R_CP3.alg" />
    <AlgFile path="R:\05_Mazda\008_BM-00065451_J72A_IPM6\PM\A_App\01_Cal\02.Cal.Rus_SOP\B.MDS\01-Fr_Re\Parameter\J72AAB12-F01(Sai06-V55)-1R_CP3.alg" />
    <AlgFile path="R:\05_Mazda\008_BM-00065451_J72A_IPM6\PM\A_App\01_Cal\02.Cal.Rus_SOP\B.MDS\01-Fr_Re\Parameter\J72AAB12-F01(Sai06-LHM-V55)-1R_CP3.alg" />
    <AlgFile path="R:\05_Mazda\008_BM-00065451_J72A_IPM6\PM\A_App\01_Cal\02.Cal.Rus_SOP\B.MDS\00-Master\Parameters\J72AAB12-F01S00Re00Ro00-1R_CP3.alg" />
    <AlgFile path="\\bosch.com\dfsrb\DfsJP\DIV\CC\PS\CC-OSS\50_Projects\05_Mazda\008_BM-00065451_J72A_IPM6\PM\A_App\01_Cal\02.Cal.Rus_SOP\B.MDS\01-Fr_Re\Parameter\J72AAB12-F01(Sai06)-1R_CP3.alg" />
    <AlgFile path="\\bosch.com\dfsrb\DfsJP\DIV\CC\PS\CC-OSS\50_Projects\05_Mazda\008_BM-00065451_J72A_IPM6\PM\A_App\01_Cal\03.Cal.NonUS_SOP\B.MDS\00-Master\Parameters\J72AAB12-F01S00Re00RoFE-1R_CP3___.alg" />
    <AlgFile path="\\bosch.com\dfsrb\DfsJP\DIV\CC\PS\CC-OSS\50_Projects\05_Mazda\008_BM-00065451_J72A_IPM6\PM\A_App\01_Cal\03.Cal.NonUS_SOP\B.MDS\00-Master\Parameters\J72AAB12-F01S00Re00RoFE-1R_CP3.alg" />
    <AlgFile path="\\bosch.com\dfsrb\DfsJP\DIV\CC\PS\CC-OSS\50_Projects\05_Mazda\019_BM-00058714_J03Z\PM\A_App\001_Cal\03_J03z.PreEMC\E.CREIS\Parameter\J03zAB12-F00S00Re00RFE-C2_0001_1R_RHD.alg" />
    <AlgFile path="\\bosch.com\dfsrb\DfsJP\DIV\CC\PS\CC-OSS\50_Projects\05_Mazda\019_BM-00058714_J03Z\PM\A_App\001_Cal\03_J03z.PreEMC\E.CREIS\Parameter\J03zAB12-F00S00Re00RFE-C2_0001_1R_RHD_1UFS.alg" />
    <AlgFile path="\\bosch.com\dfsrb\DfsJP\DIV\CC\PS\CC-OSS\50_Projects\05_Mazda\019_BM-00058714_J03Z\PM\A_App\001_Cal\03_J03z.PreEMC\E.CREIS\Parameter\J03zAB12-F00S00Re00RFE-C2_0001_1R_RHD_V55.alg" />
    <AlgFile path="\\bosch.com\dfsrb\DfsJP\DIV\CC\PS\CC-OSS\50_Projects\05_Mazda\019_BM-00058714_J03Z\PM\A_App\001_Cal\03_J03z.PreEMC\E.CREIS\Parameter\J03zAB12-F00S00Re00RFE-C2_0001_1R_RHD_V55_1UFS.alg" />
    <AlgFile path="\\bosch.com\dfsrb\DfsJP\DIV\CC\PS\CC-OSS\50_Projects\05_Mazda\019_BM-00058714_J03Z\PM\A_App\001_Cal\03_J03z.PreEMC\E.CREIS\Parameter\J03zAB12-F00S00Re00RFE-C2_0001_1R_RHD_V55_1UFSwoPPS.alg" />
    <AlgFile path="\\bosch.com\dfsrb\DfsJP\DIV\CC\PS\CC-OSS\50_Projects\05_Mazda\019_BM-00058714_J03Z\PM\A_App\001_Cal\03_J03z.PreEMC\E.CREIS\Parameter\J03zAB12-F00S00Re00RFE-C2_0001_1R_1UFS.alg" />
    <AlgFile path="\\bosch.com\dfsrb\DfsJP\DIV\CC\PS\CC-OSS\50_Projects\05_Mazda\019_BM-00058714_J03Z\PM\A_App\001_Cal\03_J03z.PreEMC\E.CREIS\Parameter\J03zAB12-F00S00Re00RFE-C2_0001_1R_1UFS_V55.alg" />
    <AlgFile path="\\bosch.com\dfsrb\DfsJP\DIV\CC\PS\CC-OSS\50_Projects\05_Mazda\019_BM-00058714_J03Z\PM\A_App\001_Cal\03_J03z.PreEMC\E.CREIS\Parameter\J03zAB12-F00S00Re00RFE-C2_0001_1R.alg" />
    <AlgFile path="C:\__Sai\Mazda\J30X\SRT_Support\R00\Parameter\J30X_FA0SA0ReA0RoA0_1R.alg" />
    <AlgFile path="C:\__Sai\Mazda\J03z_AB12\J03A\SRTR-support\CrashFile_for_EMC_homologation\parameter\J30X_FA2SA2ReA2RoA2_1R.alg" />
    <AlgFile path="C:\__Sai\Mazda\J03z_AB12\J03A\SRTR-support\CrashFile_for_EMC_homologation\parameter\J30X_FA1SA1ReA1RoA1_1R.alg" />
    <AlgFile path="C:\__Sai\Mazda\J03z_AB12\J03A\SRTR-support\CrashFile_for_EMC_homologation\parameter\ref_from_J30X\J30X_FA2SA2ReA2RoA2_1R.alg" />
    <AlgFile path="C:\__Sai\Mazda\J03z_AB12\J03A\SRTR-support\CrashFile_for_EMC_homologation\parameter\J03Z_FA0SA0ReA0RoA0_1R.alg" />
    <AlgFile path="C:\__Sai\Mazda\J03z_AB12\J03A\SRTR-support\CrashFile_for_EMC_homologation\parameter\J03Z_FA1SA1ReA1RoA1_1R.alg" />
    <AlgFile path="C:\__Sai\Mazda\J03z_AB12\J03A\SRTR-support\Rev01\parameter\J03Z_FA0SA0ReA0RoA0_1R.alg" />
    <AlgFile path="C:\__Sai\Mazda\J03z_AB12\J03A\SRTR-support\Rev01\parameter\J03Z_FA1SA1ReA1RoA1_1R.alg" />
    <AlgFile path="C:\__Sai\Mazda\J03z_AB12\J03A\ARTR\TS_Fr_Re\parameter\J03Z_FA0SA0ReA0RoA0_1R.alg" />
    <AlgFile path="C:\__Sai\Mazda\J03z_AB12\J03A\ARTR\TS_Fr_Re\parameter\ID_258.alg" />
    <AlgFile path="C:\__Sai\Mazda\J03z_AB12\J03A\ARTR\TS_Fr_Re-Rev3\Test_22\22-.alg" />
    <AlgFile path="C:\__Sai\Mazda\J03z_AB12\J03A\ARTR\TS_Fr_Re-Rev3\Test_22\J03zAB12-F01(Pra09)S01(hht11)Re01(pra01)RFE.alg" />
    <AlgFile path="C:\__Sai\Mazda\J03z_AB12\J03A\ARTR\TS_Fr_Re-Rev3\Test_22\22_2-before.alg" />
    <AlgFile path="C:\__Sai\Mazda\J03z_AB12\J03A\ARTR\TS_Fr_Re-Rev3\Test_22\22_2-after.alg" />
    <AlgFile path="C:\__Sai\Mazda\J03z_AB12\J03A\ARTR\TS_Fr_Re-Rev3\Test_22\22_3.alg" />
    <AlgFile path="C:\__Sai\Mazda\J03z_AB12\J03A\ARTR\TS_Fr_Re-Rev3\Test_22\22-5.alg" />
    <AlgFile path="C:\__Sai\Mazda\J03z_AB12\J03A\ARTR\TS_Fr_Re-Rev3\Test_22\22-6.alg" />
    <AlgFile path="C:\__Sai\Mazda\J03z_AB12\J03A\ARTR\TS_Fr_Re-Rev3\Test_34\34-1.alg" />
    <AlgFile path="C:\__Sai\Mazda\J03z_AB12\J03A\ARTR\TS_Fr_Re\parameter\J03zAB12-F01(Pra09)S01(hht11)Re01(pra01)RFE.alg" />
    <AlgFile path="C:\__Sai\Mazda\J03z_AB12\J03A\ARTR\TS_Fr_Re-Rev3\Test_34\34.alg" />
    <AlgFile path="C:\__Sai\Mazda\J03z_AB12\J03A\ARTR\TS_Fr_Re-Rev3\Test_34\34_2-before.alg" />
    <AlgFile path="C:\__Sai\Mazda\J03z_AB12\J03A\ARTR\TS_Fr_Re-Rev3\Test_34\34_2-after.alg" />
    <AlgFile path="C:\__Sai\Mazda\J03z_AB12\J03A\ARTR\TS_Fr_Re-Rev3\Test_22\22_1-disabled_Pls.alg" />
    <AlgFile path="C:\__Sai\Mazda\J03z_AB12\J03A\ARTR\TS_Fr_Re-Rev3\Test_22\22_1.alg" />
    <AlgFile path="C:\__Sai\Mazda\J03z_AB12\J03A\ARTR\TS_Fr_Re-Rev3\Test_22\22.alg" />
    <AlgFile path="C:\__Sai\Mazda\J03z_AB12\J03A\ARTR\TS_Fr_Re-Rev3\Test_22\22_2.alg" />
    <AlgFile path="C:\_Projects\_Mazda_J59Z\J59Z_RBT\J34HX_FA3SA3ReA3RoA3_1R_SRTR.alg" />
    <AlgFile path="C:\_Projects\_Mazda_J59Z\J59Z_RBT\J59-FA3SA3ReA3RA3-C0_0004_R01_1UFS_RHD.alg" />
    <AlgFile path="C:\_Projects\_Mazda_J59Z\J59Z_RBT\Parameter\Para_A4\J59-FA4SA4ReA4RA4-C0_0004_R01_1UFS_LHD.alg" />
    <AlgFile path="C:\_Projects\_Mazda_J59Z\J59Z_RBT\Parameter\Para_A4\J59-FA4SA4ReA4RA4-C0_0004_R01_1UFS_RHD.alg" />
    <AlgFile path="C:\_Projects\_Mazda_J59Z\J59Z_RBT\Parameter\Para_A3\J59-FA3SA3ReA3RA3-C0_0004_R01_1UFS_RHD.alg" />
  </Module>
  <FolderPaths OpenProject="C:\_Projects\_Mazda_J59Z\J59Z_RBT\MDSng\MDSng_OUT_1xUFS_RHD\MDSng-J59z-1xUFS-RHD-OUT.mdsng64" SaveResultFile="C:\_Projects\_Mazda_J59Z\J59Z_RBT\MDB\A3_Crashfile_Rev4\J59-FA3SA3ReA3RA3-C0_0004_R01_1UFS_RHD-d240516.mdb" EEPROMCode="C:\_Projects\_Mazda_J59Z\J59Z_RBT\Parameter\A4_C-File_1UFS_RHD\DummyFile" />
  <CustomerMDSngSettings EnableProject="true" EnableSimulationSettings="true" EnableOthers="true" EnableEEPROMCode="true" EnableRecentlyOpenedProject="true" EnableCustomerProject="true" EnableCalibration="true" EnableInstrumentation="true" EnableSimulationSideBar="true" EnableView="true" EnableViewTabs="true" EnableParameters="true" EnableSimulation="true" EnableHardware="true" EnableAlgorithm="true" EnableOutput="true" />
  <OutputViewSetting />
</UserSettings>
