<?xml version="1.0"?>
<CREIS xmlns:xsd="http://www.w3.org/2001/XMLSchema" xmlns:xsi="http://www.w3.org/2001/XMLSchema-instance" creisNoise="false">
  <Module name="ECU">
    <SimDevice name="SacCsFireLeft" />
    <SimDevice name="SacCsFireRight" />
    <SimDevice name="SacSideFireFlags_SacFireLeft1" />
    <SimDevice name="SacSideFireFlags_SacFireRight1" />
    <SimDevice name="SprSideFireFlags_SprFireFlagLeft" />
    <SimDevice name="SprSideFireFlags_SprFireFlagRight" />
    <SimDevice name="FCFF_FrtFireFlagAB1" />
    <SimDevice name="FCFF_SideFireFlagDr" />
    <SimDevice name="FCFF_SideFireFlagPa" />
    <SimDevice name="FCFF_RoseFireFlag1" />
    <SimDevice name="FCFF_RoseFireFlag2" />
    <SimDevice name="SA1FD" />
    <SimDevice name="SA1FP" />
    <SimDevice name="FCM_OffsetL" />
    <SimDevice name="FCM_OffsetR" />
    <SimDevice name="FCO_CrashOutputSideDrTrigger" />
    <SimDevice name="FCO_CrashOutputSidePaTrigger" />
  </Module>
  <Module name="UFSD" />
  <Module name="UFSP" />
  <Module name="PASFD" />
  <Module name="PASFP" />
  <Module name="PASMD" />
  <Module name="PASMP" />
  <Module name="PPSFD" />
  <Module name="PPSFP" />
  <InputChannel sensorLocation="ECUY" />
  <InputChannel sensorLocation="ECUX" />
  <InputChannel sensorLocation="ECUX_RHG" />
  <InputChannel sensorLocation="ECUZ_RHG" />
  <InputChannel sensorLocation="ECUX_lowg" />
  <InputChannel sensorLocation="ECUY_lowg" />
  <InputChannel sensorLocation="ECUZ_lowg" />
  <InputChannel sensorLocation="RollrateX" />
  <InputChannel sensorLocation="YawrateZ" />
  <InputChannel sensorLocation="UFSD" />
  <InputChannel sensorLocation="UFSP" />
  <InputChannel sensorLocation="PASFD" />
  <InputChannel sensorLocation="PASFP" />
  <InputChannel sensorLocation="PPSFD" />
  <InputChannel sensorLocation="PPSFP" />
</CREIS>
