<?xml version="1.0"?>
<CREIS xmlns:xsd="http://www.w3.org/2001/XMLSchema" xmlns:xsi="http://www.w3.org/2001/XMLSchema-instance" creisNoise="false">
  <Module name="ECU">
    <SimDevice name="FrtFeaThdFlagList_FrtFeaThdFlagList15" />
    <SimDevice name="FrtUfsODLFlag" />
    <SimDevice name="FrtUfsODRFlag" />
    <SimDevice name="FCFF_FrtFireFlagAB1" />
    <SimDevice name="AB1FD" />
    <SimDevice name="SA1FD" />
    <SimDevice name="SA1FP" />
    <SimDevice name="FCM_OffsetL" />
    <SimDevice name="FCM_OffsetR" />
  </Module>
  <Module name="UFSD" />
  <Module name="UFSP" />
  <Module name="PASFD" />
  <Module name="PASFP" />
  <Module name="PASMD" />
  <Module name="PASMP" />
  <Module name="PPSFD" />
  <Module name="PPSFP" />
  <InputChannel sensorLocation="ECUY" />
  <InputChannel sensorLocation="ECUX" />
  <InputChannel sensorLocation="ECUX_RHG" />
  <InputChannel sensorLocation="ECUZ_RHG" />
  <InputChannel sensorLocation="ECUX_lowg" />
  <InputChannel sensorLocation="ECUY_lowg" />
  <InputChannel sensorLocation="ECUZ_lowg" />
  <InputChannel sensorLocation="RollrateX" />
  <InputChannel sensorLocation="YawrateZ" />
  <InputChannel sensorLocation="UFSD" />
  <InputChannel sensorLocation="UFSP" />
  <InputChannel sensorLocation="PASFD" />
  <InputChannel sensorLocation="PASFP" />
  <InputChannel sensorLocation="PPSFD" />
  <InputChannel sensorLocation="PPSFP" />
</CREIS>
