<?xml version="1.0"?>
<ResultFileSettings xmlns:xsd="http://www.w3.org/2001/XMLSchema" xmlns:xsi="http://www.w3.org/2001/XMLSchema-instance" name="EMC_Front">
  <Requirements enable="false" />
  <SimulationTime />
  <CombinationCrash enable="false" />
  <InputChannel sensorLocation="ay_highG">
    <Amplitude min="0.98" max="1.02" step="0.02" />
    <Amplitude2 step="0" />
    <Frequency step="0" />
    <Offset />
    <TimeShift />
  </InputChannel>
  <InputChannel sensorLocation="ax_highG">
    <Amplitude min="0.98" max="1.02" step="0.02" />
    <Amplitude2 step="0" />
    <Frequency step="0" />
    <Offset />
    <TimeShift />
  </InputChannel>
  <InputChannel sensorLocation="ax_highG_rd">
    <Amplitude min="0.98" max="1.02" step="0.02" />
    <Amplitude2 step="0" />
    <Frequency step="0" />
    <Offset />
    <TimeShift />
  </InputChannel>
  <InputChannel sensorLocation="ay_highG_rd">
    <Amplitude min="0.98" max="1.02" step="0.02" />
    <Amplitude2 step="0" />
    <Frequency step="0" />
    <Offset />
    <TimeShift />
  </InputChannel>
  <InputChannel sensorLocation="az_midG">
    <Amplitude min="0.98" max="1.02" step="0.02" />
    <Amplitude2 step="0" />
    <Frequency step="0" />
    <Offset />
    <TimeShift />
  </InputChannel>
  <InputChannel sensorLocation="ax_lowG">
    <Amplitude min="0.98" max="1.02" step="0.02" />
    <Amplitude2 step="0" />
    <Frequency step="0" />
    <Offset />
    <TimeShift />
  </InputChannel>
  <InputChannel sensorLocation="ay_lowG">
    <Amplitude min="0.98" max="1.02" step="0.02" />
    <Amplitude2 step="0" />
    <Frequency step="0" />
    <Offset />
    <TimeShift />
  </InputChannel>
  <InputChannel sensorLocation="az_lowG">
    <Amplitude min="0.98" max="1.02" step="0.02" />
    <Amplitude2 step="0" />
    <Frequency step="0" />
    <Offset />
    <TimeShift />
  </InputChannel>
  <InputChannel sensorLocation="rateX">
    <Amplitude min="0.98" max="1.02" step="0.02" />
    <Amplitude2 step="0" />
    <Frequency step="0" />
    <Offset />
    <TimeShift />
  </InputChannel>
  <InputChannel sensorLocation="rateZ">
    <Amplitude min="0.98" max="1.02" step="0.02" />
    <Amplitude2 step="0" />
    <Frequency step="0" />
    <Offset />
    <TimeShift />
  </InputChannel>
  <InputChannel sensorLocation="ax_midG">
    <Amplitude min="0.98" max="1.02" step="0.02" />
    <Amplitude2 step="0" />
    <Frequency step="0" />
    <Offset />
    <TimeShift />
  </InputChannel>
  <InputChannel sensorLocation="ay_midG">
    <Amplitude min="0.98" max="1.02" step="0.02" />
    <Amplitude2 step="0" />
    <Frequency step="0" />
    <Offset />
    <TimeShift />
  </InputChannel>
  <InputChannel sensorLocation="inertial_valid">
    <Amplitude min="0.98" max="1.02" step="0.02" />
    <Amplitude2 step="0" />
    <Frequency step="0" />
    <Offset />
    <TimeShift />
  </InputChannel>
  <InputChannel sensorLocation="UFSD">
    <Amplitude min="0.98" max="1.02" step="0.02" />
    <Amplitude2 step="0" />
    <Frequency step="0" />
    <Offset />
    <TimeShift />
  </InputChannel>
  <InputChannel sensorLocation="UFSP">
    <Amplitude min="0.98" max="1.02" step="0.02" />
    <Amplitude2 step="0" />
    <Frequency step="0" />
    <Offset />
    <TimeShift />
  </InputChannel>
  <InputChannel sensorLocation="PASFD">
    <Amplitude min="0.98" max="1.02" step="0.02" />
    <Amplitude2 step="0" />
    <Frequency step="0" />
    <Offset />
    <TimeShift />
  </InputChannel>
  <InputChannel sensorLocation="PASFP">
    <Amplitude min="0.98" max="1.02" step="0.02" />
    <Amplitude2 step="0" />
    <Frequency step="0" />
    <Offset />
    <TimeShift />
  </InputChannel>
  <InputChannel sensorLocation="PASMD">
    <Amplitude min="0.98" max="1.02" step="0.02" />
    <Amplitude2 step="0" />
    <Frequency step="0" />
    <Offset />
    <TimeShift />
  </InputChannel>
  <InputChannel sensorLocation="PASMP">
    <Amplitude min="0.98" max="1.02" step="0.02" />
    <Amplitude2 step="0" />
    <Frequency step="0" />
    <Offset />
    <TimeShift />
  </InputChannel>
  <InputChannel sensorLocation="PPSFD">
    <Amplitude min="0.98" max="1.02" step="0.02" />
    <Amplitude2 step="0" />
    <Frequency step="0" />
    <Offset />
    <TimeShift />
  </InputChannel>
  <InputChannel sensorLocation="PPSFP">
    <Amplitude min="0.98" max="1.02" step="0.02" />
    <Amplitude2 step="0" />
    <Frequency step="0" />
    <Offset />
    <TimeShift />
  </InputChannel>
  <Parameter enable="false" module="" parameter="" step="1" />
  <Environments module="ECU">
    <Environment name="AsmFile_Selection" min="0" max="0" step="1" />
    <Environment name="ActivateExtReset" min="0" max="0" step="0" />
    <Environment name="ActivateExtResetStartTime" min="0" max="0" step="0" />
    <Environment name="ActivateExtResetEndTime" min="0" max="0" step="0" />
    <Environment name="AlgoFctDisableAll" min="0" max="0" step="0" />
    <Environment name="AlgoFctFrtReaEnable" min="1" max="1" step="0" />
    <Environment name="AlgoFctSideEnable" min="1" max="1" step="0" />
    <Environment name="AlgoFctRoseEnable" min="1" max="1" step="0" />
    <Environment name="AlgoFctLowgOffsetCorrEnable" min="1" max="1" step="0" />
    <Environment name="AlgoFctHighgOffsetCorrEnable" min="1" max="1" step="0" />
    <Environment name="AlgoFctRotaryOffsetCorrEnable" min="1" max="1" step="0" />
    <Environment name="AlgoFctMainMigZOffsetCorrEnable" min="1" max="1" step="0" />
    <Environment name="EnvEgoVelocity_Source" min="1" max="1" step="0" />
    <Environment name="EnvEgoVelocity" min="55" max="55" step="0" />
    <Environment name="EnvVehicleDrivingDir" min="0" max="0" step="0" />
    <Environment name="EnvVehicleDrivingDirValid" min="1" max="1" step="0" />
    <Environment name="EnvVehicleDrivingDirSource" min="0" max="0" step="0" />
    <Environment name="EnvEgoVelocityValid" min="1" max="1" step="0" />
    <Environment name="EnvAmbientTemp_Source" min="0" max="0" step="0" />
    <Environment name="EnvAmbientTemp" min="20" max="20" step="0" />
    <Environment name="EnvAmbientTempValid" min="1" max="1" step="0" />
    <Environment name="EnvEdrDcsCTFull_R" min="0" max="0" step="0" />
    <Environment name="EnvEdrDcsCTFullStartT_R" min="0" max="0" step="0" />
    <Environment name="EnvEdrDcsCTFullEndT_R" min="0" max="0" step="0" />
    <Environment name="FCLConfSystem_DriverRight" min="0" max="0" step="0" />
    <Environment name="FCLConfigAlgoPars_Source" min="0" max="0" step="0" />
    <Environment name="FCLConfAlgo_SAxICDeployInOfsCrash" min="1" max="1" step="0" />
    <Environment name="FCLDynEnv_LastValidBLFD" min="1" max="1" step="0" />
    <Environment name="FCLDynEnv_LastValidBLFP" min="1" max="1" step="0" />
    <Environment name="FCLDynEnv_LastValidSPSFD" min="0" max="0" step="0" />
    <Environment name="FCLDynEnv_LastValidPADS" min="1" max="1" step="0" />
    <Environment name="FCLDynEnv_LastValidOCSEmpty" min="0" max="0" step="0" />
    <Environment name="FCLDynEnv_LastValidOCSChild" min="0" max="0" step="0" />
    <Environment name="FCLDynEnv_LastValidOCSSmallAdult" min="0" max="0" step="0" />
    <Environment name="FCLDynEnv_LastValidOCSLargeAdult" min="1" max="1" step="0" />
    <Environment name="FCLDynEnv_LastValidOCSIndeterminate" min="0" max="0" step="0" />
    <Environment name="Switch_BLFD_Diagnosable" min="0" max="0" step="0" />
    <Environment name="Switch_BLFD_Configured" min="1" max="1" step="0" />
    <Environment name="Switch_BLFD_State" min="1" max="1" step="0" />
    <Environment name="Switch_BLFP_Diagnosable" min="0" max="0" step="0" />
    <Environment name="Switch_BLFP_Configured" min="1" max="1" step="0" />
    <Environment name="Switch_BLFP_State" min="1" max="1" step="0" />
    <Environment name="Switch_PADS_Diagnosable" min="1" max="1" step="0" />
    <Environment name="Switch_PADS_Configured" min="1" max="1" step="0" />
    <Environment name="Switch_PADS_State" min="1" max="1" step="0" />
    <Environment name="Switch_SPSFD_Diagnosable" min="1" max="1" step="0" />
    <Environment name="Switch_SPSFD_Configured" min="1" max="1" step="0" />
    <Environment name="Switch_SPSFD_State" min="0" max="0" step="0" />
    <Environment name="Switch_OCS_Configured" min="0" max="0" step="0" />
    <Environment name="Switch_OCS_State" min="4" max="4" step="0" />
    <Environment name="CsASICMainConfigured" min="1" max="1" step="0" />
    <Environment name="CsMainAccXErrBehaviour" min="1" max="1" step="0" />
    <Environment name="CsMainAccXErrStart" min="0" max="0" step="0" />
    <Environment name="CsMainAccXErrEnd" min="0" max="0" step="0" />
    <Environment name="CsMainAccYErrBehaviour" min="1" max="1" step="0" />
    <Environment name="CsMainAccYErrStart" min="0" max="0" step="0" />
    <Environment name="CsMainAccYErrEnd" min="0" max="0" step="0" />
    <Environment name="CsASICPlausiConfigured" min="1" max="1" step="0" />
    <Environment name="CsPlausiAccXrdErrBehaviour" min="1" max="1" step="0" />
    <Environment name="CsPlausiAccXrdErrStart" min="0" max="0" step="0" />
    <Environment name="CsPlausiAccXrdErrEnd" min="0" max="0" step="0" />
    <Environment name="CsPlausiAccYrdErrBehaviour" min="1" max="1" step="0" />
    <Environment name="CsPlausiAccYrdErrStart" min="0" max="0" step="0" />
    <Environment name="CsPlausiAccYrdErrEnd" min="0" max="0" step="0" />
    <Environment name="CsPlausiAccZErrBehaviour" min="1" max="1" step="0" />
    <Environment name="CsPlausiAccZErrStart" min="0" max="0" step="0" />
    <Environment name="CsPlausiAccZErrEnd" min="0" max="0" step="0" />
    <Environment name="CsASICInertialSensor1Configured" min="1" max="1" step="0" />
    <Environment name="CsEcuLowGXErrBehaviour" min="1" max="1" step="0" />
    <Environment name="CsEcuLowGXErrStart" min="0" max="0" step="0" />
    <Environment name="CsEcuLowGXErrEnd" min="0" max="0" step="0" />
    <Environment name="CsEcuLowGXOverloadBhvr" min="0" max="0" step="0" />
    <Environment name="CsEcuLowGXOverloadStart" min="0" max="0" step="0" />
    <Environment name="CsEcuLowGXOverloadEnd" min="0" max="0" step="0" />
    <Environment name="CsEcuLowGYErrBehaviour" min="1" max="1" step="0" />
    <Environment name="CsEcuLowGYErrStart" min="0" max="0" step="0" />
    <Environment name="CsEcuLowGYErrEnd" min="0" max="0" step="0" />
    <Environment name="CsEcuLowGYOverloadBhvr" min="0" max="0" step="0" />
    <Environment name="CsEcuLowGYOverloadStart" min="0" max="0" step="0" />
    <Environment name="CsEcuLowGYOverloadEnd" min="0" max="0" step="0" />
    <Environment name="CsEcuLowGZErrBehaviour" min="1" max="1" step="0" />
    <Environment name="CsEcuLowGZErrStart" min="0" max="0" step="0" />
    <Environment name="CsEcuLowGZErrEnd" min="0" max="0" step="0" />
    <Environment name="CsEcuLowGZOverloadBhvr" min="0" max="0" step="0" />
    <Environment name="CsEcuLowGZOverloadStart" min="0" max="0" step="0" />
    <Environment name="CsEcuLowGZOverloadEnd" min="0" max="0" step="0" />
    <Environment name="CsEcuRollRateErrBehaviour" min="1" max="1" step="0" />
    <Environment name="CsEcuRollRateErrStart" min="0" max="0" step="0" />
    <Environment name="CsEcuRollRateErrEnd" min="0" max="0" step="0" />
    <Environment name="CsEcuRollRateOverloadBhvr" min="0" max="0" step="0" />
    <Environment name="CsEcuRollRateOverloadStart" min="0" max="0" step="0" />
    <Environment name="CsEcuRollRateOverloadEnd" min="0" max="0" step="0" />
    <Environment name="CsEcuYawRateErrBehaviour" min="1" max="1" step="0" />
    <Environment name="CsEcuYawRateErrStart" min="0" max="0" step="0" />
    <Environment name="CsEcuYawRateErrEnd" min="0" max="0" step="0" />
    <Environment name="CsEcuYawRateOverloadBhvr" min="0" max="0" step="0" />
    <Environment name="CsEcuYawRateOverloadStart" min="0" max="0" step="0" />
    <Environment name="CsEcuYawRateOverloadEnd" min="0" max="0" step="0" />
    <Environment name="PsUfsDConfigured" min="1" max="1" step="0" />
    <Environment name="PsUfsDErrBehaviour" min="1" max="1" step="0" />
    <Environment name="PsUfsDErrStart" min="0" max="0" step="0" />
    <Environment name="PsUfsDErrEnd" min="0" max="0" step="0" />
    <Environment name="PsUfsPConfigured" min="0" max="0" step="0" />
    <Environment name="PsUfsPErrBehaviour" min="1" max="1" step="0" />
    <Environment name="PsUfsPErrStart" min="0" max="0" step="0" />
    <Environment name="PsUfsPErrEnd" min="0" max="0" step="0" />
    <Environment name="PsPasFDConfigured" min="1" max="1" step="0" />
    <Environment name="PsPasFDErrBehaviour" min="1" max="1" step="0" />
    <Environment name="PsPasFDErrStart" min="0" max="0" step="0" />
    <Environment name="PsPasFDErrEnd" min="0" max="0" step="0" />
    <Environment name="PsPasFPConfigured" min="1" max="1" step="0" />
    <Environment name="PsPasFPErrBehaviour" min="1" max="1" step="0" />
    <Environment name="PsPasFPErrStart" min="0" max="0" step="0" />
    <Environment name="PsPasFPErrEnd" min="0" max="0" step="0" />
    <Environment name="PsPasMDConfigured" min="0" max="0" step="0" />
    <Environment name="PsPasMDErrBehaviour" min="1" max="1" step="0" />
    <Environment name="PsPasMDErrStart" min="0" max="0" step="0" />
    <Environment name="PsPasMDErrEnd" min="0" max="0" step="0" />
    <Environment name="PsPasMPConfigured" min="0" max="0" step="0" />
    <Environment name="PsPasMPErrBehaviour" min="1" max="1" step="0" />
    <Environment name="PsPasMPErrStart" min="0" max="0" step="0" />
    <Environment name="PsPasMPErrEnd" min="0" max="0" step="0" />
    <Environment name="PsPpsFDConfigured" min="1" max="1" step="0" />
    <Environment name="PsPpsFDErrBehaviour" min="1" max="1" step="0" />
    <Environment name="PsPpsFDErrStart" min="0" max="0" step="0" />
    <Environment name="PsPpsFDErrEnd" min="0" max="0" step="0" />
    <Environment name="PsPpsFPConfigured" min="1" max="1" step="0" />
    <Environment name="PsPpsFPErrBehaviour" min="1" max="1" step="0" />
    <Environment name="PsPpsFPErrStart" min="0" max="0" step="0" />
    <Environment name="PsPpsFPErrEnd" min="0" max="0" step="0" />
    <Environment name="CsSimcInitialOffsetCheck" min="0" max="0" step="0" />
    <Environment name="Clip_ay_highG" min="0" max="0" step="0" />
    <Environment name="Clip_ax_highG" min="0" max="0" step="0" />
    <Environment name="Clip_ax_highG_rd" min="0" max="0" step="0" />
    <Environment name="Clip_ay_highG_rd" min="0" max="0" step="0" />
    <Environment name="Clip_az_midG" min="0" max="0" step="0" />
    <Environment name="Clip_ax_lowG" min="0" max="0" step="0" />
    <Environment name="Clip_ay_lowG" min="0" max="0" step="0" />
    <Environment name="Clip_az_lowG" min="0" max="0" step="0" />
    <Environment name="Clip_rateX" min="0" max="0" step="0" />
    <Environment name="Clip_rateZ" min="0" max="0" step="0" />
    <Environment name="Clip_ax_midG" min="0" max="0" step="0" />
    <Environment name="Clip_ay_midG" min="0" max="0" step="0" />
    <Environment name="Clip_inertial_valid" min="0" max="0" step="0" />
    <Environment name="SCON_CH_SWITCH" min="0" max="0" step="0" />
  </Environments>
  <Environments module="UFSD">
    <Environment name="Clip_UFSD" min="0" max="0" step="0" />
  </Environments>
  <Environments module="UFSP">
    <Environment name="Clip_UFSP" min="0" max="0" step="0" />
  </Environments>
  <Environments module="PASFD">
    <Environment name="Clip_PASFD" min="0" max="0" step="0" />
  </Environments>
  <Environments module="PASFP">
    <Environment name="Clip_PASFP" min="0" max="0" step="0" />
  </Environments>
  <Environments module="PASMD">
    <Environment name="Clip_PASMD" min="0" max="0" step="0" />
  </Environments>
  <Environments module="PASMP">
    <Environment name="Clip_PASMP" min="0" max="0" step="0" />
  </Environments>
  <Environments module="PPSFD">
    <Environment name="Clip_PPSFD" min="0" max="0" step="0" />
  </Environments>
  <Environments module="PPSFP">
    <Environment name="Clip_PPSFP" min="0" max="0" step="0" />
  </Environments>
  <SeFiTa enable="false" file="" />
  <OutputSettings accuResFileOutliers="true" accuResFileHistogramStep="1" accuResFileHistogramMax="255" accuResFileHistogramMin="0" accuResFileHistograms="true" accuResFileTminTmax="true" displacement="false" scalingFile="false" constantEnvToHeader="true" accuResFileDisposeTime="0" excludeSimResults="false" customerInfo="true" channelAssignments="true" sensorInfo="true" crashInfo="true" projDetails="true" filenames="true" moduleIDs="true" date="true" type="1" freqAndTimeShift="true">
    <SimDevice module="ECU" name="AB1FD" refchannel="DISPLACEMENT" refDir="X" refUnit="cm" />
    <SimDevice module="ECU" name="AB1FP" refchannel="DISPLACEMENT" refDir="X" refUnit="cm" />
    <SimDevice module="ECU" name="AB2FD" refchannel="DISPLACEMENT" refDir="X" refUnit="cm" />
    <SimDevice module="ECU" name="AB2FP" refchannel="DISPLACEMENT" refDir="X" refUnit="cm" />
    <SimDevice module="ECU" name="BT1FD" refchannel="DISPLACEMENT" refDir="X" refUnit="cm" />
    <SimDevice module="ECU" name="BT1FP" refchannel="DISPLACEMENT" refDir="X" refUnit="cm" />
    <SimDevice module="ECU" name="BT2FD" refchannel="DISPLACEMENT" refDir="X" refUnit="cm" />
    <SimDevice module="ECU" name="BT2FP" refchannel="DISPLACEMENT" refDir="X" refUnit="cm" />
    <SimDevice module="ECU" name="IC1FD" refchannel="DISPLACEMENT" refDir="X" refUnit="cm" />
    <SimDevice module="ECU" name="IC1FP" refchannel="DISPLACEMENT" refDir="X" refUnit="cm" />
    <SimDevice module="ECU" name="SA1FD" refchannel="DISPLACEMENT" refDir="X" refUnit="cm" />
    <SimDevice module="ECU" name="SA1FP" refchannel="DISPLACEMENT" refDir="X" refUnit="cm" />
    <SimDevice module="ECU" name="BT1RD" refchannel="DISPLACEMENT" refDir="X" refUnit="cm" />
    <SimDevice module="ECU" name="BT1RP" refchannel="DISPLACEMENT" refDir="X" refUnit="cm" />
    <SimDevice module="ECU" name="FCO_CrashOutputFrontTrigger" refchannel="DISPLACEMENT" refDir="X" refUnit="cm" />
    <SimDevice module="ECU" name="FCO_CrashOutputRearTrigger" refchannel="DISPLACEMENT" refDir="X" refUnit="cm" />
    <SimDevice module="ECU" name="FCO_CrashOutputRolloverStatTrigger" refchannel="DISPLACEMENT" refDir="X" refUnit="cm" />
    <SimDevice module="ECU" name="FCO_CrashOutputRolloverTrigger" refchannel="DISPLACEMENT" refDir="X" refUnit="cm" />
    <SimDevice module="ECU" name="FCO_CrashOutputSideDrTrigger" refchannel="DISPLACEMENT" refDir="X" refUnit="cm" />
    <SimDevice module="ECU" name="FCO_CrashOutputSidePaTrigger" refchannel="DISPLACEMENT" refDir="X" refUnit="cm" />
    <SimDevice module="ECU" name="FCO_FuelCutFrontTrigger" refchannel="DISPLACEMENT" refDir="X" refUnit="cm" />
    <SimDevice module="ECU" name="FCO_FuelCutRearTrigger" refchannel="DISPLACEMENT" refDir="X" refUnit="cm" />
    <SimDevice module="ECU" name="FCO_FuelCutRolloverTrigger" refchannel="DISPLACEMENT" refDir="X" refUnit="cm" />
    <SimDevice module="ECU" name="FCO_FuelCutSideDrTrigger" refchannel="DISPLACEMENT" refDir="X" refUnit="cm" />
    <SimDevice module="ECU" name="FCO_FuelCutSidePaTrigger" refchannel="DISPLACEMENT" refDir="X" refUnit="cm" />
  </OutputSettings>
  <BatchProcessing simulateInCCloudSim="false" fileNameTemplate="%alg%-%simjob%-%resultfilesetting%" localPriority="5" globalPriority="3" />
</ResultFileSettings>
