<?xml version="1.0"?>
<BatchSimulation xmlns:xsd="http://www.w3.org/2001/XMLSchema" xmlns:xsi="http://www.w3.org/2001/XMLSchema-instance">
  <ResultFileSetting name="RslSetting_J30X_SRTR" />
  <Crash crashset="J30X_SRT_Crashset_Roll" name="Multi_EDR_RearNAD_SideD_AD_FrtAD_SideP_ND_RollAD" assignmentComment="" />
  <Crash crashset="J30X_SRT_Crashset_Roll" name="Multi_EDR_Frt_ND_Rear_NAD_Roll_AD_SideD_ND_Frt_AD" assignmentComment="" />
  <Crash crashset="J30X_SRT_Crashset_Roll" name="Multi_EDR_Extended_Rollover_ND_Side_AD_Front_AD;5" assignmentComment="" />
  <Crash crashset="J30X_SRT_Crashset_Roll" name="Parallel_EDR_SoE_duringFire_EoE_PostFire_RoSe;5" assignmentComment="" />
  <Crash crashset="J30X_SRT_Crashset_Roll" name="Parallel_EDR_SoE_beforeFire_EoE_duringFire_RoSe;5" assignmentComment="" />
  <Crash crashset="J30X_SRT_Crashset_Roll" name="Parallel_EDR_Rollover_Inflate_Side_NoDeploy;5" assignmentComment="" />
  <Crash crashset="J30X_SRT_Crashset_Roll" name="Parallel_EDR_Rollover_Inflate_Front_Inflate;5" assignmentComment="" />
  <Crash crashset="J30X_SRT_Crashset_Roll" name="Parallel_EDR_Rollover_Inflate_SideLeft_Inflte;5" assignmentComment="" />
  <Crash crashset="J30X_SRT_Crashset_Roll" name="Single_EDR_Rollover_NoDeployment;5" assignmentComment="" />
  <Crash crashset="J30X_SRT_Crashset_Roll" name="Single_EDR_Rollover_Inflatable;5" assignmentComment="" />
  <Crash crashset="J30X_SRT_Crashset_Roll" name="Multi_EDR_FrtAD_SideP_ND_RollAD" assignmentComment="" />
</BatchSimulation>
