<?xml version="1.0"?>
<GlobalCalibrationViewSettings xmlns:xsd="http://www.w3.org/2001/XMLSchema" xmlns:xsi="http://www.w3.org/2001/XMLSchema-instance" amplitudeSynchron="false" offsetSynchron="false">
  <InputChannel sensorLocation="ax_highG">
    <Amplitude min="1" max="1" step="1" />
    <Offset min="0" max="0" step="0" />
  </InputChannel>
  <InputChannel sensorLocation="ay_highG">
    <Amplitude min="1" max="1" step="1" />
    <Offset min="0" max="0" step="0" />
  </InputChannel>
  <InputChannel sensorLocation="ax_highG_rd">
    <Amplitude min="1" max="1" step="1" />
    <Offset min="0" max="0" step="0" />
  </InputChannel>
  <InputChannel sensorLocation="ay_highG_rd">
    <Amplitude min="1" max="1" step="1" />
    <Offset min="0" max="0" step="0" />
  </InputChannel>
  <InputChannel sensorLocation="az_midG">
    <Amplitude min="1" max="1" step="1" />
    <Offset min="0" max="0" step="0" />
  </InputChannel>
  <InputChannel sensorLocation="ax_midG">
    <Amplitude min="1" max="1" step="1" />
    <Offset min="0" max="0" step="0" />
  </InputChannel>
  <InputChannel sensorLocation="ay_midG">
    <Amplitude min="1" max="1" step="1" />
    <Offset min="0" max="0" step="0" />
  </InputChannel>
  <InputChannel sensorLocation="ax_lowG">
    <Amplitude min="1" max="1" step="1" />
    <Offset min="0" max="0" step="0" />
  </InputChannel>
  <InputChannel sensorLocation="ay_lowG">
    <Amplitude min="1" max="1" step="1" />
    <Offset min="0" max="0" step="0" />
  </InputChannel>
  <InputChannel sensorLocation="az_lowG">
    <Amplitude min="1" max="1" step="1" />
    <Offset min="0" max="0" step="0" />
  </InputChannel>
  <InputChannel sensorLocation="rateX">
    <Amplitude min="1" max="1" step="1" />
    <Offset min="0" max="0" step="0" />
  </InputChannel>
  <InputChannel sensorLocation="rateZ">
    <Amplitude min="1" max="1" step="1" />
    <Offset min="0" max="0" step="0" />
  </InputChannel>
  <InputChannel sensorLocation="inertial_valid">
    <Amplitude min="1" max="1" step="1" />
    <Offset min="0" max="0" step="0" />
  </InputChannel>
  <InputChannel sensorLocation="UFSD">
    <Amplitude min="1" max="1" step="1" />
    <Offset min="0" max="0" step="0" />
  </InputChannel>
  <InputChannel sensorLocation="UFSC">
    <Amplitude min="1" max="1" step="1" />
    <Offset min="0" max="0" step="0" />
  </InputChannel>
  <InputChannel sensorLocation="UFSP">
    <Amplitude min="1" max="1" step="1" />
    <Offset min="0" max="0" step="0" />
  </InputChannel>
  <InputChannel sensorLocation="PASFD">
    <Amplitude min="1" max="1" step="1" />
    <Offset min="0" max="0" step="0" />
  </InputChannel>
  <InputChannel sensorLocation="PASFP">
    <Amplitude min="1" max="1" step="1" />
    <Offset min="0" max="0" step="0" />
  </InputChannel>
  <InputChannel sensorLocation="PASMD">
    <Amplitude min="1" max="1" step="1" />
    <Offset min="0" max="0" step="0" />
  </InputChannel>
  <InputChannel sensorLocation="PASMP">
    <Amplitude min="1" max="1" step="1" />
    <Offset min="0" max="0" step="0" />
  </InputChannel>
  <InputChannel sensorLocation="PPSFD">
    <Amplitude min="1" max="1" step="1" />
    <Offset min="0" max="0" step="0" />
  </InputChannel>
  <InputChannel sensorLocation="PPSFP">
    <Amplitude min="1" max="1" step="1" />
    <Offset min="0" max="0" step="0" />
  </InputChannel>
  <InputChannel sensorLocation="PASRC">
    <Amplitude min="1" max="1" step="1" />
    <Offset min="0" max="0" step="0" />
  </InputChannel>
  <Parameter enable="false" module="" parameter="" min="0" max="0" step="0" />
  <GlobalCalibrationViewProperty name="SideCG" showAllVariations="false" showFFT="false" normalizeFFT="false" time="0" showMarker="false" showReqMarker="false" evalDll="" showMargin="false" margin="0,0,1,0,0,0,1,0" showGrid="false" showSideBar="false">
    <CrashSetViewProperties>
      <OutputChannel module="ECU" name="t" unit="ms" auto_="true" color="0" lineStyle="0" min="0" max="0" minFixed="0" maxFixed="0" minReal="0" maxReal="0" zoomMin="0" zoomMax="0" factor="0" />
      <OutputChannel module="ECU" name="AcgDvLongY" unit="LSB" auto_="true" color="0" lineStyle="0" min="0" max="0" minFixed="0" maxFixed="0" minReal="0" maxReal="0" zoomMin="0" zoomMax="0" factor="0" />
    </CrashSetViewProperties>
  </GlobalCalibrationViewProperty>
  <GlobalCalibrationViewProperty name="FrtCG" showAllVariations="false" showFFT="false" normalizeFFT="false" time="0" showMarker="false" showReqMarker="false" evalDll="" showMargin="false" margin="0,0,1,0,0,0,1,0" showGrid="false" showSideBar="false">
    <CrashSetViewProperties>
      <OutputChannel module="ECU" name="t" unit="ms" auto_="true" color="0" lineStyle="0" min="0" max="0" minFixed="0" maxFixed="0" minReal="0" maxReal="0" zoomMin="0" zoomMax="0" factor="0" />
      <OutputChannel module="ECU" name="AcgDvLongX" unit="LSB" auto_="true" color="0" lineStyle="0" min="0" max="0" minFixed="0" maxFixed="0" minReal="0" maxReal="0" zoomMin="0" zoomMax="0" factor="0" />
    </CrashSetViewProperties>
  </GlobalCalibrationViewProperty>
  <GlobalCalibrationViewProperty name="Side_BR" showAllVariations="false" showFFT="false" normalizeFFT="false" time="8" showMarker="true" showReqMarker="false" evalDll="" showMargin="true" margin="0,0,1,0,0,0,1,0" showGrid="false" showSideBar="false">
    <CrashSetViewProperties>
      <OutputChannel module="ECU" name="SacPasLpLongNorm[1]" unit="LSB" auto_="true" color="0" lineStyle="0" min="0" max="0" minFixed="0" maxFixed="0" minReal="0" maxReal="0" zoomMin="0" zoomMax="0" factor="0" />
      <OutputChannel module="ECU" name="SacPasLpShortNorm[1]" unit="LSB" auto_="true" color="0" lineStyle="0" min="0" max="0" minFixed="0" maxFixed="0" minReal="0" maxReal="0" zoomMin="0" zoomMax="0" factor="0" />
    </CrashSetViewProperties>
    <LUT module="ECU" name="SacPasMisThdCurveVT[0]" />
  </GlobalCalibrationViewProperty>
  <GlobalCalibrationViewProperty name="FrtFea_AB12_Time" showAllVariations="true" showFFT="false" normalizeFFT="false" time="0" showMarker="false" showReqMarker="false" evalDll="" showMargin="false" margin="0,0,1,0,0,0,1,0" showGrid="false" showSideBar="false">
    <CrashSetViewProperties>
      <OutputChannel module="ECU" name="FrtStcTimer" unit="CYCLES" auto_="true" color="0" lineStyle="0" min="0" max="0" minFixed="0" maxFixed="0" minReal="0" maxReal="0" zoomMin="0" zoomMax="0" factor="0" />
      <OutputChannel module="ECU" name="FrtUfsFeaFlex1" unit="LSB" auto_="true" color="0" lineStyle="0" min="0" max="0" minFixed="0" maxFixed="0" minReal="0" maxReal="0" zoomMin="0" zoomMax="0" factor="0" />
    </CrashSetViewProperties>
    <LUT module="ECU" name="FrtFeaThdEQUIDIST[10]" />
    <LUT module="ECU" name="FrtFeaThdEQUIDIST[11]" />
  </GlobalCalibrationViewProperty>
  <GlobalCalibrationViewProperty name="FrtFea_AB12_Dv" showAllVariations="true" showFFT="false" normalizeFFT="false" time="0" showMarker="false" showReqMarker="false" evalDll="" showMargin="false" margin="0,0,1,0,0,0,1,0" showGrid="false" showSideBar="false">
    <CrashSetViewProperties>
      <OutputChannel module="ECU" name="FrtFeaDv" unit="LSB" auto_="true" color="0" lineStyle="0" min="0" max="0" minFixed="0" maxFixed="0" minReal="0" maxReal="0" zoomMin="0" zoomMax="0" factor="0" />
      <OutputChannel module="ECU" name="FrtUfsFeaFlex1" unit="LSB" auto_="true" color="0" lineStyle="0" min="0" max="0" minFixed="0" maxFixed="0" minReal="0" maxReal="0" zoomMin="0" zoomMax="0" factor="0" />
    </CrashSetViewProperties>
    <LUT module="ECU" name="FrtFeaThdEQUIDIST[12]" />
    <LUT module="ECU" name="FrtFeaThdEQUIDIST[13]" />
  </GlobalCalibrationViewProperty>
</GlobalCalibrationViewSettings>
