<?xml version="1.0"?>
<AssignmentList xmlns:xsd="http://www.w3.org/2001/XMLSchema" xmlns:xsi="http://www.w3.org/2001/XMLSchema-instance">
  <Info />
  <Assignments>
    <crash crashcode="Single_EDR_Front_Inflatable;5" crashversion="2016-09-08 13:24:42" assignmentComment="">
      <Assignment channelName="ECU X" direction="X" channelNumber="1" sensorLocation="ax_highG" />
      <Assignment channelName="ECU Y" direction="Y" channelNumber="5" sensorLocation="ay_highG" />
      <Assignment channelName="ECU Y" direction="Y" channelNumber="5" sensorLocation="ay_highG_rd" />
      <Assignment channelName="ECU X" direction="X" channelNumber="1" sensorLocation="ax_highG_rd" />
      <Assignment channelName="ECUZ_lowg" direction="Z" channelNumber="7" sensorLocation="az_midG" />
      <Assignment channelName="ECUY_lowg" direction="Y" channelNumber="6" sensorLocation="ay_lowG" />
      <Assignment channelName="ECUZ_lowg" direction="Z" channelNumber="7" sensorLocation="az_lowG" />
      <Assignment channelName="Rollrate X" direction="X" channelNumber="3" sensorLocation="rateX" />
      <Assignment channelName="ZERO-Emulation" direction="" channelNumber="-1" sensorLocation="ax_midG" />
      <Assignment channelName="ZERO-Emulation" direction="" channelNumber="-1" sensorLocation="ay_midG" />
      <Assignment channelName="ZERO-Emulation" direction="" channelNumber="-1" sensorLocation="ax_lowG" />
      <Assignment channelName="ZERO-Emulation" direction="" channelNumber="-1" sensorLocation="rateZ" />
      <Assignment channelName="ZERO-Emulation" direction="" channelNumber="-1" sensorLocation="inertial_valid" />
      <Assignment channelName="ZERO-Emulation" direction="" channelNumber="-1" sensorLocation="REF_DIS_X" />
      <Assignment channelName="ZERO-Emulation" direction="" channelNumber="-1" sensorLocation="REF_VEL_X" />
      <Assignment channelName="ZERO-Emulation" direction="" channelNumber="-1" sensorLocation="REF_ACC_X" />
      <Assignment channelName="ZERO-Emulation" direction="" channelNumber="-1" sensorLocation="REF_ACC_Y" />
      <Assignment channelName="ZERO-Emulation" direction="" channelNumber="-1" sensorLocation="REF_ACC_Z" />
      <Assignment channelName="ZERO-Emulation" direction="" channelNumber="-1" sensorLocation="REF_ANG_X" />
      <Assignment channelName="ZERO-Emulation" direction="" channelNumber="-1" sensorLocation="REF_RAT_X" />
      <Assignment channelName="ZERO-Emulation" direction="" channelNumber="-1" sensorLocation="REF_ANG_Y" />
      <Assignment channelName="ZERO-Emulation" direction="" channelNumber="-1" sensorLocation="REF_RAT_Y" />
      <Assignment channelName="UFS X" direction="X" channelNumber="4" sensorLocation="UFSD" />
      <Assignment channelName="UFS X" direction="X" channelNumber="4" sensorLocation="UFSC" />
      <Assignment channelName="UFS X" direction="X" channelNumber="4" sensorLocation="UFSP" />
      <Assignment channelName="PASR Y" direction="Y" channelNumber="9" sensorLocation="PASFD" />
      <Assignment channelName="PASL Y" direction="Y" channelNumber="8" sensorLocation="PASFP" />
      <Assignment channelName="PASR Y" direction="Y" channelNumber="9" sensorLocation="PASMD" />
      <Assignment channelName="PASL Y" direction="Y" channelNumber="8" sensorLocation="PASMP" />
      <Assignment channelName="PPSR" direction="0" channelNumber="12" sensorLocation="PPSFD" />
      <Assignment channelName="PPSL" direction="0" channelNumber="11" sensorLocation="PPSFP" />
      <Assignment channelName="ZERO-Emulation" direction="" channelNumber="-1" sensorLocation="PASRC" />
    </crash>
    <crash crashcode="Single_EDR_SideLeft_Inflatable;5" crashversion="2016-09-08 13:25:45" assignmentComment="">
      <Assignment channelName="ZERO-Emulation" direction="" channelNumber="-1" sensorLocation="REF_DIS_X" />
      <Assignment channelName="ZERO-Emulation" direction="" channelNumber="-1" sensorLocation="REF_VEL_X" />
      <Assignment channelName="ZERO-Emulation" direction="" channelNumber="-1" sensorLocation="REF_ACC_X" />
      <Assignment channelName="ZERO-Emulation" direction="" channelNumber="-1" sensorLocation="REF_ACC_Y" />
      <Assignment channelName="ZERO-Emulation" direction="" channelNumber="-1" sensorLocation="REF_ACC_Z" />
      <Assignment channelName="ZERO-Emulation" direction="" channelNumber="-1" sensorLocation="REF_ANG_X" />
      <Assignment channelName="ZERO-Emulation" direction="" channelNumber="-1" sensorLocation="REF_RAT_X" />
      <Assignment channelName="ZERO-Emulation" direction="" channelNumber="-1" sensorLocation="REF_ANG_Y" />
      <Assignment channelName="ZERO-Emulation" direction="" channelNumber="-1" sensorLocation="REF_RAT_Y" />
      <Assignment channelName="ECU X" direction="X" channelNumber="1" sensorLocation="ax_highG_rd" />
      <Assignment channelName="ECUY_lowg" direction="Y" channelNumber="6" sensorLocation="ay_lowG" />
      <Assignment channelName="ECUZ_lowg" direction="Z" channelNumber="7" sensorLocation="az_lowG" />
      <Assignment channelName="ECU Y" direction="Y" channelNumber="5" sensorLocation="ay_highG_rd" />
      <Assignment channelName="ECUZ_lowg" direction="Z" channelNumber="7" sensorLocation="az_midG" />
      <Assignment channelName="Rollrate X" direction="X" channelNumber="3" sensorLocation="rateX" />
      <Assignment channelName="ZERO-Emulation" direction="" channelNumber="-1" sensorLocation="ay_midG" />
      <Assignment channelName="ZERO-Emulation" direction="" channelNumber="-1" sensorLocation="ax_midG" />
      <Assignment channelName="ZERO-Emulation" direction="" channelNumber="-1" sensorLocation="inertial_valid" />
      <Assignment channelName="ZERO-Emulation" direction="" channelNumber="-1" sensorLocation="rateZ" />
      <Assignment channelName="ECU Y" direction="Y" channelNumber="5" sensorLocation="ay_highG" />
      <Assignment channelName="ECU X" direction="X" channelNumber="1" sensorLocation="ax_highG" />
      <Assignment channelName="ZERO-Emulation" direction="" channelNumber="-1" sensorLocation="ax_lowG" />
      <Assignment channelName="UFS X" direction="X" channelNumber="4" sensorLocation="UFSD" />
      <Assignment channelName="UFS X" direction="X" channelNumber="4" sensorLocation="UFSP" />
      <Assignment channelName="PASR Y" direction="Y" channelNumber="9" sensorLocation="PASFD" />
      <Assignment channelName="PASL Y" direction="Y" channelNumber="8" sensorLocation="PASFP" />
      <Assignment channelName="PASL Y" direction="Y" channelNumber="8" sensorLocation="PASMP" />
      <Assignment channelName="PASR Y" direction="Y" channelNumber="9" sensorLocation="PASMD" />
      <Assignment channelName="PPSR" direction="0" channelNumber="12" sensorLocation="PPSFD" />
      <Assignment channelName="PPSL" direction="0" channelNumber="11" sensorLocation="PPSFP" />
      <Assignment channelName="UFS X" direction="X" channelNumber="4" sensorLocation="UFSC" />
      <Assignment channelName="ZERO-Emulation" direction="" channelNumber="-1" sensorLocation="PASRC" />
    </crash>
    <crash crashcode="Single_EDR_SideRight_Inflatable;5" crashversion="2016-09-08 13:25:45" assignmentComment="">
      <Assignment channelName="ZERO-Emulation" direction="" channelNumber="-1" sensorLocation="REF_DIS_X" />
      <Assignment channelName="ZERO-Emulation" direction="" channelNumber="-1" sensorLocation="REF_VEL_X" />
      <Assignment channelName="ZERO-Emulation" direction="" channelNumber="-1" sensorLocation="REF_ACC_X" />
      <Assignment channelName="ZERO-Emulation" direction="" channelNumber="-1" sensorLocation="REF_ACC_Y" />
      <Assignment channelName="ZERO-Emulation" direction="" channelNumber="-1" sensorLocation="REF_ACC_Z" />
      <Assignment channelName="ZERO-Emulation" direction="" channelNumber="-1" sensorLocation="REF_ANG_X" />
      <Assignment channelName="ZERO-Emulation" direction="" channelNumber="-1" sensorLocation="REF_RAT_X" />
      <Assignment channelName="ZERO-Emulation" direction="" channelNumber="-1" sensorLocation="REF_ANG_Y" />
      <Assignment channelName="ZERO-Emulation" direction="" channelNumber="-1" sensorLocation="REF_RAT_Y" />
      <Assignment channelName="ECU X" direction="X" channelNumber="1" sensorLocation="ax_highG_rd" />
      <Assignment channelName="ECUY_lowg" direction="Y" channelNumber="6" sensorLocation="ay_lowG" />
      <Assignment channelName="ECUZ_lowg" direction="Z" channelNumber="7" sensorLocation="az_lowG" />
      <Assignment channelName="ECU Y" direction="Y" channelNumber="5" sensorLocation="ay_highG_rd" />
      <Assignment channelName="ECUZ_lowg" direction="Z" channelNumber="7" sensorLocation="az_midG" />
      <Assignment channelName="Rollrate X" direction="X" channelNumber="3" sensorLocation="rateX" />
      <Assignment channelName="ZERO-Emulation" direction="" channelNumber="-1" sensorLocation="ay_midG" />
      <Assignment channelName="ZERO-Emulation" direction="" channelNumber="-1" sensorLocation="ax_midG" />
      <Assignment channelName="ZERO-Emulation" direction="" channelNumber="-1" sensorLocation="inertial_valid" />
      <Assignment channelName="ZERO-Emulation" direction="" channelNumber="-1" sensorLocation="rateZ" />
      <Assignment channelName="ECU Y" direction="Y" channelNumber="5" sensorLocation="ay_highG" />
      <Assignment channelName="ECU X" direction="X" channelNumber="1" sensorLocation="ax_highG" />
      <Assignment channelName="ZERO-Emulation" direction="" channelNumber="-1" sensorLocation="ax_lowG" />
      <Assignment channelName="UFS X" direction="X" channelNumber="4" sensorLocation="UFSD" />
      <Assignment channelName="UFS X" direction="X" channelNumber="4" sensorLocation="UFSP" />
      <Assignment channelName="PASR Y" direction="Y" channelNumber="9" sensorLocation="PASFD" />
      <Assignment channelName="PASL Y" direction="Y" channelNumber="8" sensorLocation="PASFP" />
      <Assignment channelName="PASL Y" direction="Y" channelNumber="8" sensorLocation="PASMP" />
      <Assignment channelName="PASR Y" direction="Y" channelNumber="9" sensorLocation="PASMD" />
      <Assignment channelName="PPSR" direction="0" channelNumber="12" sensorLocation="PPSFD" />
      <Assignment channelName="PPSL" direction="0" channelNumber="11" sensorLocation="PPSFP" />
      <Assignment channelName="UFS X" direction="X" channelNumber="4" sensorLocation="UFSC" />
      <Assignment channelName="ZERO-Emulation" direction="" channelNumber="-1" sensorLocation="PASRC" />
    </crash>
    <crash crashcode="Single_EDR_Rear_NonInflatable;5" crashversion="2016-09-08 13:24:44" assignmentComment="">
      <Assignment channelName="ZERO-Emulation" direction="" channelNumber="-1" sensorLocation="REF_DIS_X" />
      <Assignment channelName="ZERO-Emulation" direction="" channelNumber="-1" sensorLocation="REF_VEL_X" />
      <Assignment channelName="ZERO-Emulation" direction="" channelNumber="-1" sensorLocation="REF_ACC_X" />
      <Assignment channelName="ZERO-Emulation" direction="" channelNumber="-1" sensorLocation="REF_ACC_Y" />
      <Assignment channelName="ZERO-Emulation" direction="" channelNumber="-1" sensorLocation="REF_ACC_Z" />
      <Assignment channelName="ZERO-Emulation" direction="" channelNumber="-1" sensorLocation="REF_ANG_X" />
      <Assignment channelName="ZERO-Emulation" direction="" channelNumber="-1" sensorLocation="REF_RAT_X" />
      <Assignment channelName="ZERO-Emulation" direction="" channelNumber="-1" sensorLocation="REF_ANG_Y" />
      <Assignment channelName="ZERO-Emulation" direction="" channelNumber="-1" sensorLocation="REF_RAT_Y" />
      <Assignment channelName="ECU X" direction="X" channelNumber="1" sensorLocation="ax_highG_rd" />
      <Assignment channelName="ECUY_lowg" direction="Y" channelNumber="6" sensorLocation="ay_lowG" />
      <Assignment channelName="ECUZ_lowg" direction="Z" channelNumber="7" sensorLocation="az_lowG" />
      <Assignment channelName="ECU Y" direction="Y" channelNumber="5" sensorLocation="ay_highG_rd" />
      <Assignment channelName="ECUZ_lowg" direction="Z" channelNumber="7" sensorLocation="az_midG" />
      <Assignment channelName="Rollrate X" direction="X" channelNumber="3" sensorLocation="rateX" />
      <Assignment channelName="ZERO-Emulation" direction="" channelNumber="-1" sensorLocation="ay_midG" />
      <Assignment channelName="ZERO-Emulation" direction="" channelNumber="-1" sensorLocation="ax_midG" />
      <Assignment channelName="ZERO-Emulation" direction="" channelNumber="-1" sensorLocation="inertial_valid" />
      <Assignment channelName="ZERO-Emulation" direction="" channelNumber="-1" sensorLocation="rateZ" />
      <Assignment channelName="ECU Y" direction="Y" channelNumber="5" sensorLocation="ay_highG" />
      <Assignment channelName="ECU X" direction="X" channelNumber="1" sensorLocation="ax_highG" />
      <Assignment channelName="ZERO-Emulation" direction="" channelNumber="-1" sensorLocation="ax_lowG" />
      <Assignment channelName="UFS X" direction="X" channelNumber="4" sensorLocation="UFSD" />
      <Assignment channelName="UFS X" direction="X" channelNumber="4" sensorLocation="UFSP" />
      <Assignment channelName="PASR Y" direction="Y" channelNumber="9" sensorLocation="PASFD" />
      <Assignment channelName="PASL Y" direction="Y" channelNumber="8" sensorLocation="PASFP" />
      <Assignment channelName="PASL Y" direction="Y" channelNumber="8" sensorLocation="PASMP" />
      <Assignment channelName="PASR Y" direction="Y" channelNumber="9" sensorLocation="PASMD" />
      <Assignment channelName="PPSR" direction="0" channelNumber="12" sensorLocation="PPSFD" />
      <Assignment channelName="PPSL" direction="0" channelNumber="11" sensorLocation="PPSFP" />
      <Assignment channelName="UFS X" direction="X" channelNumber="4" sensorLocation="UFSC" />
      <Assignment channelName="ZERO-Emulation" direction="" channelNumber="-1" sensorLocation="PASRC" />
    </crash>
    <crash crashcode="Single_EDR_Rear_above_8kph_NoDeployment;5" crashversion="2016-09-08 13:24:43" assignmentComment="">
      <Assignment channelName="ZERO-Emulation" direction="" channelNumber="-1" sensorLocation="REF_DIS_X" />
      <Assignment channelName="ZERO-Emulation" direction="" channelNumber="-1" sensorLocation="REF_VEL_X" />
      <Assignment channelName="ZERO-Emulation" direction="" channelNumber="-1" sensorLocation="REF_ACC_X" />
      <Assignment channelName="ZERO-Emulation" direction="" channelNumber="-1" sensorLocation="REF_ACC_Y" />
      <Assignment channelName="ZERO-Emulation" direction="" channelNumber="-1" sensorLocation="REF_ACC_Z" />
      <Assignment channelName="ZERO-Emulation" direction="" channelNumber="-1" sensorLocation="REF_ANG_X" />
      <Assignment channelName="ZERO-Emulation" direction="" channelNumber="-1" sensorLocation="REF_RAT_X" />
      <Assignment channelName="ZERO-Emulation" direction="" channelNumber="-1" sensorLocation="REF_ANG_Y" />
      <Assignment channelName="ZERO-Emulation" direction="" channelNumber="-1" sensorLocation="REF_RAT_Y" />
      <Assignment channelName="ECU X" direction="X" channelNumber="1" sensorLocation="ax_highG_rd" />
      <Assignment channelName="ECUY_lowg" direction="Y" channelNumber="6" sensorLocation="ay_lowG" />
      <Assignment channelName="ECUZ_lowg" direction="Z" channelNumber="7" sensorLocation="az_lowG" />
      <Assignment channelName="ECU Y" direction="Y" channelNumber="5" sensorLocation="ay_highG_rd" />
      <Assignment channelName="ECUZ_lowg" direction="Z" channelNumber="7" sensorLocation="az_midG" />
      <Assignment channelName="Rollrate X" direction="X" channelNumber="3" sensorLocation="rateX" />
      <Assignment channelName="ZERO-Emulation" direction="" channelNumber="-1" sensorLocation="ay_midG" />
      <Assignment channelName="ZERO-Emulation" direction="" channelNumber="-1" sensorLocation="ax_midG" />
      <Assignment channelName="ZERO-Emulation" direction="" channelNumber="-1" sensorLocation="inertial_valid" />
      <Assignment channelName="ZERO-Emulation" direction="" channelNumber="-1" sensorLocation="rateZ" />
      <Assignment channelName="ECU Y" direction="Y" channelNumber="5" sensorLocation="ay_highG" />
      <Assignment channelName="ECU X" direction="X" channelNumber="1" sensorLocation="ax_highG" />
      <Assignment channelName="ZERO-Emulation" direction="" channelNumber="-1" sensorLocation="ax_lowG" />
      <Assignment channelName="UFS X" direction="X" channelNumber="4" sensorLocation="UFSD" />
      <Assignment channelName="UFS X" direction="X" channelNumber="4" sensorLocation="UFSP" />
      <Assignment channelName="PASR Y" direction="Y" channelNumber="9" sensorLocation="PASFD" />
      <Assignment channelName="PASL Y" direction="Y" channelNumber="8" sensorLocation="PASFP" />
      <Assignment channelName="PASL Y" direction="Y" channelNumber="8" sensorLocation="PASMP" />
      <Assignment channelName="PASR Y" direction="Y" channelNumber="9" sensorLocation="PASMD" />
      <Assignment channelName="PPSR" direction="0" channelNumber="12" sensorLocation="PPSFD" />
      <Assignment channelName="PPSL" direction="0" channelNumber="11" sensorLocation="PPSFP" />
      <Assignment channelName="UFS X" direction="X" channelNumber="4" sensorLocation="UFSC" />
      <Assignment channelName="ZERO-Emulation" direction="" channelNumber="-1" sensorLocation="PASRC" />
    </crash>
    <crash crashcode="Single_EDR_Rollover_Inflatable;5" crashversion="2016-09-08 13:25:44" assignmentComment="">
      <Assignment channelName="ZERO-Emulation" direction="" channelNumber="-1" sensorLocation="REF_DIS_X" />
      <Assignment channelName="ZERO-Emulation" direction="" channelNumber="-1" sensorLocation="REF_VEL_X" />
      <Assignment channelName="ZERO-Emulation" direction="" channelNumber="-1" sensorLocation="REF_ACC_X" />
      <Assignment channelName="ZERO-Emulation" direction="" channelNumber="-1" sensorLocation="REF_ACC_Y" />
      <Assignment channelName="ZERO-Emulation" direction="" channelNumber="-1" sensorLocation="REF_ACC_Z" />
      <Assignment channelName="ZERO-Emulation" direction="" channelNumber="-1" sensorLocation="REF_ANG_X" />
      <Assignment channelName="ZERO-Emulation" direction="" channelNumber="-1" sensorLocation="REF_RAT_X" />
      <Assignment channelName="ZERO-Emulation" direction="" channelNumber="-1" sensorLocation="REF_ANG_Y" />
      <Assignment channelName="ZERO-Emulation" direction="" channelNumber="-1" sensorLocation="REF_RAT_Y" />
      <Assignment channelName="ECU Y" direction="Y" channelNumber="5" sensorLocation="ay_highG" />
      <Assignment channelName="ECU X" direction="X" channelNumber="1" sensorLocation="ax_highG" />
      <Assignment channelName="ECUZ_lowg" direction="Z" channelNumber="7" sensorLocation="az_lowG" />
      <Assignment channelName="ECUY_lowg" direction="Y" channelNumber="6" sensorLocation="ay_lowG" />
      <Assignment channelName="Rollrate X" direction="X" channelNumber="3" sensorLocation="rateX" />
      <Assignment channelName="ZERO-Emulation" direction="" channelNumber="-1" sensorLocation="ax_midG" />
      <Assignment channelName="ZERO-Emulation" direction="" channelNumber="-1" sensorLocation="ay_midG" />
      <Assignment channelName="ZERO-Emulation" direction="" channelNumber="-1" sensorLocation="ax_lowG" />
      <Assignment channelName="ZERO-Emulation" direction="" channelNumber="-1" sensorLocation="rateZ" />
      <Assignment channelName="ZERO-Emulation" direction="" channelNumber="-1" sensorLocation="inertial_valid" />
      <Assignment channelName="ECUZ_lowg" direction="Z" channelNumber="7" sensorLocation="az_midG" />
      <Assignment channelName="ZERO-Emulation" direction="" channelNumber="-1" sensorLocation="ax_highG_rd" />
      <Assignment channelName="ZERO-Emulation" direction="" channelNumber="-1" sensorLocation="ay_highG_rd" />
      <Assignment channelName="UFS X" direction="X" channelNumber="4" sensorLocation="UFSD" />
      <Assignment channelName="UFS X" direction="X" channelNumber="4" sensorLocation="UFSP" />
      <Assignment channelName="PASR Y" direction="Y" channelNumber="9" sensorLocation="PASFD" />
      <Assignment channelName="PASL Y" direction="Y" channelNumber="8" sensorLocation="PASFP" />
      <Assignment channelName="PASL Y" direction="Y" channelNumber="8" sensorLocation="PASMP" />
      <Assignment channelName="PASR Y" direction="Y" channelNumber="9" sensorLocation="PASMD" />
      <Assignment channelName="PPSR" direction="0" channelNumber="12" sensorLocation="PPSFD" />
      <Assignment channelName="PPSL" direction="0" channelNumber="11" sensorLocation="PPSFP" />
      <Assignment channelName="UFS X" direction="X" channelNumber="4" sensorLocation="UFSC" />
      <Assignment channelName="ZERO-Emulation" direction="" channelNumber="-1" sensorLocation="PASRC" />
    </crash>
    <crash crashcode="Single_EDR_Rollover_Inflatable_MaxDeg1080" crashversion="2024-01-02 05:21:01" assignmentComment="">
      <Assignment channelName="ECU X" direction="X" channelNumber="1" sensorLocation="ax_highG" />
      <Assignment channelName="ECU X" direction="X" channelNumber="1" sensorLocation="ax_highG_rd" />
      <Assignment channelName="ECU Y" direction="Y" channelNumber="7" sensorLocation="ay_highG" />
      <Assignment channelName="Rollrate X" direction="X" channelNumber="12" sensorLocation="rateX" />
      <Assignment channelName="ECUY_lowg" direction="Y" channelNumber="8" sensorLocation="ay_lowG" />
      <Assignment channelName="ECUZ_lowg" direction="Z" channelNumber="9" sensorLocation="az_lowG" />
      <Assignment channelName="ZERO-Emulation" direction="" channelNumber="-1" sensorLocation="ay_highG_rd" />
      <Assignment channelName="ZERO-Emulation" direction="" channelNumber="-1" sensorLocation="ax_midG" />
      <Assignment channelName="ZERO-Emulation" direction="" channelNumber="-1" sensorLocation="ay_midG" />
      <Assignment channelName="ZERO-Emulation" direction="" channelNumber="-1" sensorLocation="ax_lowG" />
      <Assignment channelName="ZERO-Emulation" direction="" channelNumber="-1" sensorLocation="rateZ" />
      <Assignment channelName="ZERO-Emulation" direction="" channelNumber="-1" sensorLocation="inertial_valid" />
      <Assignment channelName="ZERO-Emulation" direction="" channelNumber="-1" sensorLocation="REF_DIS_X" />
      <Assignment channelName="ZERO-Emulation" direction="" channelNumber="-1" sensorLocation="REF_VEL_X" />
      <Assignment channelName="ZERO-Emulation" direction="" channelNumber="-1" sensorLocation="REF_ACC_X" />
      <Assignment channelName="ZERO-Emulation" direction="" channelNumber="-1" sensorLocation="REF_ACC_Y" />
      <Assignment channelName="ZERO-Emulation" direction="" channelNumber="-1" sensorLocation="REF_ACC_Z" />
      <Assignment channelName="ZERO-Emulation" direction="" channelNumber="-1" sensorLocation="REF_ANG_X" />
      <Assignment channelName="ZERO-Emulation" direction="" channelNumber="-1" sensorLocation="REF_RAT_X" />
      <Assignment channelName="ZERO-Emulation" direction="" channelNumber="-1" sensorLocation="REF_ANG_Y" />
      <Assignment channelName="ZERO-Emulation" direction="" channelNumber="-1" sensorLocation="REF_RAT_Y" />
      <Assignment channelName="ECUZ_lowg" direction="Z" channelNumber="9" sensorLocation="az_midG" />
      <Assignment channelName="UFS X" direction="X" channelNumber="6" sensorLocation="UFSD" />
      <Assignment channelName="UFS X" direction="X" channelNumber="6" sensorLocation="UFSP" />
      <Assignment channelName="PASR Y" direction="Y" channelNumber="11" sensorLocation="PASFD" />
      <Assignment channelName="PASL Y" direction="Y" channelNumber="10" sensorLocation="PASFP" />
      <Assignment channelName="PASR Y" direction="Y" channelNumber="11" sensorLocation="PASMD" />
      <Assignment channelName="PASL Y" direction="Y" channelNumber="10" sensorLocation="PASMP" />
      <Assignment channelName="PPSR" direction="0" channelNumber="4" sensorLocation="PPSFD" />
      <Assignment channelName="PPSL" direction="0" channelNumber="3" sensorLocation="PPSFP" />
      <Assignment channelName="UFS X" direction="X" channelNumber="6" sensorLocation="UFSC" />
      <Assignment channelName="ZERO-Emulation" direction="" channelNumber="-1" sensorLocation="PASRC" />
    </crash>
    <crash crashcode="Single_EDR_Rollover_NoDeployment;5" crashversion="2016-09-08 13:25:44" assignmentComment="">
      <Assignment channelName="ZERO-Emulation" direction="" channelNumber="-1" sensorLocation="REF_DIS_X" />
      <Assignment channelName="ZERO-Emulation" direction="" channelNumber="-1" sensorLocation="REF_VEL_X" />
      <Assignment channelName="ZERO-Emulation" direction="" channelNumber="-1" sensorLocation="REF_ACC_X" />
      <Assignment channelName="ZERO-Emulation" direction="" channelNumber="-1" sensorLocation="REF_ACC_Y" />
      <Assignment channelName="ZERO-Emulation" direction="" channelNumber="-1" sensorLocation="REF_ACC_Z" />
      <Assignment channelName="ZERO-Emulation" direction="" channelNumber="-1" sensorLocation="REF_ANG_X" />
      <Assignment channelName="ZERO-Emulation" direction="" channelNumber="-1" sensorLocation="REF_RAT_X" />
      <Assignment channelName="ZERO-Emulation" direction="" channelNumber="-1" sensorLocation="REF_ANG_Y" />
      <Assignment channelName="ZERO-Emulation" direction="" channelNumber="-1" sensorLocation="REF_RAT_Y" />
      <Assignment channelName="ECU Y" direction="Y" channelNumber="5" sensorLocation="ay_highG" />
      <Assignment channelName="ECU X" direction="X" channelNumber="1" sensorLocation="ax_highG" />
      <Assignment channelName="ECU X" direction="X" channelNumber="1" sensorLocation="ax_highG_rd" />
      <Assignment channelName="ECU Y" direction="Y" channelNumber="5" sensorLocation="ay_highG_rd" />
      <Assignment channelName="ECUZ_lowg" direction="Z" channelNumber="7" sensorLocation="az_lowG" />
      <Assignment channelName="ECUY_lowg" direction="Y" channelNumber="6" sensorLocation="ay_lowG" />
      <Assignment channelName="Rollrate X" direction="X" channelNumber="3" sensorLocation="rateX" />
      <Assignment channelName="ZERO-Emulation" direction="" channelNumber="-1" sensorLocation="az_midG" />
      <Assignment channelName="ZERO-Emulation" direction="" channelNumber="-1" sensorLocation="ax_midG" />
      <Assignment channelName="ZERO-Emulation" direction="" channelNumber="-1" sensorLocation="ay_midG" />
      <Assignment channelName="ZERO-Emulation" direction="" channelNumber="-1" sensorLocation="ax_lowG" />
      <Assignment channelName="ZERO-Emulation" direction="" channelNumber="-1" sensorLocation="rateZ" />
      <Assignment channelName="ZERO-Emulation" direction="" channelNumber="-1" sensorLocation="inertial_valid" />
      <Assignment channelName="UFS X" direction="X" channelNumber="4" sensorLocation="UFSD" />
      <Assignment channelName="UFS X" direction="X" channelNumber="4" sensorLocation="UFSP" />
      <Assignment channelName="PASR Y" direction="Y" channelNumber="9" sensorLocation="PASFD" />
      <Assignment channelName="PASL Y" direction="Y" channelNumber="8" sensorLocation="PASFP" />
      <Assignment channelName="PASL Y" direction="Y" channelNumber="8" sensorLocation="PASMP" />
      <Assignment channelName="PASR Y" direction="Y" channelNumber="9" sensorLocation="PASMD" />
      <Assignment channelName="PPSR" direction="0" channelNumber="12" sensorLocation="PPSFD" />
      <Assignment channelName="PPSL" direction="0" channelNumber="11" sensorLocation="PPSFP" />
      <Assignment channelName="UFS X" direction="X" channelNumber="4" sensorLocation="UFSC" />
      <Assignment channelName="ZERO-Emulation" direction="" channelNumber="-1" sensorLocation="PASRC" />
    </crash>
    <crash crashcode="Single_EDR_Front_above_8kph_NoDeployment;5" crashversion="2016-09-08 13:22:39" assignmentComment="">
      <Assignment channelName="ZERO-Emulation" direction="" channelNumber="-1" sensorLocation="REF_DIS_X" />
      <Assignment channelName="ZERO-Emulation" direction="" channelNumber="-1" sensorLocation="REF_VEL_X" />
      <Assignment channelName="ZERO-Emulation" direction="" channelNumber="-1" sensorLocation="REF_ACC_X" />
      <Assignment channelName="ZERO-Emulation" direction="" channelNumber="-1" sensorLocation="REF_ACC_Y" />
      <Assignment channelName="ZERO-Emulation" direction="" channelNumber="-1" sensorLocation="REF_ACC_Z" />
      <Assignment channelName="ZERO-Emulation" direction="" channelNumber="-1" sensorLocation="REF_ANG_X" />
      <Assignment channelName="ZERO-Emulation" direction="" channelNumber="-1" sensorLocation="REF_RAT_X" />
      <Assignment channelName="ZERO-Emulation" direction="" channelNumber="-1" sensorLocation="REF_ANG_Y" />
      <Assignment channelName="ZERO-Emulation" direction="" channelNumber="-1" sensorLocation="REF_RAT_Y" />
      <Assignment channelName="ECU X" direction="X" channelNumber="1" sensorLocation="ax_highG_rd" />
      <Assignment channelName="ECUY_lowg" direction="Y" channelNumber="6" sensorLocation="ay_lowG" />
      <Assignment channelName="ECUZ_lowg" direction="Z" channelNumber="7" sensorLocation="az_lowG" />
      <Assignment channelName="ECU Y" direction="Y" channelNumber="5" sensorLocation="ay_highG_rd" />
      <Assignment channelName="ECUZ_lowg" direction="Z" channelNumber="7" sensorLocation="az_midG" />
      <Assignment channelName="Rollrate X" direction="X" channelNumber="3" sensorLocation="rateX" />
      <Assignment channelName="ZERO-Emulation" direction="" channelNumber="-1" sensorLocation="ay_midG" />
      <Assignment channelName="ZERO-Emulation" direction="" channelNumber="-1" sensorLocation="ax_midG" />
      <Assignment channelName="ZERO-Emulation" direction="" channelNumber="-1" sensorLocation="inertial_valid" />
      <Assignment channelName="ZERO-Emulation" direction="" channelNumber="-1" sensorLocation="rateZ" />
      <Assignment channelName="ECU Y" direction="Y" channelNumber="5" sensorLocation="ay_highG" />
      <Assignment channelName="ECU X" direction="X" channelNumber="1" sensorLocation="ax_highG" />
      <Assignment channelName="ZERO-Emulation" direction="" channelNumber="-1" sensorLocation="ax_lowG" />
      <Assignment channelName="UFS X" direction="X" channelNumber="4" sensorLocation="UFSD" />
      <Assignment channelName="UFS X" direction="X" channelNumber="4" sensorLocation="UFSP" />
      <Assignment channelName="PASR Y" direction="Y" channelNumber="9" sensorLocation="PASFD" />
      <Assignment channelName="PASL Y" direction="Y" channelNumber="8" sensorLocation="PASFP" />
      <Assignment channelName="PASL Y" direction="Y" channelNumber="8" sensorLocation="PASMP" />
      <Assignment channelName="PASR Y" direction="Y" channelNumber="9" sensorLocation="PASMD" />
      <Assignment channelName="PPSR" direction="0" channelNumber="12" sensorLocation="PPSFD" />
      <Assignment channelName="PPSL" direction="0" channelNumber="11" sensorLocation="PPSFP" />
      <Assignment channelName="UFS X" direction="X" channelNumber="4" sensorLocation="UFSC" />
      <Assignment channelName="ZERO-Emulation" direction="" channelNumber="-1" sensorLocation="PASRC" />
    </crash>
    <crash crashcode="Single_EDR_Side_above_8kph_NoDeployment;5" crashversion="2016-09-08 13:25:44" assignmentComment="">
      <Assignment channelName="ZERO-Emulation" direction="" channelNumber="-1" sensorLocation="REF_DIS_X" />
      <Assignment channelName="ZERO-Emulation" direction="" channelNumber="-1" sensorLocation="REF_VEL_X" />
      <Assignment channelName="ZERO-Emulation" direction="" channelNumber="-1" sensorLocation="REF_ACC_X" />
      <Assignment channelName="ZERO-Emulation" direction="" channelNumber="-1" sensorLocation="REF_ACC_Y" />
      <Assignment channelName="ZERO-Emulation" direction="" channelNumber="-1" sensorLocation="REF_ACC_Z" />
      <Assignment channelName="ZERO-Emulation" direction="" channelNumber="-1" sensorLocation="REF_ANG_X" />
      <Assignment channelName="ZERO-Emulation" direction="" channelNumber="-1" sensorLocation="REF_RAT_X" />
      <Assignment channelName="ZERO-Emulation" direction="" channelNumber="-1" sensorLocation="REF_ANG_Y" />
      <Assignment channelName="ZERO-Emulation" direction="" channelNumber="-1" sensorLocation="REF_RAT_Y" />
      <Assignment channelName="ECU X" direction="X" channelNumber="1" sensorLocation="ax_highG_rd" />
      <Assignment channelName="ECUY_lowg" direction="Y" channelNumber="6" sensorLocation="ay_lowG" />
      <Assignment channelName="ECUZ_lowg" direction="Z" channelNumber="7" sensorLocation="az_lowG" />
      <Assignment channelName="ECU Y" direction="Y" channelNumber="5" sensorLocation="ay_highG_rd" />
      <Assignment channelName="ECUZ_lowg" direction="Z" channelNumber="7" sensorLocation="az_midG" />
      <Assignment channelName="Rollrate X" direction="X" channelNumber="3" sensorLocation="rateX" />
      <Assignment channelName="ZERO-Emulation" direction="" channelNumber="-1" sensorLocation="ay_midG" />
      <Assignment channelName="ZERO-Emulation" direction="" channelNumber="-1" sensorLocation="ax_midG" />
      <Assignment channelName="ZERO-Emulation" direction="" channelNumber="-1" sensorLocation="inertial_valid" />
      <Assignment channelName="ZERO-Emulation" direction="" channelNumber="-1" sensorLocation="rateZ" />
      <Assignment channelName="ECU Y" direction="Y" channelNumber="5" sensorLocation="ay_highG" />
      <Assignment channelName="ECU X" direction="X" channelNumber="1" sensorLocation="ax_highG" />
      <Assignment channelName="ZERO-Emulation" direction="" channelNumber="-1" sensorLocation="ax_lowG" />
      <Assignment channelName="UFS X" direction="X" channelNumber="4" sensorLocation="UFSD" />
      <Assignment channelName="UFS X" direction="X" channelNumber="4" sensorLocation="UFSP" />
      <Assignment channelName="PASR Y" direction="Y" channelNumber="9" sensorLocation="PASFD" />
      <Assignment channelName="PASL Y" direction="Y" channelNumber="8" sensorLocation="PASFP" />
      <Assignment channelName="PASL Y" direction="Y" channelNumber="8" sensorLocation="PASMP" />
      <Assignment channelName="PASR Y" direction="Y" channelNumber="9" sensorLocation="PASMD" />
      <Assignment channelName="PPSR" direction="0" channelNumber="12" sensorLocation="PPSFD" />
      <Assignment channelName="PPSL" direction="0" channelNumber="11" sensorLocation="PPSFP" />
      <Assignment channelName="UFS X" direction="X" channelNumber="4" sensorLocation="UFSC" />
      <Assignment channelName="ZERO-Emulation" direction="" channelNumber="-1" sensorLocation="PASRC" />
    </crash>
    <crash crashcode="Single_EDR_Front_ND_step1g_2000Hz_480g" crashversion="2024-01-04 09:37:17" assignmentComment="">
      <Assignment channelName="ECU Y" direction="Y" channelNumber="7" sensorLocation="ay_highG" />
      <Assignment channelName="ECU X" direction="X" channelNumber="12" sensorLocation="ax_highG" />
      <Assignment channelName="ECU X" direction="X" channelNumber="12" sensorLocation="ax_highG_rd" />
      <Assignment channelName="ZERO-Emulation" direction="" channelNumber="-1" sensorLocation="ay_highG_rd" />
      <Assignment channelName="ZERO-Emulation" direction="" channelNumber="-1" sensorLocation="az_midG" />
      <Assignment channelName="ZERO-Emulation" direction="" channelNumber="-1" sensorLocation="ax_midG" />
      <Assignment channelName="ZERO-Emulation" direction="" channelNumber="-1" sensorLocation="ay_midG" />
      <Assignment channelName="ZERO-Emulation" direction="" channelNumber="-1" sensorLocation="ax_lowG" />
      <Assignment channelName="ZERO-Emulation" direction="" channelNumber="-1" sensorLocation="rateZ" />
      <Assignment channelName="ZERO-Emulation" direction="" channelNumber="-1" sensorLocation="inertial_valid" />
      <Assignment channelName="ZERO-Emulation" direction="" channelNumber="-1" sensorLocation="REF_DIS_X" />
      <Assignment channelName="ZERO-Emulation" direction="" channelNumber="-1" sensorLocation="REF_VEL_X" />
      <Assignment channelName="ZERO-Emulation" direction="" channelNumber="-1" sensorLocation="REF_ACC_X" />
      <Assignment channelName="ZERO-Emulation" direction="" channelNumber="-1" sensorLocation="REF_ACC_Y" />
      <Assignment channelName="ZERO-Emulation" direction="" channelNumber="-1" sensorLocation="REF_ACC_Z" />
      <Assignment channelName="ZERO-Emulation" direction="" channelNumber="-1" sensorLocation="REF_ANG_X" />
      <Assignment channelName="ZERO-Emulation" direction="" channelNumber="-1" sensorLocation="REF_RAT_X" />
      <Assignment channelName="ZERO-Emulation" direction="" channelNumber="-1" sensorLocation="REF_ANG_Y" />
      <Assignment channelName="ZERO-Emulation" direction="" channelNumber="-1" sensorLocation="REF_RAT_Y" />
      <Assignment channelName="ECUY_lowg" direction="Y" channelNumber="8" sensorLocation="ay_lowG" />
      <Assignment channelName="ECUZ_lowg" direction="Z" channelNumber="9" sensorLocation="az_lowG" />
      <Assignment channelName="Rollrate X" direction="X" channelNumber="2" sensorLocation="rateX" />
      <Assignment channelName="UFS X-480" direction="X" channelNumber="1" sensorLocation="UFSD" />
      <Assignment channelName="UFS X-480" direction="X" channelNumber="1" sensorLocation="UFSP" />
      <Assignment channelName="PASR Y" direction="Y" channelNumber="5" sensorLocation="PASFD" />
      <Assignment channelName="PASL Y" direction="Y" channelNumber="4" sensorLocation="PASFP" />
      <Assignment channelName="PASR Y" direction="Y" channelNumber="5" sensorLocation="PASMD" />
      <Assignment channelName="PASL Y" direction="Y" channelNumber="4" sensorLocation="PASMP" />
      <Assignment channelName="PPSR" direction="0" channelNumber="10" sensorLocation="PPSFD" />
      <Assignment channelName="PPSL" direction="0" channelNumber="6" sensorLocation="PPSFP" />
      <Assignment channelName="UFS X-480" direction="X" channelNumber="1" sensorLocation="UFSC" />
      <Assignment channelName="ZERO-Emulation" direction="" channelNumber="-1" sensorLocation="PASRC" />
    </crash>
    <crash crashcode="Single_EDR_Front_Inflatable;5_UFS-480g;1" crashversion="2024-01-05 11:22:21" assignmentComment="">
      <Assignment channelName="ECU X" direction="X" channelNumber="5" sensorLocation="ax_highG" />
      <Assignment channelName="ECU X" direction="X" channelNumber="5" sensorLocation="ax_highG_rd" />
      <Assignment channelName="ECU Y" direction="Y" channelNumber="8" sensorLocation="ay_highG" />
      <Assignment channelName="ECUY_lowg" direction="Y" channelNumber="9" sensorLocation="ay_lowG" />
      <Assignment channelName="ECUZ_lowg" direction="Z" channelNumber="12" sensorLocation="az_lowG" />
      <Assignment channelName="Rollrate X" direction="X" channelNumber="4" sensorLocation="rateX" />
      <Assignment channelName="ZERO-Emulation" direction="" channelNumber="-1" sensorLocation="ay_highG_rd" />
      <Assignment channelName="ZERO-Emulation" direction="" channelNumber="-1" sensorLocation="az_midG" />
      <Assignment channelName="ZERO-Emulation" direction="" channelNumber="-1" sensorLocation="ax_midG" />
      <Assignment channelName="ZERO-Emulation" direction="" channelNumber="-1" sensorLocation="ay_midG" />
      <Assignment channelName="ZERO-Emulation" direction="" channelNumber="-1" sensorLocation="ax_lowG" />
      <Assignment channelName="ZERO-Emulation" direction="" channelNumber="-1" sensorLocation="rateZ" />
      <Assignment channelName="ZERO-Emulation" direction="" channelNumber="-1" sensorLocation="inertial_valid" />
      <Assignment channelName="ZERO-Emulation" direction="" channelNumber="-1" sensorLocation="REF_DIS_X" />
      <Assignment channelName="ZERO-Emulation" direction="" channelNumber="-1" sensorLocation="REF_VEL_X" />
      <Assignment channelName="ZERO-Emulation" direction="" channelNumber="-1" sensorLocation="REF_ACC_X" />
      <Assignment channelName="ZERO-Emulation" direction="" channelNumber="-1" sensorLocation="REF_ACC_Y" />
      <Assignment channelName="ZERO-Emulation" direction="" channelNumber="-1" sensorLocation="REF_ACC_Z" />
      <Assignment channelName="ZERO-Emulation" direction="" channelNumber="-1" sensorLocation="REF_ANG_X" />
      <Assignment channelName="ZERO-Emulation" direction="" channelNumber="-1" sensorLocation="REF_RAT_X" />
      <Assignment channelName="ZERO-Emulation" direction="" channelNumber="-1" sensorLocation="REF_ANG_Y" />
      <Assignment channelName="ZERO-Emulation" direction="" channelNumber="-1" sensorLocation="REF_RAT_Y" />
      <Assignment channelName="UFS X" direction="X" channelNumber="7" sensorLocation="UFSD" />
      <Assignment channelName="UFS X" direction="X" channelNumber="7" sensorLocation="UFSP" />
      <Assignment channelName="PASR Y" direction="Y" channelNumber="11" sensorLocation="PASFD" />
      <Assignment channelName="PASL Y" direction="Y" channelNumber="10" sensorLocation="PASFP" />
      <Assignment channelName="PASR Y" direction="Y" channelNumber="11" sensorLocation="PASMD" />
      <Assignment channelName="PASL Y" direction="Y" channelNumber="10" sensorLocation="PASMP" />
      <Assignment channelName="PPSR" direction="0" channelNumber="2" sensorLocation="PPSFD" />
      <Assignment channelName="PPSL" direction="0" channelNumber="1" sensorLocation="PPSFP" />
      <Assignment channelName="UFS X" direction="X" channelNumber="7" sensorLocation="UFSC" />
      <Assignment channelName="ZERO-Emulation" direction="" channelNumber="-1" sensorLocation="PASRC" />
    </crash>
    <crash crashcode="Single_EDR_Rear_NonInflatable;5_UFS_480g;1" crashversion="2024-01-05 11:28:24" assignmentComment="">
      <Assignment channelName="ECU X" direction="X" channelNumber="5" sensorLocation="ax_highG" />
      <Assignment channelName="ECU X" direction="X" channelNumber="5" sensorLocation="ax_highG_rd" />
      <Assignment channelName="ECU Y" direction="Y" channelNumber="8" sensorLocation="ay_highG" />
      <Assignment channelName="Rollrate X" direction="X" channelNumber="4" sensorLocation="rateX" />
      <Assignment channelName="ECUY_lowg" direction="Y" channelNumber="9" sensorLocation="ay_lowG" />
      <Assignment channelName="ECUZ_lowg" direction="Z" channelNumber="12" sensorLocation="az_lowG" />
      <Assignment channelName="ZERO-Emulation" direction="" channelNumber="-1" sensorLocation="ay_highG_rd" />
      <Assignment channelName="ZERO-Emulation" direction="" channelNumber="-1" sensorLocation="az_midG" />
      <Assignment channelName="ZERO-Emulation" direction="" channelNumber="-1" sensorLocation="ax_midG" />
      <Assignment channelName="ZERO-Emulation" direction="" channelNumber="-1" sensorLocation="ay_midG" />
      <Assignment channelName="ZERO-Emulation" direction="" channelNumber="-1" sensorLocation="ax_lowG" />
      <Assignment channelName="ZERO-Emulation" direction="" channelNumber="-1" sensorLocation="rateZ" />
      <Assignment channelName="ZERO-Emulation" direction="" channelNumber="-1" sensorLocation="inertial_valid" />
      <Assignment channelName="ZERO-Emulation" direction="" channelNumber="-1" sensorLocation="REF_DIS_X" />
      <Assignment channelName="ZERO-Emulation" direction="" channelNumber="-1" sensorLocation="REF_VEL_X" />
      <Assignment channelName="ZERO-Emulation" direction="" channelNumber="-1" sensorLocation="REF_ACC_X" />
      <Assignment channelName="ZERO-Emulation" direction="" channelNumber="-1" sensorLocation="REF_ACC_Y" />
      <Assignment channelName="ZERO-Emulation" direction="" channelNumber="-1" sensorLocation="REF_ACC_Z" />
      <Assignment channelName="ZERO-Emulation" direction="" channelNumber="-1" sensorLocation="REF_ANG_X" />
      <Assignment channelName="ZERO-Emulation" direction="" channelNumber="-1" sensorLocation="REF_RAT_X" />
      <Assignment channelName="ZERO-Emulation" direction="" channelNumber="-1" sensorLocation="REF_ANG_Y" />
      <Assignment channelName="ZERO-Emulation" direction="" channelNumber="-1" sensorLocation="REF_RAT_Y" />
      <Assignment channelName="UFS X" direction="X" channelNumber="7" sensorLocation="UFSD" />
      <Assignment channelName="UFS X" direction="X" channelNumber="7" sensorLocation="UFSP" />
      <Assignment channelName="PASR Y" direction="Y" channelNumber="11" sensorLocation="PASFD" />
      <Assignment channelName="PASL Y" direction="Y" channelNumber="10" sensorLocation="PASFP" />
      <Assignment channelName="PASR Y" direction="Y" channelNumber="11" sensorLocation="PASMD" />
      <Assignment channelName="PASL Y" direction="Y" channelNumber="10" sensorLocation="PASMP" />
      <Assignment channelName="PPSR" direction="0" channelNumber="2" sensorLocation="PPSFD" />
      <Assignment channelName="PPSL" direction="0" channelNumber="1" sensorLocation="PPSFP" />
      <Assignment channelName="UFS X" direction="X" channelNumber="7" sensorLocation="UFSC" />
      <Assignment channelName="ZERO-Emulation" direction="" channelNumber="-1" sensorLocation="PASRC" />
    </crash>
    <crash crashcode="Parallel_EDR_Front_Inflate_SideLeft_Inflate;5" crashversion="2016-09-08 13:20:25" assignmentComment="">
      <Assignment channelName="ZERO-Emulation" direction="" channelNumber="-1" sensorLocation="REF_DIS_X" />
      <Assignment channelName="ZERO-Emulation" direction="" channelNumber="-1" sensorLocation="REF_VEL_X" />
      <Assignment channelName="ZERO-Emulation" direction="" channelNumber="-1" sensorLocation="REF_ACC_X" />
      <Assignment channelName="ZERO-Emulation" direction="" channelNumber="-1" sensorLocation="REF_ACC_Y" />
      <Assignment channelName="ZERO-Emulation" direction="" channelNumber="-1" sensorLocation="REF_ACC_Z" />
      <Assignment channelName="ZERO-Emulation" direction="" channelNumber="-1" sensorLocation="REF_ANG_X" />
      <Assignment channelName="ZERO-Emulation" direction="" channelNumber="-1" sensorLocation="REF_RAT_X" />
      <Assignment channelName="ZERO-Emulation" direction="" channelNumber="-1" sensorLocation="REF_ANG_Y" />
      <Assignment channelName="ZERO-Emulation" direction="" channelNumber="-1" sensorLocation="REF_RAT_Y" />
      <Assignment channelName="ECU X" direction="X" channelNumber="1" sensorLocation="ax_highG_rd" />
      <Assignment channelName="ECUY_lowg" direction="Y" channelNumber="6" sensorLocation="ay_lowG" />
      <Assignment channelName="ECUZ_lowg" direction="Z" channelNumber="7" sensorLocation="az_lowG" />
      <Assignment channelName="ECU Y" direction="Y" channelNumber="5" sensorLocation="ay_highG_rd" />
      <Assignment channelName="ECUZ_lowg" direction="Z" channelNumber="7" sensorLocation="az_midG" />
      <Assignment channelName="Rollrate X" direction="X" channelNumber="3" sensorLocation="rateX" />
      <Assignment channelName="ZERO-Emulation" direction="" channelNumber="-1" sensorLocation="ay_midG" />
      <Assignment channelName="ZERO-Emulation" direction="" channelNumber="-1" sensorLocation="ax_midG" />
      <Assignment channelName="ZERO-Emulation" direction="" channelNumber="-1" sensorLocation="inertial_valid" />
      <Assignment channelName="ZERO-Emulation" direction="" channelNumber="-1" sensorLocation="rateZ" />
      <Assignment channelName="ECU Y" direction="Y" channelNumber="5" sensorLocation="ay_highG" />
      <Assignment channelName="ECU X" direction="X" channelNumber="1" sensorLocation="ax_highG" />
      <Assignment channelName="ZERO-Emulation" direction="" channelNumber="-1" sensorLocation="ax_lowG" />
      <Assignment channelName="UFS X" direction="X" channelNumber="4" sensorLocation="UFSD" />
      <Assignment channelName="UFS X" direction="X" channelNumber="4" sensorLocation="UFSP" />
      <Assignment channelName="PASR Y" direction="Y" channelNumber="9" sensorLocation="PASFD" />
      <Assignment channelName="PASL Y" direction="Y" channelNumber="8" sensorLocation="PASFP" />
      <Assignment channelName="PASL Y" direction="Y" channelNumber="8" sensorLocation="PASMP" />
      <Assignment channelName="PASR Y" direction="Y" channelNumber="9" sensorLocation="PASMD" />
      <Assignment channelName="PPSR" direction="0" channelNumber="12" sensorLocation="PPSFD" />
      <Assignment channelName="PPSL" direction="0" channelNumber="11" sensorLocation="PPSFP" />
      <Assignment channelName="UFS X" direction="X" channelNumber="4" sensorLocation="UFSC" />
      <Assignment channelName="ZERO-Emulation" direction="" channelNumber="-1" sensorLocation="PASRC" />
    </crash>
    <crash crashcode="Multi_EDR_RollrateSinus_FrontAD_8sec;1" crashversion="2018-02-28 16:33:58" assignmentComment="">
      <Assignment channelName="ZERO-Emulation" direction="" channelNumber="-1" sensorLocation="REF_DIS_X" />
      <Assignment channelName="ZERO-Emulation" direction="" channelNumber="-1" sensorLocation="REF_VEL_X" />
      <Assignment channelName="ZERO-Emulation" direction="" channelNumber="-1" sensorLocation="REF_ACC_X" />
      <Assignment channelName="ZERO-Emulation" direction="" channelNumber="-1" sensorLocation="REF_ACC_Y" />
      <Assignment channelName="ZERO-Emulation" direction="" channelNumber="-1" sensorLocation="REF_ACC_Z" />
      <Assignment channelName="ZERO-Emulation" direction="" channelNumber="-1" sensorLocation="REF_ANG_X" />
      <Assignment channelName="ZERO-Emulation" direction="" channelNumber="-1" sensorLocation="REF_RAT_X" />
      <Assignment channelName="ZERO-Emulation" direction="" channelNumber="-1" sensorLocation="REF_ANG_Y" />
      <Assignment channelName="ZERO-Emulation" direction="" channelNumber="-1" sensorLocation="REF_RAT_Y" />
      <Assignment channelName="ECU X" direction="X" channelNumber="1" sensorLocation="ax_highG" />
      <Assignment channelName="ECU Y" direction="Y" channelNumber="2" sensorLocation="ay_highG" />
      <Assignment channelName="ECU X" direction="X" channelNumber="1" sensorLocation="ax_highG_rd" />
      <Assignment channelName="ECU Y" direction="Y" channelNumber="2" sensorLocation="ay_highG_rd" />
      <Assignment channelName="ECUY_lowg" direction="Y" channelNumber="3" sensorLocation="ay_lowG" />
      <Assignment channelName="ECUZ_lowg" direction="Z" channelNumber="4" sensorLocation="az_lowG" />
      <Assignment channelName="ZERO-Emulation" direction="" channelNumber="-1" sensorLocation="az_midG" />
      <Assignment channelName="ZERO-Emulation" direction="" channelNumber="-1" sensorLocation="ax_midG" />
      <Assignment channelName="ZERO-Emulation" direction="" channelNumber="-1" sensorLocation="ay_midG" />
      <Assignment channelName="ZERO-Emulation" direction="" channelNumber="-1" sensorLocation="ax_lowG" />
      <Assignment channelName="ZERO-Emulation" direction="" channelNumber="-1" sensorLocation="rateZ" />
      <Assignment channelName="ZERO-Emulation" direction="" channelNumber="-1" sensorLocation="inertial_valid" />
      <Assignment channelName="Rollrate X" direction="X" channelNumber="5" sensorLocation="rateX" />
      <Assignment channelName="UFS X" direction="X" channelNumber="10" sensorLocation="UFSD" />
      <Assignment channelName="UFS X" direction="X" channelNumber="10" sensorLocation="UFSP" />
      <Assignment channelName="PASR Y" direction="Y" channelNumber="7" sensorLocation="PASFD" />
      <Assignment channelName="PASL Y" direction="Y" channelNumber="6" sensorLocation="PASFP" />
      <Assignment channelName="PASL Y" direction="Y" channelNumber="6" sensorLocation="PASMP" />
      <Assignment channelName="PASR Y" direction="Y" channelNumber="7" sensorLocation="PASMD" />
      <Assignment channelName="PPSR" direction="0" channelNumber="9" sensorLocation="PPSFD" />
      <Assignment channelName="PPSL" direction="0" channelNumber="8" sensorLocation="PPSFP" />
      <Assignment channelName="UFS X" direction="X" channelNumber="10" sensorLocation="UFSC" />
      <Assignment channelName="ZERO-Emulation" direction="" channelNumber="-1" sensorLocation="PASRC" />
    </crash>
    <crash crashcode="Multi_EDR_FrontNAD_SideDriverND;5" crashversion="2016-09-08 13:21:38" assignmentComment="">
      <Assignment channelName="ZERO-Emulation" direction="" channelNumber="-1" sensorLocation="REF_DIS_X" />
      <Assignment channelName="ZERO-Emulation" direction="" channelNumber="-1" sensorLocation="REF_VEL_X" />
      <Assignment channelName="ZERO-Emulation" direction="" channelNumber="-1" sensorLocation="REF_ACC_X" />
      <Assignment channelName="ZERO-Emulation" direction="" channelNumber="-1" sensorLocation="REF_ACC_Y" />
      <Assignment channelName="ZERO-Emulation" direction="" channelNumber="-1" sensorLocation="REF_ACC_Z" />
      <Assignment channelName="ZERO-Emulation" direction="" channelNumber="-1" sensorLocation="REF_ANG_X" />
      <Assignment channelName="ZERO-Emulation" direction="" channelNumber="-1" sensorLocation="REF_RAT_X" />
      <Assignment channelName="ZERO-Emulation" direction="" channelNumber="-1" sensorLocation="REF_ANG_Y" />
      <Assignment channelName="ZERO-Emulation" direction="" channelNumber="-1" sensorLocation="REF_RAT_Y" />
      <Assignment channelName="ECU X" direction="X" channelNumber="1" sensorLocation="ax_highG_rd" />
      <Assignment channelName="ECUY_lowg" direction="Y" channelNumber="6" sensorLocation="ay_lowG" />
      <Assignment channelName="ECUZ_lowg" direction="Z" channelNumber="7" sensorLocation="az_lowG" />
      <Assignment channelName="ECU Y" direction="Y" channelNumber="5" sensorLocation="ay_highG_rd" />
      <Assignment channelName="ECUZ_lowg" direction="Z" channelNumber="7" sensorLocation="az_midG" />
      <Assignment channelName="Rollrate X" direction="X" channelNumber="3" sensorLocation="rateX" />
      <Assignment channelName="ZERO-Emulation" direction="" channelNumber="-1" sensorLocation="ay_midG" />
      <Assignment channelName="ZERO-Emulation" direction="" channelNumber="-1" sensorLocation="ax_midG" />
      <Assignment channelName="ZERO-Emulation" direction="" channelNumber="-1" sensorLocation="inertial_valid" />
      <Assignment channelName="ZERO-Emulation" direction="" channelNumber="-1" sensorLocation="rateZ" />
      <Assignment channelName="ECU Y" direction="Y" channelNumber="5" sensorLocation="ay_highG" />
      <Assignment channelName="ECU X" direction="X" channelNumber="1" sensorLocation="ax_highG" />
      <Assignment channelName="ZERO-Emulation" direction="" channelNumber="-1" sensorLocation="ax_lowG" />
      <Assignment channelName="UFS X" direction="X" channelNumber="4" sensorLocation="UFSD" />
      <Assignment channelName="UFS X" direction="X" channelNumber="4" sensorLocation="UFSP" />
      <Assignment channelName="PASR Y" direction="Y" channelNumber="9" sensorLocation="PASFD" />
      <Assignment channelName="PASL Y" direction="Y" channelNumber="8" sensorLocation="PASFP" />
      <Assignment channelName="PASL Y" direction="Y" channelNumber="8" sensorLocation="PASMP" />
      <Assignment channelName="PASR Y" direction="Y" channelNumber="9" sensorLocation="PASMD" />
      <Assignment channelName="PPSR" direction="0" channelNumber="12" sensorLocation="PPSFD" />
      <Assignment channelName="PPSL" direction="0" channelNumber="11" sensorLocation="PPSFP" />
      <Assignment channelName="UFS X" direction="X" channelNumber="4" sensorLocation="UFSC" />
      <Assignment channelName="ZERO-Emulation" direction="" channelNumber="-1" sensorLocation="PASRC" />
    </crash>
    <crash crashcode="Multi_EDR_FrontND_SideNoise_FrontAD;5" crashversion="2016-09-08 13:30:59" assignmentComment="">
      <Assignment channelName="ZERO-Emulation" direction="" channelNumber="-1" sensorLocation="REF_DIS_X" />
      <Assignment channelName="ZERO-Emulation" direction="" channelNumber="-1" sensorLocation="REF_VEL_X" />
      <Assignment channelName="ZERO-Emulation" direction="" channelNumber="-1" sensorLocation="REF_ACC_X" />
      <Assignment channelName="ZERO-Emulation" direction="" channelNumber="-1" sensorLocation="REF_ACC_Y" />
      <Assignment channelName="ZERO-Emulation" direction="" channelNumber="-1" sensorLocation="REF_ACC_Z" />
      <Assignment channelName="ZERO-Emulation" direction="" channelNumber="-1" sensorLocation="REF_ANG_X" />
      <Assignment channelName="ZERO-Emulation" direction="" channelNumber="-1" sensorLocation="REF_RAT_X" />
      <Assignment channelName="ZERO-Emulation" direction="" channelNumber="-1" sensorLocation="REF_ANG_Y" />
      <Assignment channelName="ZERO-Emulation" direction="" channelNumber="-1" sensorLocation="REF_RAT_Y" />
      <Assignment channelName="ECU X" direction="X" channelNumber="1" sensorLocation="ax_highG_rd" />
      <Assignment channelName="ECUY_lowg" direction="Y" channelNumber="3" sensorLocation="ay_lowG" />
      <Assignment channelName="ECUZ_lowg" direction="Z" channelNumber="4" sensorLocation="az_lowG" />
      <Assignment channelName="ECU Y" direction="Y" channelNumber="2" sensorLocation="ay_highG_rd" />
      <Assignment channelName="ECUZ_lowg" direction="Z" channelNumber="4" sensorLocation="az_midG" />
      <Assignment channelName="Rollrate X" direction="X" channelNumber="11" sensorLocation="rateX" />
      <Assignment channelName="ZERO-Emulation" direction="" channelNumber="-1" sensorLocation="ay_midG" />
      <Assignment channelName="ZERO-Emulation" direction="" channelNumber="-1" sensorLocation="ax_midG" />
      <Assignment channelName="ZERO-Emulation" direction="" channelNumber="-1" sensorLocation="inertial_valid" />
      <Assignment channelName="ZERO-Emulation" direction="" channelNumber="-1" sensorLocation="rateZ" />
      <Assignment channelName="ECU Y" direction="Y" channelNumber="2" sensorLocation="ay_highG" />
      <Assignment channelName="ECU X" direction="X" channelNumber="1" sensorLocation="ax_highG" />
      <Assignment channelName="ZERO-Emulation" direction="" channelNumber="-1" sensorLocation="ax_lowG" />
      <Assignment channelName="UFS X" direction="X" channelNumber="12" sensorLocation="UFSD" />
      <Assignment channelName="UFS X" direction="X" channelNumber="12" sensorLocation="UFSP" />
      <Assignment channelName="PASR Y" direction="Y" channelNumber="6" sensorLocation="PASFD" />
      <Assignment channelName="PASL Y" direction="Y" channelNumber="5" sensorLocation="PASFP" />
      <Assignment channelName="PASL Y" direction="Y" channelNumber="5" sensorLocation="PASMP" />
      <Assignment channelName="PASR Y" direction="Y" channelNumber="6" sensorLocation="PASMD" />
      <Assignment channelName="PPSR" direction="0" channelNumber="9" sensorLocation="PPSFD" />
      <Assignment channelName="PPSL" direction="0" channelNumber="8" sensorLocation="PPSFP" />
      <Assignment channelName="UFS X" direction="X" channelNumber="12" sensorLocation="UFSC" />
      <Assignment channelName="ZERO-Emulation" direction="" channelNumber="-1" sensorLocation="PASRC" />
    </crash>
    <crash crashcode="Multi_EDR_SideLeftAD_FrontAD_SideRightAD;5" crashversion="2016-09-08 13:21:32" assignmentComment="">
      <Assignment channelName="ZERO-Emulation" direction="" channelNumber="-1" sensorLocation="REF_DIS_X" />
      <Assignment channelName="ZERO-Emulation" direction="" channelNumber="-1" sensorLocation="REF_VEL_X" />
      <Assignment channelName="ZERO-Emulation" direction="" channelNumber="-1" sensorLocation="REF_ACC_X" />
      <Assignment channelName="ZERO-Emulation" direction="" channelNumber="-1" sensorLocation="REF_ACC_Y" />
      <Assignment channelName="ZERO-Emulation" direction="" channelNumber="-1" sensorLocation="REF_ACC_Z" />
      <Assignment channelName="ZERO-Emulation" direction="" channelNumber="-1" sensorLocation="REF_ANG_X" />
      <Assignment channelName="ZERO-Emulation" direction="" channelNumber="-1" sensorLocation="REF_RAT_X" />
      <Assignment channelName="ZERO-Emulation" direction="" channelNumber="-1" sensorLocation="REF_ANG_Y" />
      <Assignment channelName="ZERO-Emulation" direction="" channelNumber="-1" sensorLocation="REF_RAT_Y" />
      <Assignment channelName="ECU X" direction="X" channelNumber="1" sensorLocation="ax_highG_rd" />
      <Assignment channelName="ECUY_lowg" direction="Y" channelNumber="3" sensorLocation="ay_lowG" />
      <Assignment channelName="ECUZ_lowg" direction="Z" channelNumber="4" sensorLocation="az_lowG" />
      <Assignment channelName="ECU Y" direction="Y" channelNumber="2" sensorLocation="ay_highG_rd" />
      <Assignment channelName="ECUZ_lowg" direction="Z" channelNumber="4" sensorLocation="az_midG" />
      <Assignment channelName="Rollrate X" direction="X" channelNumber="11" sensorLocation="rateX" />
      <Assignment channelName="ZERO-Emulation" direction="" channelNumber="-1" sensorLocation="ay_midG" />
      <Assignment channelName="ZERO-Emulation" direction="" channelNumber="-1" sensorLocation="ax_midG" />
      <Assignment channelName="ZERO-Emulation" direction="" channelNumber="-1" sensorLocation="inertial_valid" />
      <Assignment channelName="ZERO-Emulation" direction="" channelNumber="-1" sensorLocation="rateZ" />
      <Assignment channelName="ECU Y" direction="Y" channelNumber="2" sensorLocation="ay_highG" />
      <Assignment channelName="ECU X" direction="X" channelNumber="1" sensorLocation="ax_highG" />
      <Assignment channelName="ZERO-Emulation" direction="" channelNumber="-1" sensorLocation="ax_lowG" />
      <Assignment channelName="UFS X" direction="X" channelNumber="12" sensorLocation="UFSD" />
      <Assignment channelName="UFS X" direction="X" channelNumber="12" sensorLocation="UFSP" />
      <Assignment channelName="PASR Y" direction="Y" channelNumber="6" sensorLocation="PASFD" />
      <Assignment channelName="PASL Y" direction="Y" channelNumber="5" sensorLocation="PASFP" />
      <Assignment channelName="PASL Y" direction="Y" channelNumber="5" sensorLocation="PASMP" />
      <Assignment channelName="PASR Y" direction="Y" channelNumber="6" sensorLocation="PASMD" />
      <Assignment channelName="PPSR" direction="0" channelNumber="9" sensorLocation="PPSFD" />
      <Assignment channelName="PPSL" direction="0" channelNumber="8" sensorLocation="PPSFP" />
      <Assignment channelName="UFS X" direction="X" channelNumber="12" sensorLocation="UFSC" />
      <Assignment channelName="ZERO-Emulation" direction="" channelNumber="-1" sensorLocation="PASRC" />
    </crash>
    <crash crashcode="Multi_EDR_Side_before5s_Front;5" crashversion="2016-09-08 13:21:31" assignmentComment="">
      <Assignment channelName="ZERO-Emulation" direction="" channelNumber="-1" sensorLocation="REF_DIS_X" />
      <Assignment channelName="ZERO-Emulation" direction="" channelNumber="-1" sensorLocation="REF_VEL_X" />
      <Assignment channelName="ZERO-Emulation" direction="" channelNumber="-1" sensorLocation="REF_ACC_X" />
      <Assignment channelName="ZERO-Emulation" direction="" channelNumber="-1" sensorLocation="REF_ACC_Y" />
      <Assignment channelName="ZERO-Emulation" direction="" channelNumber="-1" sensorLocation="REF_ACC_Z" />
      <Assignment channelName="ZERO-Emulation" direction="" channelNumber="-1" sensorLocation="REF_ANG_X" />
      <Assignment channelName="ZERO-Emulation" direction="" channelNumber="-1" sensorLocation="REF_RAT_X" />
      <Assignment channelName="ZERO-Emulation" direction="" channelNumber="-1" sensorLocation="REF_ANG_Y" />
      <Assignment channelName="ZERO-Emulation" direction="" channelNumber="-1" sensorLocation="REF_RAT_Y" />
      <Assignment channelName="ECU X" direction="X" channelNumber="1" sensorLocation="ax_highG_rd" />
      <Assignment channelName="ECUY_lowg" direction="Y" channelNumber="3" sensorLocation="ay_lowG" />
      <Assignment channelName="ECUZ_lowg" direction="Z" channelNumber="4" sensorLocation="az_lowG" />
      <Assignment channelName="ECU Y" direction="Y" channelNumber="2" sensorLocation="ay_highG_rd" />
      <Assignment channelName="ECUZ_lowg" direction="Z" channelNumber="4" sensorLocation="az_midG" />
      <Assignment channelName="Rollrate X" direction="X" channelNumber="11" sensorLocation="rateX" />
      <Assignment channelName="ZERO-Emulation" direction="" channelNumber="-1" sensorLocation="ay_midG" />
      <Assignment channelName="ZERO-Emulation" direction="" channelNumber="-1" sensorLocation="ax_midG" />
      <Assignment channelName="ZERO-Emulation" direction="" channelNumber="-1" sensorLocation="inertial_valid" />
      <Assignment channelName="ZERO-Emulation" direction="" channelNumber="-1" sensorLocation="rateZ" />
      <Assignment channelName="ECU Y" direction="Y" channelNumber="2" sensorLocation="ay_highG" />
      <Assignment channelName="ECU X" direction="X" channelNumber="1" sensorLocation="ax_highG" />
      <Assignment channelName="ZERO-Emulation" direction="" channelNumber="-1" sensorLocation="ax_lowG" />
      <Assignment channelName="UFS X" direction="X" channelNumber="12" sensorLocation="UFSD" />
      <Assignment channelName="UFS X" direction="X" channelNumber="12" sensorLocation="UFSP" />
      <Assignment channelName="PASR Y" direction="Y" channelNumber="6" sensorLocation="PASFD" />
      <Assignment channelName="PASL Y" direction="Y" channelNumber="5" sensorLocation="PASFP" />
      <Assignment channelName="PASL Y" direction="Y" channelNumber="5" sensorLocation="PASMP" />
      <Assignment channelName="PASR Y" direction="Y" channelNumber="6" sensorLocation="PASMD" />
      <Assignment channelName="PPSR" direction="0" channelNumber="9" sensorLocation="PPSFD" />
      <Assignment channelName="PPSL" direction="0" channelNumber="8" sensorLocation="PPSFP" />
      <Assignment channelName="UFS X" direction="X" channelNumber="12" sensorLocation="UFSC" />
      <Assignment channelName="ZERO-Emulation" direction="" channelNumber="-1" sensorLocation="PASRC" />
    </crash>
    <crash crashcode="Single_EDR_Front_Inflatable;5_Diff_UFS" crashversion="2024-01-04 09:09:03" assignmentComment="">
      <Assignment channelName="ECU X" direction="X" channelNumber="4" sensorLocation="ax_highG" />
      <Assignment channelName="ECU X" direction="X" channelNumber="4" sensorLocation="ax_highG_rd" />
      <Assignment channelName="ECU Y" direction="Y" channelNumber="10" sensorLocation="ay_highG" />
      <Assignment channelName="ZERO-Emulation" direction="" channelNumber="-1" sensorLocation="ay_highG_rd" />
      <Assignment channelName="ZERO-Emulation" direction="" channelNumber="-1" sensorLocation="az_midG" />
      <Assignment channelName="ZERO-Emulation" direction="" channelNumber="-1" sensorLocation="ax_midG" />
      <Assignment channelName="ZERO-Emulation" direction="" channelNumber="-1" sensorLocation="ax_lowG" />
      <Assignment channelName="ZERO-Emulation" direction="" channelNumber="-1" sensorLocation="rateZ" />
      <Assignment channelName="ZERO-Emulation" direction="" channelNumber="-1" sensorLocation="inertial_valid" />
      <Assignment channelName="ZERO-Emulation" direction="" channelNumber="-1" sensorLocation="REF_DIS_X" />
      <Assignment channelName="ZERO-Emulation" direction="" channelNumber="-1" sensorLocation="REF_VEL_X" />
      <Assignment channelName="ZERO-Emulation" direction="" channelNumber="-1" sensorLocation="REF_ACC_X" />
      <Assignment channelName="ZERO-Emulation" direction="" channelNumber="-1" sensorLocation="REF_ACC_Y" />
      <Assignment channelName="ZERO-Emulation" direction="" channelNumber="-1" sensorLocation="REF_ACC_Z" />
      <Assignment channelName="ZERO-Emulation" direction="" channelNumber="-1" sensorLocation="REF_ANG_X" />
      <Assignment channelName="ZERO-Emulation" direction="" channelNumber="-1" sensorLocation="REF_RAT_X" />
      <Assignment channelName="ZERO-Emulation" direction="" channelNumber="-1" sensorLocation="REF_ANG_Y" />
      <Assignment channelName="ZERO-Emulation" direction="" channelNumber="-1" sensorLocation="REF_RAT_Y" />
      <Assignment channelName="Rollrate X" direction="X" channelNumber="6" sensorLocation="rateX" />
      <Assignment channelName="ZERO-Emulation" direction="" channelNumber="-1" sensorLocation="ay_midG" />
      <Assignment channelName="ECUY_lowg" direction="Y" channelNumber="11" sensorLocation="ay_lowG" />
      <Assignment channelName="ECUZ_lowg" direction="Z" channelNumber="14" sensorLocation="az_lowG" />
      <Assignment channelName="UFS P" direction="X" channelNumber="9" sensorLocation="UFSD" />
      <Assignment channelName="UFS D" direction="X" channelNumber="7" sensorLocation="UFSP" />
      <Assignment channelName="PASR Y" direction="Y" channelNumber="13" sensorLocation="PASFD" />
      <Assignment channelName="PASL Y" direction="Y" channelNumber="12" sensorLocation="PASFP" />
      <Assignment channelName="PASR Y" direction="Y" channelNumber="13" sensorLocation="PASMD" />
      <Assignment channelName="PASL Y" direction="Y" channelNumber="12" sensorLocation="PASMP" />
      <Assignment channelName="PPSR" direction="0" channelNumber="2" sensorLocation="PPSFD" />
      <Assignment channelName="PPSL" direction="0" channelNumber="1" sensorLocation="PPSFP" />
      <Assignment channelName="UFS C" direction="X" channelNumber="8" sensorLocation="UFSC" />
      <Assignment channelName="ZERO-Emulation" direction="" channelNumber="-1" sensorLocation="PASRC" />
    </crash>
  </Assignments>
</AssignmentList>
